2024-10-21T22:48:30.843+07:00  INFO 8052 --- [restartedMain] [account-service,,]c.c.c.ConfigServicePropertySourceLocator : Fetching config from server at : http://localhost:8888
2024-10-21T22:48:30.880+07:00  INFO 8052 --- [restartedMain] [account-service,,]c.c.c.ConfigServicePropertySourceLocator : Located environment: name=account-service, profiles=[default], label=null, version=null, state=null
2024-10-21T22:48:30.881+07:00  INFO 8052 --- [restartedMain] [account-service,,]b.c.PropertySourceBootstrapConfiguration : Located property source: [BootstrapPropertySource {name='bootstrapProperties-configClient'}, BootstrapPropertySource {name='bootstrapProperties-classpath:/shared/account-service.properties'}, BootstrapPropertySource {name='bootstrapProperties-classpath:/shared/application.properties'}]
2024-10-21T22:48:30.889+07:00  INFO 8052 --- [restartedMain] [account-service,,]j.i.a.AccountserviceApplication          : No active profile set, falling back to 1 default profile: "default"
2024-10-21T22:48:30.898+07:00  INFO 8052 --- [restartedMain] [account-service,,]o.s.c.c.c.ConfigServerConfigDataLoader   : Fetching config from server at : http://localhost:8888
2024-10-21T22:48:30.898+07:00  INFO 8052 --- [restartedMain] [account-service,,]o.s.c.c.c.ConfigServerConfigDataLoader   : Located environment: name=account-service, profiles=[default], label=null, version=null, state=null
2024-10-21T22:48:31.563+07:00  INFO 8052 --- [restartedMain] [account-service,,].s.d.r.c.RepositoryConfigurationDelegate : Bootstrapping Spring Data JPA repositories in DEFAULT mode.
2024-10-21T22:48:31.637+07:00  INFO 8052 --- [restartedMain] [account-service,,].s.d.r.c.RepositoryConfigurationDelegate : Finished Spring Data repository scanning in 68 ms. Found 1 JPA repository interface.
2024-10-21T22:48:31.835+07:00  INFO 8052 --- [restartedMain] [account-service,,]o.s.cloud.context.scope.GenericScope     : BeanFactory id=d8284260-a3fb-388c-a2c4-a13431bc221d
2024-10-21T22:48:32.041+07:00  WARN 8052 --- [restartedMain] [account-service,,]trationDelegate$BeanPostProcessorChecker : Bean 'org.springframework.cloud.client.loadbalancer.LoadBalancerAutoConfiguration$DeferringLoadBalancerInterceptorConfig' of type [org.springframework.cloud.client.loadbalancer.LoadBalancerAutoConfiguration$DeferringLoadBalancerInterceptorConfig] is not eligible for getting processed by all BeanPostProcessors (for example: not eligible for auto-proxying). The currently created BeanPostProcessor [lbRestClientPostProcessor] is declared through a non-static factory method on that class; consider declaring it as static instead.
2024-10-21T22:48:32.044+07:00  WARN 8052 --- [restartedMain] [account-service,,]trationDelegate$BeanPostProcessorChecker : Bean 'deferringLoadBalancerInterceptor' of type [org.springframework.cloud.client.loadbalancer.DeferringLoadBalancerInterceptor] is not eligible for getting processed by all BeanPostProcessors (for example: not eligible for auto-proxying). Is this bean getting eagerly injected into a currently created BeanPostProcessor [lbRestClientPostProcessor]? Check the corresponding BeanPostProcessor declaration and its dependencies.
2024-10-21T22:48:32.323+07:00  INFO 8052 --- [restartedMain] [account-service,,]o.s.b.w.embedded.tomcat.TomcatWebServer  : Tomcat initialized with port 9080 (http)
2024-10-21T22:48:32.330+07:00  INFO 8052 --- [restartedMain] [account-service,,]o.apache.catalina.core.StandardService   : Starting service [Tomcat]
2024-10-21T22:48:32.330+07:00  INFO 8052 --- [restartedMain] [account-service,,]o.apache.catalina.core.StandardEngine    : Starting Servlet engine: [Apache Tomcat/10.1.25]
2024-10-21T22:48:32.368+07:00  INFO 8052 --- [restartedMain] [account-service,,]o.a.c.c.C.[Tomcat].[localhost].[/]       : Initializing Spring embedded WebApplicationContext
2024-10-21T22:48:32.368+07:00  INFO 8052 --- [restartedMain] [account-service,,]w.s.c.ServletWebServerApplicationContext : Root WebApplicationContext: initialization completed in 1470 ms
2024-10-21T22:48:32.817+07:00  INFO 8052 --- [restartedMain] [account-service,,]o.hibernate.jpa.internal.util.LogHelper  : HHH000204: Processing PersistenceUnitInfo [name: default]
2024-10-21T22:48:32.861+07:00  INFO 8052 --- [restartedMain] [account-service,,]org.hibernate.Version                    : HHH000412: Hibernate ORM core version 6.5.2.Final
2024-10-21T22:48:32.886+07:00  INFO 8052 --- [restartedMain] [account-service,,]o.h.c.internal.RegionFactoryInitiator    : HHH000026: Second-level cache disabled
2024-10-21T22:48:33.090+07:00  INFO 8052 --- [restartedMain] [account-service,,]o.s.o.j.p.SpringPersistenceUnitInfo      : No LoadTimeWeaver setup: ignoring JPA class transformer
2024-10-21T22:48:33.110+07:00  INFO 8052 --- [restartedMain] [account-service,,]com.zaxxer.hikari.HikariDataSource       : HikariPool-1 - Starting...
2024-10-21T22:48:33.313+07:00  INFO 8052 --- [restartedMain] [account-service,,]com.zaxxer.hikari.pool.HikariPool        : HikariPool-1 - Added connection com.mysql.cj.jdbc.ConnectionImpl@4b6856df
2024-10-21T22:48:33.314+07:00  INFO 8052 --- [restartedMain] [account-service,,]com.zaxxer.hikari.HikariDataSource       : HikariPool-1 - Start completed.
2024-10-21T22:48:33.351+07:00  WARN 8052 --- [restartedMain] [account-service,,]org.hibernate.orm.deprecation            : HHH90000025: MySQL8Dialect does not need to be specified explicitly using 'hibernate.dialect' (remove the property setting and it will be selected by default)
2024-10-21T22:48:33.352+07:00  WARN 8052 --- [restartedMain] [account-service,,]org.hibernate.orm.deprecation            : HHH90000026: MySQL8Dialect has been deprecated; use org.hibernate.dialect.MySQLDialect instead
2024-10-21T22:48:33.915+07:00  INFO 8052 --- [restartedMain] [account-service,,]o.h.e.t.j.p.i.JtaPlatformInitiator       : HHH000489: No JTA platform available (set 'hibernate.transaction.jta.platform' to enable JTA platform integration)
2024-10-21T22:48:33.975+07:00  INFO 8052 --- [restartedMain] [account-service,,]j.LocalContainerEntityManagerFactoryBean : Initialized JPA EntityManagerFactory for persistence unit 'default'
2024-10-21T22:48:34.339+07:00  WARN 8052 --- [restartedMain] [account-service,,]JpaBaseConfiguration$JpaWebConfiguration : spring.jpa.open-in-view is enabled by default. Therefore, database queries may be performed during view rendering. Explicitly configure spring.jpa.open-in-view to disable this warning
2024-10-21T22:48:34.410+07:00  INFO 8052 --- [restartedMain] [account-service,,]o.s.b.d.a.OptionalLiveReloadServer       : LiveReload server is running on port 35729
2024-10-21T22:48:35.714+07:00  INFO 8052 --- [restartedMain] [account-service,,]DiscoveryClientOptionalArgsConfiguration : Eureka HTTP Client uses RestTemplate.
2024-10-21T22:48:35.755+07:00  WARN 8052 --- [restartedMain] [account-service,,]iguration$LoadBalancerCaffeineWarnLogger : Spring Cloud LoadBalancer is currently working with the default cache. While this cache implementation is useful for development and tests, it's recommended to use Caffeine cache in production.You can switch to using Caffeine cache, by adding it and org.springframework.cache.caffeine.CaffeineCacheManager to the classpath.
2024-10-21T22:48:35.773+07:00  INFO 8052 --- [restartedMain] [account-service,,]o.s.b.a.e.web.EndpointLinksResolver      : Exposing 26 endpoints beneath base path '/actuator'
2024-10-21T22:48:35.846+07:00  INFO 8052 --- [restartedMain] [account-service,,]o.s.c.n.eureka.InstanceInfoFactory       : Setting initial instance status as: STARTING
2024-10-21T22:48:35.866+07:00  INFO 8052 --- [restartedMain] [account-service,,]com.netflix.discovery.DiscoveryClient    : Initializing Eureka in region us-east-1
2024-10-21T22:48:35.869+07:00  INFO 8052 --- [restartedMain] [account-service,,]c.n.d.s.r.aws.ConfigClusterResolver      : Resolving eureka endpoints via configuration
2024-10-21T22:48:35.888+07:00  INFO 8052 --- [restartedMain] [account-service,,]com.netflix.discovery.DiscoveryClient    : Disable delta property : false
2024-10-21T22:48:35.888+07:00  INFO 8052 --- [restartedMain] [account-service,,]com.netflix.discovery.DiscoveryClient    : Single vip registry refresh property : null
2024-10-21T22:48:35.888+07:00  INFO 8052 --- [restartedMain] [account-service,,]com.netflix.discovery.DiscoveryClient    : Force full registry fetch : false
2024-10-21T22:48:35.888+07:00  INFO 8052 --- [restartedMain] [account-service,,]com.netflix.discovery.DiscoveryClient    : Application is null : false
2024-10-21T22:48:35.888+07:00  INFO 8052 --- [restartedMain] [account-service,,]com.netflix.discovery.DiscoveryClient    : Registered Applications size is zero : true
2024-10-21T22:48:35.888+07:00  INFO 8052 --- [restartedMain] [account-service,,]com.netflix.discovery.DiscoveryClient    : Application version is -1: true
2024-10-21T22:48:35.888+07:00  INFO 8052 --- [restartedMain] [account-service,,]com.netflix.discovery.DiscoveryClient    : Getting all instance registry info from the eureka server
2024-10-21T22:48:36.044+07:00  INFO 8052 --- [restartedMain] [account-service,,]c.n.d.s.t.d.RedirectingEurekaHttpClient  : Request execution error. endpoint=DefaultEndpoint{ serviceUrl='http://localhost:9999/eureka/}, exception=I/O error on GET request for "http://localhost:9999/eureka/apps/": Connect to http://localhost:9999 [localhost/127.0.0.1, localhost/0:0:0:0:0:0:0:1] failed: Connection refused: getsockopt stacktrace=org.springframework.web.client.ResourceAccessException: I/O error on GET request for "http://localhost:9999/eureka/apps/": Connect to http://localhost:9999 [localhost/127.0.0.1, localhost/0:0:0:0:0:0:0:1] failed: Connection refused: getsockopt
	at org.springframework.web.client.RestTemplate.createResourceAccessException(RestTemplate.java:915)
	at org.springframework.web.client.RestTemplate.doExecute(RestTemplate.java:895)
	at org.springframework.web.client.RestTemplate.execute(RestTemplate.java:790)
	at org.springframework.web.client.RestTemplate.exchange(RestTemplate.java:672)
	at org.springframework.cloud.netflix.eureka.http.RestTemplateEurekaHttpClient.getApplicationsInternal(RestTemplateEurekaHttpClient.java:145)
	at org.springframework.cloud.netflix.eureka.http.RestTemplateEurekaHttpClient.getApplications(RestTemplateEurekaHttpClient.java:135)
	at com.netflix.discovery.shared.transport.decorator.EurekaHttpClientDecorator$6.execute(EurekaHttpClientDecorator.java:137)
	at com.netflix.discovery.shared.transport.decorator.RedirectingEurekaHttpClient.executeOnNewServer(RedirectingEurekaHttpClient.java:121)
	at com.netflix.discovery.shared.transport.decorator.RedirectingEurekaHttpClient.execute(RedirectingEurekaHttpClient.java:80)
	at com.netflix.discovery.shared.transport.decorator.EurekaHttpClientDecorator.getApplications(EurekaHttpClientDecorator.java:134)
	at com.netflix.discovery.shared.transport.decorator.EurekaHttpClientDecorator$6.execute(EurekaHttpClientDecorator.java:137)
	at com.netflix.discovery.shared.transport.decorator.RetryableEurekaHttpClient.execute(RetryableEurekaHttpClient.java:120)
	at com.netflix.discovery.shared.transport.decorator.EurekaHttpClientDecorator.getApplications(EurekaHttpClientDecorator.java:134)
	at com.netflix.discovery.shared.transport.decorator.EurekaHttpClientDecorator$6.execute(EurekaHttpClientDecorator.java:137)
	at com.netflix.discovery.shared.transport.decorator.SessionedEurekaHttpClient.execute(SessionedEurekaHttpClient.java:77)
	at com.netflix.discovery.shared.transport.decorator.EurekaHttpClientDecorator.getApplications(EurekaHttpClientDecorator.java:134)
	at com.netflix.discovery.DiscoveryClient.getAndStoreFullRegistry(DiscoveryClient.java:1045)
	at com.netflix.discovery.DiscoveryClient.fetchRegistry(DiscoveryClient.java:958)
	at com.netflix.discovery.DiscoveryClient.<init>(DiscoveryClient.java:396)
	at com.netflix.discovery.DiscoveryClient.<init>(DiscoveryClient.java:247)
	at com.netflix.discovery.DiscoveryClient.<init>(DiscoveryClient.java:242)
	at org.springframework.cloud.netflix.eureka.CloudEurekaClient.<init>(CloudEurekaClient.java:68)
	at org.springframework.cloud.netflix.eureka.EurekaClientAutoConfiguration$RefreshableEurekaClientConfiguration.eurekaClient(EurekaClientAutoConfiguration.java:321)
	at java.base/jdk.internal.reflect.DirectMethodHandleAccessor.invoke(DirectMethodHandleAccessor.java:103)
	at java.base/java.lang.reflect.Method.invoke(Method.java:580)
	at org.springframework.beans.factory.support.SimpleInstantiationStrategy.instantiate(SimpleInstantiationStrategy.java:140)
	at org.springframework.beans.factory.support.ConstructorResolver.instantiate(ConstructorResolver.java:644)
	at org.springframework.beans.factory.support.ConstructorResolver.instantiateUsingFactoryMethod(ConstructorResolver.java:636)
	at org.springframework.beans.factory.support.AbstractAutowireCapableBeanFactory.instantiateUsingFactoryMethod(AbstractAutowireCapableBeanFactory.java:1337)
	at org.springframework.beans.factory.support.AbstractAutowireCapableBeanFactory.createBeanInstance(AbstractAutowireCapableBeanFactory.java:1167)
	at org.springframework.beans.factory.support.AbstractAutowireCapableBeanFactory.doCreateBean(AbstractAutowireCapableBeanFactory.java:562)
	at org.springframework.beans.factory.support.AbstractAutowireCapableBeanFactory.createBean(AbstractAutowireCapableBeanFactory.java:522)
	at org.springframework.beans.factory.support.AbstractBeanFactory.lambda$doGetBean$1(AbstractBeanFactory.java:376)
	at org.springframework.cloud.context.scope.GenericScope$BeanLifecycleWrapper.getBean(GenericScope.java:375)
	at org.springframework.cloud.context.scope.GenericScope.get(GenericScope.java:179)
	at org.springframework.beans.factory.support.AbstractBeanFactory.doGetBean(AbstractBeanFactory.java:373)
	at org.springframework.beans.factory.support.AbstractBeanFactory.getBean(AbstractBeanFactory.java:200)
	at org.springframework.aop.target.SimpleBeanTargetSource.getTarget(SimpleBeanTargetSource.java:35)
	at org.springframework.cloud.netflix.eureka.serviceregistry.EurekaRegistration.getTargetObject(EurekaRegistration.java:128)
	at org.springframework.cloud.netflix.eureka.serviceregistry.EurekaRegistration.getEurekaClient(EurekaRegistration.java:116)
	at java.base/jdk.internal.reflect.DirectMethodHandleAccessor.invoke(DirectMethodHandleAccessor.java:103)
	at java.base/java.lang.reflect.Method.invoke(Method.java:580)
	at org.springframework.util.ReflectionUtils.invokeMethod(ReflectionUtils.java:281)
	at org.springframework.cloud.context.scope.GenericScope$LockedScopedProxyFactoryBean.invoke(GenericScope.java:482)
	at org.springframework.aop.framework.ReflectiveMethodInvocation.proceed(ReflectiveMethodInvocation.java:184)
	at org.springframework.aop.framework.CglibAopProxy$CglibMethodInvocation.proceed(CglibAopProxy.java:768)
	at org.springframework.aop.framework.CglibAopProxy$DynamicAdvisedInterceptor.intercept(CglibAopProxy.java:720)
	at org.springframework.cloud.netflix.eureka.serviceregistry.EurekaRegistration$$SpringCGLIB$$0.getEurekaClient(<generated>)
	at org.springframework.cloud.netflix.eureka.serviceregistry.EurekaServiceRegistry.maybeInitializeClient(EurekaServiceRegistry.java:83)
	at org.springframework.cloud.netflix.eureka.serviceregistry.EurekaServiceRegistry.register(EurekaServiceRegistry.java:66)
	at org.springframework.cloud.netflix.eureka.serviceregistry.EurekaAutoServiceRegistration.start(EurekaAutoServiceRegistration.java:89)
	at org.springframework.context.support.DefaultLifecycleProcessor.doStart(DefaultLifecycleProcessor.java:285)
	at org.springframework.context.support.DefaultLifecycleProcessor$LifecycleGroup.start(DefaultLifecycleProcessor.java:469)
	at java.base/java.lang.Iterable.forEach(Iterable.java:75)
	at org.springframework.context.support.DefaultLifecycleProcessor.startBeans(DefaultLifecycleProcessor.java:257)
	at org.springframework.context.support.DefaultLifecycleProcessor.onRefresh(DefaultLifecycleProcessor.java:202)
	at org.springframework.context.support.AbstractApplicationContext.finishRefresh(AbstractApplicationContext.java:981)
	at org.springframework.context.support.AbstractApplicationContext.refresh(AbstractApplicationContext.java:627)
	at org.springframework.boot.web.servlet.context.ServletWebServerApplicationContext.refresh(ServletWebServerApplicationContext.java:146)
	at org.springframework.boot.SpringApplication.refresh(SpringApplication.java:754)
	at org.springframework.boot.SpringApplication.refreshContext(SpringApplication.java:456)
	at org.springframework.boot.SpringApplication.run(SpringApplication.java:335)
	at org.springframework.boot.SpringApplication.run(SpringApplication.java:1363)
	at org.springframework.boot.SpringApplication.run(SpringApplication.java:1352)
	at jmaster.io.accountservice.AccountserviceApplication.main(AccountserviceApplication.java:18)
	at java.base/jdk.internal.reflect.DirectMethodHandleAccessor.invoke(DirectMethodHandleAccessor.java:103)
	at java.base/java.lang.reflect.Method.invoke(Method.java:580)
	at org.springframework.boot.devtools.restart.RestartLauncher.run(RestartLauncher.java:50)
Caused by: org.apache.hc.client5.http.HttpHostConnectException: Connect to http://localhost:9999 [localhost/127.0.0.1, localhost/0:0:0:0:0:0:0:1] failed: Connection refused: getsockopt
	at java.base/sun.nio.ch.Net.pollConnect(Native Method)
	at java.base/sun.nio.ch.Net.pollConnectNow(Net.java:682)
	at java.base/sun.nio.ch.NioSocketImpl.timedFinishConnect(NioSocketImpl.java:542)
	at java.base/sun.nio.ch.NioSocketImpl.connect(NioSocketImpl.java:592)
	at java.base/java.net.SocksSocketImpl.connect(SocksSocketImpl.java:327)
	at java.base/java.net.Socket.connect(Socket.java:751)
	at org.apache.hc.client5.http.socket.PlainConnectionSocketFactory.lambda$connectSocket$0(PlainConnectionSocketFactory.java:91)
	at java.base/java.security.AccessController.doPrivileged(AccessController.java:571)
	at org.apache.hc.client5.http.socket.PlainConnectionSocketFactory.connectSocket(PlainConnectionSocketFactory.java:90)
	at org.apache.hc.client5.http.socket.ConnectionSocketFactory.connectSocket(ConnectionSocketFactory.java:123)
	at org.apache.hc.client5.http.impl.io.DefaultHttpClientConnectionOperator.connect(DefaultHttpClientConnectionOperator.java:189)
	at org.apache.hc.client5.http.impl.io.PoolingHttpClientConnectionManager.connect(PoolingHttpClientConnectionManager.java:450)
	at org.apache.hc.client5.http.impl.classic.InternalExecRuntime.connectEndpoint(InternalExecRuntime.java:162)
	at org.apache.hc.client5.http.impl.classic.InternalExecRuntime.connectEndpoint(InternalExecRuntime.java:172)
	at org.apache.hc.client5.http.impl.classic.ConnectExec.execute(ConnectExec.java:142)
	at org.apache.hc.client5.http.impl.classic.ExecChainElement.execute(ExecChainElement.java:51)
	at org.apache.hc.client5.http.impl.classic.ProtocolExec.execute(ProtocolExec.java:192)
	at org.apache.hc.client5.http.impl.classic.ExecChainElement.execute(ExecChainElement.java:51)
	at org.apache.hc.client5.http.impl.classic.HttpRequestRetryExec.execute(HttpRequestRetryExec.java:113)
	at org.apache.hc.client5.http.impl.classic.ExecChainElement.execute(ExecChainElement.java:51)
	at org.apache.hc.client5.http.impl.classic.ContentCompressionExec.execute(ContentCompressionExec.java:152)
	at org.apache.hc.client5.http.impl.classic.ExecChainElement.execute(ExecChainElement.java:51)
	at org.apache.hc.client5.http.impl.classic.RedirectExec.execute(RedirectExec.java:116)
	at org.apache.hc.client5.http.impl.classic.ExecChainElement.execute(ExecChainElement.java:51)
	at org.apache.hc.client5.http.impl.classic.InternalHttpClient.doExecute(InternalHttpClient.java:170)
	at org.apache.hc.client5.http.impl.classic.CloseableHttpClient.execute(CloseableHttpClient.java:87)
	at org.apache.hc.client5.http.impl.classic.CloseableHttpClient.execute(CloseableHttpClient.java:55)
	at org.apache.hc.client5.http.classic.HttpClient.executeOpen(HttpClient.java:183)
	at org.springframework.http.client.HttpComponentsClientHttpRequest.executeInternal(HttpComponentsClientHttpRequest.java:99)
	at org.springframework.http.client.AbstractStreamingClientHttpRequest.executeInternal(AbstractStreamingClientHttpRequest.java:70)
	at org.springframework.http.client.AbstractClientHttpRequest.execute(AbstractClientHttpRequest.java:66)
	at org.springframework.http.client.InterceptingClientHttpRequest$InterceptingRequestExecution.execute(InterceptingClientHttpRequest.java:112)
	at org.springframework.cloud.netflix.eureka.http.RestTemplateTransportClientFactory.lambda$restTemplate$3(RestTemplateTransportClientFactory.java:170)
	at org.springframework.http.client.InterceptingClientHttpRequest$InterceptingRequestExecution.execute(InterceptingClientHttpRequest.java:88)
	at org.springframework.http.client.InterceptingClientHttpRequest.executeInternal(InterceptingClientHttpRequest.java:72)
	at org.springframework.http.client.AbstractBufferingClientHttpRequest.executeInternal(AbstractBufferingClientHttpRequest.java:48)
	at org.springframework.http.client.AbstractClientHttpRequest.execute(AbstractClientHttpRequest.java:66)
	at org.springframework.web.client.RestTemplate.doExecute(RestTemplate.java:889)
	... 66 more

2024-10-21T22:48:36.045+07:00  WARN 8052 --- [restartedMain] [account-service,,]c.n.d.s.t.d.RetryableEurekaHttpClient    : Request execution failed with message: I/O error on GET request for "http://localhost:9999/eureka/apps/": Connect to http://localhost:9999 [localhost/127.0.0.1, localhost/0:0:0:0:0:0:0:1] failed: Connection refused: getsockopt
2024-10-21T22:48:36.045+07:00  INFO 8052 --- [restartedMain] [account-service,,]com.netflix.discovery.DiscoveryClient    : DiscoveryClient_ACCOUNT-SERVICE/DESKTOP-GDQ5MDP:account-service:9080 - was unable to refresh its cache! This periodic background refresh will be retried in 30 seconds. status = Cannot execute request on any known server stacktrace = com.netflix.discovery.shared.transport.TransportException: Cannot execute request on any known server
	at com.netflix.discovery.shared.transport.decorator.RetryableEurekaHttpClient.execute(RetryableEurekaHttpClient.java:112)
	at com.netflix.discovery.shared.transport.decorator.EurekaHttpClientDecorator.getApplications(EurekaHttpClientDecorator.java:134)
	at com.netflix.discovery.shared.transport.decorator.EurekaHttpClientDecorator$6.execute(EurekaHttpClientDecorator.java:137)
	at com.netflix.discovery.shared.transport.decorator.SessionedEurekaHttpClient.execute(SessionedEurekaHttpClient.java:77)
	at com.netflix.discovery.shared.transport.decorator.EurekaHttpClientDecorator.getApplications(EurekaHttpClientDecorator.java:134)
	at com.netflix.discovery.DiscoveryClient.getAndStoreFullRegistry(DiscoveryClient.java:1045)
	at com.netflix.discovery.DiscoveryClient.fetchRegistry(DiscoveryClient.java:958)
	at com.netflix.discovery.DiscoveryClient.<init>(DiscoveryClient.java:396)
	at com.netflix.discovery.DiscoveryClient.<init>(DiscoveryClient.java:247)
	at com.netflix.discovery.DiscoveryClient.<init>(DiscoveryClient.java:242)
	at org.springframework.cloud.netflix.eureka.CloudEurekaClient.<init>(CloudEurekaClient.java:68)
	at org.springframework.cloud.netflix.eureka.EurekaClientAutoConfiguration$RefreshableEurekaClientConfiguration.eurekaClient(EurekaClientAutoConfiguration.java:321)
	at java.base/jdk.internal.reflect.DirectMethodHandleAccessor.invoke(DirectMethodHandleAccessor.java:103)
	at java.base/java.lang.reflect.Method.invoke(Method.java:580)
	at org.springframework.beans.factory.support.SimpleInstantiationStrategy.instantiate(SimpleInstantiationStrategy.java:140)
	at org.springframework.beans.factory.support.ConstructorResolver.instantiate(ConstructorResolver.java:644)
	at org.springframework.beans.factory.support.ConstructorResolver.instantiateUsingFactoryMethod(ConstructorResolver.java:636)
	at org.springframework.beans.factory.support.AbstractAutowireCapableBeanFactory.instantiateUsingFactoryMethod(AbstractAutowireCapableBeanFactory.java:1337)
	at org.springframework.beans.factory.support.AbstractAutowireCapableBeanFactory.createBeanInstance(AbstractAutowireCapableBeanFactory.java:1167)
	at org.springframework.beans.factory.support.AbstractAutowireCapableBeanFactory.doCreateBean(AbstractAutowireCapableBeanFactory.java:562)
	at org.springframework.beans.factory.support.AbstractAutowireCapableBeanFactory.createBean(AbstractAutowireCapableBeanFactory.java:522)
	at org.springframework.beans.factory.support.AbstractBeanFactory.lambda$doGetBean$1(AbstractBeanFactory.java:376)
	at org.springframework.cloud.context.scope.GenericScope$BeanLifecycleWrapper.getBean(GenericScope.java:375)
	at org.springframework.cloud.context.scope.GenericScope.get(GenericScope.java:179)
	at org.springframework.beans.factory.support.AbstractBeanFactory.doGetBean(AbstractBeanFactory.java:373)
	at org.springframework.beans.factory.support.AbstractBeanFactory.getBean(AbstractBeanFactory.java:200)
	at org.springframework.aop.target.SimpleBeanTargetSource.getTarget(SimpleBeanTargetSource.java:35)
	at org.springframework.cloud.netflix.eureka.serviceregistry.EurekaRegistration.getTargetObject(EurekaRegistration.java:128)
	at org.springframework.cloud.netflix.eureka.serviceregistry.EurekaRegistration.getEurekaClient(EurekaRegistration.java:116)
	at java.base/jdk.internal.reflect.DirectMethodHandleAccessor.invoke(DirectMethodHandleAccessor.java:103)
	at java.base/java.lang.reflect.Method.invoke(Method.java:580)
	at org.springframework.util.ReflectionUtils.invokeMethod(ReflectionUtils.java:281)
	at org.springframework.cloud.context.scope.GenericScope$LockedScopedProxyFactoryBean.invoke(GenericScope.java:482)
	at org.springframework.aop.framework.ReflectiveMethodInvocation.proceed(ReflectiveMethodInvocation.java:184)
	at org.springframework.aop.framework.CglibAopProxy$CglibMethodInvocation.proceed(CglibAopProxy.java:768)
	at org.springframework.aop.framework.CglibAopProxy$DynamicAdvisedInterceptor.intercept(CglibAopProxy.java:720)
	at org.springframework.cloud.netflix.eureka.serviceregistry.EurekaRegistration$$SpringCGLIB$$0.getEurekaClient(<generated>)
	at org.springframework.cloud.netflix.eureka.serviceregistry.EurekaServiceRegistry.maybeInitializeClient(EurekaServiceRegistry.java:83)
	at org.springframework.cloud.netflix.eureka.serviceregistry.EurekaServiceRegistry.register(EurekaServiceRegistry.java:66)
	at org.springframework.cloud.netflix.eureka.serviceregistry.EurekaAutoServiceRegistration.start(EurekaAutoServiceRegistration.java:89)
	at org.springframework.context.support.DefaultLifecycleProcessor.doStart(DefaultLifecycleProcessor.java:285)
	at org.springframework.context.support.DefaultLifecycleProcessor$LifecycleGroup.start(DefaultLifecycleProcessor.java:469)
	at java.base/java.lang.Iterable.forEach(Iterable.java:75)
	at org.springframework.context.support.DefaultLifecycleProcessor.startBeans(DefaultLifecycleProcessor.java:257)
	at org.springframework.context.support.DefaultLifecycleProcessor.onRefresh(DefaultLifecycleProcessor.java:202)
	at org.springframework.context.support.AbstractApplicationContext.finishRefresh(AbstractApplicationContext.java:981)
	at org.springframework.context.support.AbstractApplicationContext.refresh(AbstractApplicationContext.java:627)
	at org.springframework.boot.web.servlet.context.ServletWebServerApplicationContext.refresh(ServletWebServerApplicationContext.java:146)
	at org.springframework.boot.SpringApplication.refresh(SpringApplication.java:754)
	at org.springframework.boot.SpringApplication.refreshContext(SpringApplication.java:456)
	at org.springframework.boot.SpringApplication.run(SpringApplication.java:335)
	at org.springframework.boot.SpringApplication.run(SpringApplication.java:1363)
	at org.springframework.boot.SpringApplication.run(SpringApplication.java:1352)
	at jmaster.io.accountservice.AccountserviceApplication.main(AccountserviceApplication.java:18)
	at java.base/jdk.internal.reflect.DirectMethodHandleAccessor.invoke(DirectMethodHandleAccessor.java:103)
	at java.base/java.lang.reflect.Method.invoke(Method.java:580)
	at org.springframework.boot.devtools.restart.RestartLauncher.run(RestartLauncher.java:50)

2024-10-21T22:48:36.045+07:00  INFO 8052 --- [restartedMain] [account-service,,]com.netflix.discovery.DiscoveryClient    : Initial registry fetch from primary servers failed
2024-10-21T22:48:36.045+07:00  WARN 8052 --- [restartedMain] [account-service,,]com.netflix.discovery.DiscoveryClient    : Using default backup registry implementation which does not do anything.
2024-10-21T22:48:36.046+07:00  INFO 8052 --- [restartedMain] [account-service,,]com.netflix.discovery.DiscoveryClient    : Initial registry fetch from backup servers failed
2024-10-21T22:48:36.047+07:00  INFO 8052 --- [restartedMain] [account-service,,]com.netflix.discovery.DiscoveryClient    : Starting heartbeat executor: renew interval is: 30
2024-10-21T22:48:36.048+07:00  INFO 8052 --- [restartedMain] [account-service,,]c.n.discovery.InstanceInfoReplicator     : InstanceInfoReplicator onDemand update allowed rate per min is 4
2024-10-21T22:48:36.051+07:00  INFO 8052 --- [restartedMain] [account-service,,]com.netflix.discovery.DiscoveryClient    : Discovery Client initialized at timestamp 1729525716050 with initial instances count: 0
2024-10-21T22:48:36.058+07:00  INFO 8052 --- [restartedMain] [account-service,,]o.s.c.n.e.s.EurekaServiceRegistry        : Registering application ACCOUNT-SERVICE with eureka with status UP
2024-10-21T22:48:36.060+07:00  INFO 8052 --- [restartedMain] [account-service,,]com.netflix.discovery.DiscoveryClient    : Saw local status change event StatusChangeEvent [timestamp=1729525716059, current=UP, previous=STARTING]
2024-10-21T22:48:36.060+07:00  INFO 8052 --- [DiscoveryClient-InstanceInfoReplicator-0] [account-service,,]com.netflix.discovery.DiscoveryClient    : DiscoveryClient_ACCOUNT-SERVICE/DESKTOP-GDQ5MDP:account-service:9080: registering service...
2024-10-21T22:48:36.072+07:00  INFO 8052 --- [restartedMain] [account-service,,]o.s.b.w.embedded.tomcat.TomcatWebServer  : Tomcat started on port 9080 (http) with context path '/'
2024-10-21T22:48:36.073+07:00  INFO 8052 --- [restartedMain] [account-service,,].s.c.n.e.s.EurekaAutoServiceRegistration : Updating port to 9080
2024-10-21T22:48:36.085+07:00  INFO 8052 --- [restartedMain] [account-service,,]j.i.a.AccountserviceApplication          : Started AccountserviceApplication in 5.893 seconds (process running for 6.327)
2024-10-21T22:48:36.085+07:00  INFO 8052 --- [DiscoveryClient-InstanceInfoReplicator-0] [account-service,,]c.n.d.s.t.d.RedirectingEurekaHttpClient  : Request execution error. endpoint=DefaultEndpoint{ serviceUrl='http://localhost:9999/eureka/}, exception=I/O error on POST request for "http://localhost:9999/eureka/apps/ACCOUNT-SERVICE": Connect to http://localhost:9999 [localhost/127.0.0.1, localhost/0:0:0:0:0:0:0:1] failed: Connection refused: getsockopt stacktrace=org.springframework.web.client.ResourceAccessException: I/O error on POST request for "http://localhost:9999/eureka/apps/ACCOUNT-SERVICE": Connect to http://localhost:9999 [localhost/127.0.0.1, localhost/0:0:0:0:0:0:0:1] failed: Connection refused: getsockopt
	at org.springframework.web.client.RestTemplate.createResourceAccessException(RestTemplate.java:915)
	at org.springframework.web.client.RestTemplate.doExecute(RestTemplate.java:895)
	at org.springframework.web.client.RestTemplate.execute(RestTemplate.java:790)
	at org.springframework.web.client.RestTemplate.exchange(RestTemplate.java:672)
	at org.springframework.cloud.netflix.eureka.http.RestTemplateEurekaHttpClient.register(RestTemplateEurekaHttpClient.java:77)
	at com.netflix.discovery.shared.transport.decorator.EurekaHttpClientDecorator$1.execute(EurekaHttpClientDecorator.java:59)
	at com.netflix.discovery.shared.transport.decorator.RedirectingEurekaHttpClient.executeOnNewServer(RedirectingEurekaHttpClient.java:121)
	at com.netflix.discovery.shared.transport.decorator.RedirectingEurekaHttpClient.execute(RedirectingEurekaHttpClient.java:80)
	at com.netflix.discovery.shared.transport.decorator.EurekaHttpClientDecorator.register(EurekaHttpClientDecorator.java:56)
	at com.netflix.discovery.shared.transport.decorator.EurekaHttpClientDecorator$1.execute(EurekaHttpClientDecorator.java:59)
	at com.netflix.discovery.shared.transport.decorator.RetryableEurekaHttpClient.execute(RetryableEurekaHttpClient.java:120)
	at com.netflix.discovery.shared.transport.decorator.EurekaHttpClientDecorator.register(EurekaHttpClientDecorator.java:56)
	at com.netflix.discovery.shared.transport.decorator.EurekaHttpClientDecorator$1.execute(EurekaHttpClientDecorator.java:59)
	at com.netflix.discovery.shared.transport.decorator.SessionedEurekaHttpClient.execute(SessionedEurekaHttpClient.java:77)
	at com.netflix.discovery.shared.transport.decorator.EurekaHttpClientDecorator.register(EurekaHttpClientDecorator.java:56)
	at com.netflix.discovery.DiscoveryClient.register(DiscoveryClient.java:820)
	at com.netflix.discovery.InstanceInfoReplicator.run(InstanceInfoReplicator.java:121)
	at com.netflix.discovery.InstanceInfoReplicator$1.run(InstanceInfoReplicator.java:101)
	at java.base/java.util.concurrent.Executors$RunnableAdapter.call(Executors.java:572)
	at java.base/java.util.concurrent.FutureTask.run(FutureTask.java:317)
	at java.base/java.util.concurrent.ScheduledThreadPoolExecutor$ScheduledFutureTask.run(ScheduledThreadPoolExecutor.java:304)
	at java.base/java.util.concurrent.ThreadPoolExecutor.runWorker(ThreadPoolExecutor.java:1144)
	at java.base/java.util.concurrent.ThreadPoolExecutor$Worker.run(ThreadPoolExecutor.java:642)
	at java.base/java.lang.Thread.run(Thread.java:1583)
Caused by: org.apache.hc.client5.http.HttpHostConnectException: Connect to http://localhost:9999 [localhost/127.0.0.1, localhost/0:0:0:0:0:0:0:1] failed: Connection refused: getsockopt
	at java.base/sun.nio.ch.Net.pollConnect(Native Method)
	at java.base/sun.nio.ch.Net.pollConnectNow(Net.java:682)
	at java.base/sun.nio.ch.NioSocketImpl.timedFinishConnect(NioSocketImpl.java:542)
	at java.base/sun.nio.ch.NioSocketImpl.connect(NioSocketImpl.java:592)
	at java.base/java.net.SocksSocketImpl.connect(SocksSocketImpl.java:327)
	at java.base/java.net.Socket.connect(Socket.java:751)
	at org.apache.hc.client5.http.socket.PlainConnectionSocketFactory.lambda$connectSocket$0(PlainConnectionSocketFactory.java:91)
	at java.base/java.security.AccessController.doPrivileged(AccessController.java:571)
	at org.apache.hc.client5.http.socket.PlainConnectionSocketFactory.connectSocket(PlainConnectionSocketFactory.java:90)
	at org.apache.hc.client5.http.socket.ConnectionSocketFactory.connectSocket(ConnectionSocketFactory.java:123)
	at org.apache.hc.client5.http.impl.io.DefaultHttpClientConnectionOperator.connect(DefaultHttpClientConnectionOperator.java:189)
	at org.apache.hc.client5.http.impl.io.PoolingHttpClientConnectionManager.connect(PoolingHttpClientConnectionManager.java:450)
	at org.apache.hc.client5.http.impl.classic.InternalExecRuntime.connectEndpoint(InternalExecRuntime.java:162)
	at org.apache.hc.client5.http.impl.classic.InternalExecRuntime.connectEndpoint(InternalExecRuntime.java:172)
	at org.apache.hc.client5.http.impl.classic.ConnectExec.execute(ConnectExec.java:142)
	at org.apache.hc.client5.http.impl.classic.ExecChainElement.execute(ExecChainElement.java:51)
	at org.apache.hc.client5.http.impl.classic.ProtocolExec.execute(ProtocolExec.java:192)
	at org.apache.hc.client5.http.impl.classic.ExecChainElement.execute(ExecChainElement.java:51)
	at org.apache.hc.client5.http.impl.classic.HttpRequestRetryExec.execute(HttpRequestRetryExec.java:113)
	at org.apache.hc.client5.http.impl.classic.ExecChainElement.execute(ExecChainElement.java:51)
	at org.apache.hc.client5.http.impl.classic.ContentCompressionExec.execute(ContentCompressionExec.java:152)
	at org.apache.hc.client5.http.impl.classic.ExecChainElement.execute(ExecChainElement.java:51)
	at org.apache.hc.client5.http.impl.classic.RedirectExec.execute(RedirectExec.java:116)
	at org.apache.hc.client5.http.impl.classic.ExecChainElement.execute(ExecChainElement.java:51)
	at org.apache.hc.client5.http.impl.classic.InternalHttpClient.doExecute(InternalHttpClient.java:170)
	at org.apache.hc.client5.http.impl.classic.CloseableHttpClient.execute(CloseableHttpClient.java:87)
	at org.apache.hc.client5.http.impl.classic.CloseableHttpClient.execute(CloseableHttpClient.java:55)
	at org.apache.hc.client5.http.classic.HttpClient.executeOpen(HttpClient.java:183)
	at org.springframework.http.client.HttpComponentsClientHttpRequest.executeInternal(HttpComponentsClientHttpRequest.java:99)
	at org.springframework.http.client.AbstractStreamingClientHttpRequest.executeInternal(AbstractStreamingClientHttpRequest.java:70)
	at org.springframework.http.client.AbstractClientHttpRequest.execute(AbstractClientHttpRequest.java:66)
	at org.springframework.http.client.InterceptingClientHttpRequest$InterceptingRequestExecution.execute(InterceptingClientHttpRequest.java:112)
	at org.springframework.cloud.netflix.eureka.http.RestTemplateTransportClientFactory.lambda$restTemplate$3(RestTemplateTransportClientFactory.java:170)
	at org.springframework.http.client.InterceptingClientHttpRequest$InterceptingRequestExecution.execute(InterceptingClientHttpRequest.java:88)
	at org.springframework.http.client.InterceptingClientHttpRequest.executeInternal(InterceptingClientHttpRequest.java:72)
	at org.springframework.http.client.AbstractBufferingClientHttpRequest.executeInternal(AbstractBufferingClientHttpRequest.java:48)
	at org.springframework.http.client.AbstractClientHttpRequest.execute(AbstractClientHttpRequest.java:66)
	at org.springframework.web.client.RestTemplate.doExecute(RestTemplate.java:889)
	... 22 more

2024-10-21T22:48:36.085+07:00  WARN 8052 --- [DiscoveryClient-InstanceInfoReplicator-0] [account-service,,]c.n.d.s.t.d.RetryableEurekaHttpClient    : Request execution failed with message: I/O error on POST request for "http://localhost:9999/eureka/apps/ACCOUNT-SERVICE": Connect to http://localhost:9999 [localhost/127.0.0.1, localhost/0:0:0:0:0:0:0:1] failed: Connection refused: getsockopt
2024-10-21T22:48:36.086+07:00  WARN 8052 --- [DiscoveryClient-InstanceInfoReplicator-0] [account-service,,]com.netflix.discovery.DiscoveryClient    : DiscoveryClient_ACCOUNT-SERVICE/DESKTOP-GDQ5MDP:account-service:9080 - registration failed Cannot execute request on any known server

com.netflix.discovery.shared.transport.TransportException: Cannot execute request on any known server
	at com.netflix.discovery.shared.transport.decorator.RetryableEurekaHttpClient.execute(RetryableEurekaHttpClient.java:112) ~[eureka-client-2.0.2.jar:2.0.2]
	at com.netflix.discovery.shared.transport.decorator.EurekaHttpClientDecorator.register(EurekaHttpClientDecorator.java:56) ~[eureka-client-2.0.2.jar:2.0.2]
	at com.netflix.discovery.shared.transport.decorator.EurekaHttpClientDecorator$1.execute(EurekaHttpClientDecorator.java:59) ~[eureka-client-2.0.2.jar:2.0.2]
	at com.netflix.discovery.shared.transport.decorator.SessionedEurekaHttpClient.execute(SessionedEurekaHttpClient.java:77) ~[eureka-client-2.0.2.jar:2.0.2]
	at com.netflix.discovery.shared.transport.decorator.EurekaHttpClientDecorator.register(EurekaHttpClientDecorator.java:56) ~[eureka-client-2.0.2.jar:2.0.2]
	at com.netflix.discovery.DiscoveryClient.register(DiscoveryClient.java:820) ~[eureka-client-2.0.2.jar:2.0.2]
	at com.netflix.discovery.InstanceInfoReplicator.run(InstanceInfoReplicator.java:121) ~[eureka-client-2.0.2.jar:2.0.2]
	at com.netflix.discovery.InstanceInfoReplicator$1.run(InstanceInfoReplicator.java:101) ~[eureka-client-2.0.2.jar:2.0.2]
	at java.base/java.util.concurrent.Executors$RunnableAdapter.call(Executors.java:572) ~[na:na]
	at java.base/java.util.concurrent.FutureTask.run(FutureTask.java:317) ~[na:na]
	at java.base/java.util.concurrent.ScheduledThreadPoolExecutor$ScheduledFutureTask.run(ScheduledThreadPoolExecutor.java:304) ~[na:na]
	at java.base/java.util.concurrent.ThreadPoolExecutor.runWorker(ThreadPoolExecutor.java:1144) ~[na:na]
	at java.base/java.util.concurrent.ThreadPoolExecutor$Worker.run(ThreadPoolExecutor.java:642) ~[na:na]
	at java.base/java.lang.Thread.run(Thread.java:1583) ~[na:na]

2024-10-21T22:48:36.088+07:00  WARN 8052 --- [DiscoveryClient-InstanceInfoReplicator-0] [account-service,,]c.n.discovery.InstanceInfoReplicator     : There was a problem with the instance info replicator

com.netflix.discovery.shared.transport.TransportException: Cannot execute request on any known server
	at com.netflix.discovery.shared.transport.decorator.RetryableEurekaHttpClient.execute(RetryableEurekaHttpClient.java:112) ~[eureka-client-2.0.2.jar:2.0.2]
	at com.netflix.discovery.shared.transport.decorator.EurekaHttpClientDecorator.register(EurekaHttpClientDecorator.java:56) ~[eureka-client-2.0.2.jar:2.0.2]
	at com.netflix.discovery.shared.transport.decorator.EurekaHttpClientDecorator$1.execute(EurekaHttpClientDecorator.java:59) ~[eureka-client-2.0.2.jar:2.0.2]
	at com.netflix.discovery.shared.transport.decorator.SessionedEurekaHttpClient.execute(SessionedEurekaHttpClient.java:77) ~[eureka-client-2.0.2.jar:2.0.2]
	at com.netflix.discovery.shared.transport.decorator.EurekaHttpClientDecorator.register(EurekaHttpClientDecorator.java:56) ~[eureka-client-2.0.2.jar:2.0.2]
	at com.netflix.discovery.DiscoveryClient.register(DiscoveryClient.java:820) ~[eureka-client-2.0.2.jar:2.0.2]
	at com.netflix.discovery.InstanceInfoReplicator.run(InstanceInfoReplicator.java:121) ~[eureka-client-2.0.2.jar:2.0.2]
	at com.netflix.discovery.InstanceInfoReplicator$1.run(InstanceInfoReplicator.java:101) ~[eureka-client-2.0.2.jar:2.0.2]
	at java.base/java.util.concurrent.Executors$RunnableAdapter.call(Executors.java:572) ~[na:na]
	at java.base/java.util.concurrent.FutureTask.run(FutureTask.java:317) ~[na:na]
	at java.base/java.util.concurrent.ScheduledThreadPoolExecutor$ScheduledFutureTask.run(ScheduledThreadPoolExecutor.java:304) ~[na:na]
	at java.base/java.util.concurrent.ThreadPoolExecutor.runWorker(ThreadPoolExecutor.java:1144) ~[na:na]
	at java.base/java.util.concurrent.ThreadPoolExecutor$Worker.run(ThreadPoolExecutor.java:642) ~[na:na]
	at java.base/java.lang.Thread.run(Thread.java:1583) ~[na:na]

2024-10-21T22:48:36.430+07:00  INFO 8052 --- [RMI TCP Connection(1)-192.168.1.6] [account-service,,]o.a.c.c.C.[Tomcat].[localhost].[/]       : Initializing Spring DispatcherServlet 'dispatcherServlet'
2024-10-21T22:48:36.430+07:00  INFO 8052 --- [RMI TCP Connection(1)-192.168.1.6] [account-service,,]o.s.web.servlet.DispatcherServlet        : Initializing Servlet 'dispatcherServlet'
2024-10-21T22:48:36.431+07:00  INFO 8052 --- [RMI TCP Connection(1)-192.168.1.6] [account-service,,]o.s.web.servlet.DispatcherServlet        : Completed initialization in 1 ms
2024-10-21T22:49:06.054+07:00  INFO 8052 --- [DiscoveryClient-CacheRefreshExecutor-0] [account-service,,]com.netflix.discovery.DiscoveryClient    : Disable delta property : false
2024-10-21T22:49:06.054+07:00  INFO 8052 --- [DiscoveryClient-CacheRefreshExecutor-0] [account-service,,]com.netflix.discovery.DiscoveryClient    : Single vip registry refresh property : null
2024-10-21T22:49:06.054+07:00  INFO 8052 --- [DiscoveryClient-CacheRefreshExecutor-0] [account-service,,]com.netflix.discovery.DiscoveryClient    : Force full registry fetch : false
2024-10-21T22:49:06.054+07:00  INFO 8052 --- [DiscoveryClient-CacheRefreshExecutor-0] [account-service,,]com.netflix.discovery.DiscoveryClient    : Application is null : false
2024-10-21T22:49:06.054+07:00  INFO 8052 --- [DiscoveryClient-CacheRefreshExecutor-0] [account-service,,]com.netflix.discovery.DiscoveryClient    : Registered Applications size is zero : true
2024-10-21T22:49:06.054+07:00  INFO 8052 --- [DiscoveryClient-CacheRefreshExecutor-0] [account-service,,]com.netflix.discovery.DiscoveryClient    : Application version is -1: true
2024-10-21T22:49:06.054+07:00  INFO 8052 --- [DiscoveryClient-CacheRefreshExecutor-0] [account-service,,]com.netflix.discovery.DiscoveryClient    : Getting all instance registry info from the eureka server
2024-10-21T22:49:06.070+07:00  INFO 8052 --- [DiscoveryClient-CacheRefreshExecutor-0] [account-service,,]c.n.d.s.t.d.RedirectingEurekaHttpClient  : Request execution error. endpoint=DefaultEndpoint{ serviceUrl='http://localhost:9999/eureka/}, exception=I/O error on GET request for "http://localhost:9999/eureka/apps/": Connect to http://localhost:9999 [localhost/127.0.0.1, localhost/0:0:0:0:0:0:0:1] failed: Connection refused: getsockopt stacktrace=org.springframework.web.client.ResourceAccessException: I/O error on GET request for "http://localhost:9999/eureka/apps/": Connect to http://localhost:9999 [localhost/127.0.0.1, localhost/0:0:0:0:0:0:0:1] failed: Connection refused: getsockopt
	at org.springframework.web.client.RestTemplate.createResourceAccessException(RestTemplate.java:915)
	at org.springframework.web.client.RestTemplate.doExecute(RestTemplate.java:895)
	at org.springframework.web.client.RestTemplate.execute(RestTemplate.java:790)
	at org.springframework.web.client.RestTemplate.exchange(RestTemplate.java:672)
	at org.springframework.cloud.netflix.eureka.http.RestTemplateEurekaHttpClient.getApplicationsInternal(RestTemplateEurekaHttpClient.java:145)
	at org.springframework.cloud.netflix.eureka.http.RestTemplateEurekaHttpClient.getApplications(RestTemplateEurekaHttpClient.java:135)
	at com.netflix.discovery.shared.transport.decorator.EurekaHttpClientDecorator$6.execute(EurekaHttpClientDecorator.java:137)
	at com.netflix.discovery.shared.transport.decorator.RedirectingEurekaHttpClient.executeOnNewServer(RedirectingEurekaHttpClient.java:121)
	at com.netflix.discovery.shared.transport.decorator.RedirectingEurekaHttpClient.execute(RedirectingEurekaHttpClient.java:80)
	at com.netflix.discovery.shared.transport.decorator.EurekaHttpClientDecorator.getApplications(EurekaHttpClientDecorator.java:134)
	at com.netflix.discovery.shared.transport.decorator.EurekaHttpClientDecorator$6.execute(EurekaHttpClientDecorator.java:137)
	at com.netflix.discovery.shared.transport.decorator.RetryableEurekaHttpClient.execute(RetryableEurekaHttpClient.java:120)
	at com.netflix.discovery.shared.transport.decorator.EurekaHttpClientDecorator.getApplications(EurekaHttpClientDecorator.java:134)
	at com.netflix.discovery.shared.transport.decorator.EurekaHttpClientDecorator$6.execute(EurekaHttpClientDecorator.java:137)
	at com.netflix.discovery.shared.transport.decorator.SessionedEurekaHttpClient.execute(SessionedEurekaHttpClient.java:77)
	at com.netflix.discovery.shared.transport.decorator.EurekaHttpClientDecorator.getApplications(EurekaHttpClientDecorator.java:134)
	at com.netflix.discovery.DiscoveryClient.getAndStoreFullRegistry(DiscoveryClient.java:1045)
	at com.netflix.discovery.DiscoveryClient.fetchRegistry(DiscoveryClient.java:958)
	at com.netflix.discovery.DiscoveryClient.refreshRegistry(DiscoveryClient.java:1475)
	at com.netflix.discovery.DiscoveryClient$CacheRefreshThread.run(DiscoveryClient.java:1442)
	at java.base/java.util.concurrent.Executors$RunnableAdapter.call(Executors.java:572)
	at java.base/java.util.concurrent.FutureTask.run(FutureTask.java:317)
	at java.base/java.util.concurrent.ThreadPoolExecutor.runWorker(ThreadPoolExecutor.java:1144)
	at java.base/java.util.concurrent.ThreadPoolExecutor$Worker.run(ThreadPoolExecutor.java:642)
	at java.base/java.lang.Thread.run(Thread.java:1583)
Caused by: org.apache.hc.client5.http.HttpHostConnectException: Connect to http://localhost:9999 [localhost/127.0.0.1, localhost/0:0:0:0:0:0:0:1] failed: Connection refused: getsockopt
	at java.base/sun.nio.ch.Net.pollConnect(Native Method)
	at java.base/sun.nio.ch.Net.pollConnectNow(Net.java:682)
	at java.base/sun.nio.ch.NioSocketImpl.timedFinishConnect(NioSocketImpl.java:542)
	at java.base/sun.nio.ch.NioSocketImpl.connect(NioSocketImpl.java:592)
	at java.base/java.net.SocksSocketImpl.connect(SocksSocketImpl.java:327)
	at java.base/java.net.Socket.connect(Socket.java:751)
	at org.apache.hc.client5.http.socket.PlainConnectionSocketFactory.lambda$connectSocket$0(PlainConnectionSocketFactory.java:91)
	at java.base/java.security.AccessController.doPrivileged(AccessController.java:571)
	at org.apache.hc.client5.http.socket.PlainConnectionSocketFactory.connectSocket(PlainConnectionSocketFactory.java:90)
	at org.apache.hc.client5.http.socket.ConnectionSocketFactory.connectSocket(ConnectionSocketFactory.java:123)
	at org.apache.hc.client5.http.impl.io.DefaultHttpClientConnectionOperator.connect(DefaultHttpClientConnectionOperator.java:189)
	at org.apache.hc.client5.http.impl.io.PoolingHttpClientConnectionManager.connect(PoolingHttpClientConnectionManager.java:450)
	at org.apache.hc.client5.http.impl.classic.InternalExecRuntime.connectEndpoint(InternalExecRuntime.java:162)
	at org.apache.hc.client5.http.impl.classic.InternalExecRuntime.connectEndpoint(InternalExecRuntime.java:172)
	at org.apache.hc.client5.http.impl.classic.ConnectExec.execute(ConnectExec.java:142)
	at org.apache.hc.client5.http.impl.classic.ExecChainElement.execute(ExecChainElement.java:51)
	at org.apache.hc.client5.http.impl.classic.ProtocolExec.execute(ProtocolExec.java:192)
	at org.apache.hc.client5.http.impl.classic.ExecChainElement.execute(ExecChainElement.java:51)
	at org.apache.hc.client5.http.impl.classic.HttpRequestRetryExec.execute(HttpRequestRetryExec.java:113)
	at org.apache.hc.client5.http.impl.classic.ExecChainElement.execute(ExecChainElement.java:51)
	at org.apache.hc.client5.http.impl.classic.ContentCompressionExec.execute(ContentCompressionExec.java:152)
	at org.apache.hc.client5.http.impl.classic.ExecChainElement.execute(ExecChainElement.java:51)
	at org.apache.hc.client5.http.impl.classic.RedirectExec.execute(RedirectExec.java:116)
	at org.apache.hc.client5.http.impl.classic.ExecChainElement.execute(ExecChainElement.java:51)
	at org.apache.hc.client5.http.impl.classic.InternalHttpClient.doExecute(InternalHttpClient.java:170)
	at org.apache.hc.client5.http.impl.classic.CloseableHttpClient.execute(CloseableHttpClient.java:87)
	at org.apache.hc.client5.http.impl.classic.CloseableHttpClient.execute(CloseableHttpClient.java:55)
	at org.apache.hc.client5.http.classic.HttpClient.executeOpen(HttpClient.java:183)
	at org.springframework.http.client.HttpComponentsClientHttpRequest.executeInternal(HttpComponentsClientHttpRequest.java:99)
	at org.springframework.http.client.AbstractStreamingClientHttpRequest.executeInternal(AbstractStreamingClientHttpRequest.java:70)
	at org.springframework.http.client.AbstractClientHttpRequest.execute(AbstractClientHttpRequest.java:66)
	at org.springframework.http.client.InterceptingClientHttpRequest$InterceptingRequestExecution.execute(InterceptingClientHttpRequest.java:112)
	at org.springframework.cloud.netflix.eureka.http.RestTemplateTransportClientFactory.lambda$restTemplate$3(RestTemplateTransportClientFactory.java:170)
	at org.springframework.http.client.InterceptingClientHttpRequest$InterceptingRequestExecution.execute(InterceptingClientHttpRequest.java:88)
	at org.springframework.http.client.InterceptingClientHttpRequest.executeInternal(InterceptingClientHttpRequest.java:72)
	at org.springframework.http.client.AbstractBufferingClientHttpRequest.executeInternal(AbstractBufferingClientHttpRequest.java:48)
	at org.springframework.http.client.AbstractClientHttpRequest.execute(AbstractClientHttpRequest.java:66)
	at org.springframework.web.client.RestTemplate.doExecute(RestTemplate.java:889)
	... 23 more

2024-10-21T22:49:06.070+07:00  WARN 8052 --- [DiscoveryClient-CacheRefreshExecutor-0] [account-service,,]c.n.d.s.t.d.RetryableEurekaHttpClient    : Request execution failed with message: I/O error on GET request for "http://localhost:9999/eureka/apps/": Connect to http://localhost:9999 [localhost/127.0.0.1, localhost/0:0:0:0:0:0:0:1] failed: Connection refused: getsockopt
2024-10-21T22:49:06.070+07:00  INFO 8052 --- [DiscoveryClient-CacheRefreshExecutor-0] [account-service,,]com.netflix.discovery.DiscoveryClient    : DiscoveryClient_ACCOUNT-SERVICE/DESKTOP-GDQ5MDP:account-service:9080 - was unable to refresh its cache! This periodic background refresh will be retried in 30 seconds. status = Cannot execute request on any known server stacktrace = com.netflix.discovery.shared.transport.TransportException: Cannot execute request on any known server
	at com.netflix.discovery.shared.transport.decorator.RetryableEurekaHttpClient.execute(RetryableEurekaHttpClient.java:112)
	at com.netflix.discovery.shared.transport.decorator.EurekaHttpClientDecorator.getApplications(EurekaHttpClientDecorator.java:134)
	at com.netflix.discovery.shared.transport.decorator.EurekaHttpClientDecorator$6.execute(EurekaHttpClientDecorator.java:137)
	at com.netflix.discovery.shared.transport.decorator.SessionedEurekaHttpClient.execute(SessionedEurekaHttpClient.java:77)
	at com.netflix.discovery.shared.transport.decorator.EurekaHttpClientDecorator.getApplications(EurekaHttpClientDecorator.java:134)
	at com.netflix.discovery.DiscoveryClient.getAndStoreFullRegistry(DiscoveryClient.java:1045)
	at com.netflix.discovery.DiscoveryClient.fetchRegistry(DiscoveryClient.java:958)
	at com.netflix.discovery.DiscoveryClient.refreshRegistry(DiscoveryClient.java:1475)
	at com.netflix.discovery.DiscoveryClient$CacheRefreshThread.run(DiscoveryClient.java:1442)
	at java.base/java.util.concurrent.Executors$RunnableAdapter.call(Executors.java:572)
	at java.base/java.util.concurrent.FutureTask.run(FutureTask.java:317)
	at java.base/java.util.concurrent.ThreadPoolExecutor.runWorker(ThreadPoolExecutor.java:1144)
	at java.base/java.util.concurrent.ThreadPoolExecutor$Worker.run(ThreadPoolExecutor.java:642)
	at java.base/java.lang.Thread.run(Thread.java:1583)

2024-10-21T22:49:06.085+07:00  INFO 8052 --- [DiscoveryClient-HeartbeatExecutor-0] [account-service,,]c.n.d.s.t.d.RedirectingEurekaHttpClient  : Request execution error. endpoint=DefaultEndpoint{ serviceUrl='http://localhost:9999/eureka/}, exception=I/O error on PUT request for "http://localhost:9999/eureka/apps/ACCOUNT-SERVICE/DESKTOP-GDQ5MDP:account-service:9080": Connect to http://localhost:9999 [localhost/127.0.0.1, localhost/0:0:0:0:0:0:0:1] failed: Connection refused: getsockopt stacktrace=org.springframework.web.client.ResourceAccessException: I/O error on PUT request for "http://localhost:9999/eureka/apps/ACCOUNT-SERVICE/DESKTOP-GDQ5MDP:account-service:9080": Connect to http://localhost:9999 [localhost/127.0.0.1, localhost/0:0:0:0:0:0:0:1] failed: Connection refused: getsockopt
	at org.springframework.web.client.RestTemplate.createResourceAccessException(RestTemplate.java:915)
	at org.springframework.web.client.RestTemplate.doExecute(RestTemplate.java:895)
	at org.springframework.web.client.RestTemplate.execute(RestTemplate.java:790)
	at org.springframework.web.client.RestTemplate.exchange(RestTemplate.java:672)
	at org.springframework.cloud.netflix.eureka.http.RestTemplateEurekaHttpClient.sendHeartBeat(RestTemplateEurekaHttpClient.java:99)
	at com.netflix.discovery.shared.transport.decorator.EurekaHttpClientDecorator$3.execute(EurekaHttpClientDecorator.java:92)
	at com.netflix.discovery.shared.transport.decorator.RedirectingEurekaHttpClient.executeOnNewServer(RedirectingEurekaHttpClient.java:121)
	at com.netflix.discovery.shared.transport.decorator.RedirectingEurekaHttpClient.execute(RedirectingEurekaHttpClient.java:80)
	at com.netflix.discovery.shared.transport.decorator.EurekaHttpClientDecorator.sendHeartBeat(EurekaHttpClientDecorator.java:89)
	at com.netflix.discovery.shared.transport.decorator.EurekaHttpClientDecorator$3.execute(EurekaHttpClientDecorator.java:92)
	at com.netflix.discovery.shared.transport.decorator.RetryableEurekaHttpClient.execute(RetryableEurekaHttpClient.java:120)
	at com.netflix.discovery.shared.transport.decorator.EurekaHttpClientDecorator.sendHeartBeat(EurekaHttpClientDecorator.java:89)
	at com.netflix.discovery.shared.transport.decorator.EurekaHttpClientDecorator$3.execute(EurekaHttpClientDecorator.java:92)
	at com.netflix.discovery.shared.transport.decorator.SessionedEurekaHttpClient.execute(SessionedEurekaHttpClient.java:77)
	at com.netflix.discovery.shared.transport.decorator.EurekaHttpClientDecorator.sendHeartBeat(EurekaHttpClientDecorator.java:89)
	at com.netflix.discovery.DiscoveryClient.renew(DiscoveryClient.java:837)
	at com.netflix.discovery.DiscoveryClient$HeartbeatThread.run(DiscoveryClient.java:1401)
	at java.base/java.util.concurrent.Executors$RunnableAdapter.call(Executors.java:572)
	at java.base/java.util.concurrent.FutureTask.run(FutureTask.java:317)
	at java.base/java.util.concurrent.ThreadPoolExecutor.runWorker(ThreadPoolExecutor.java:1144)
	at java.base/java.util.concurrent.ThreadPoolExecutor$Worker.run(ThreadPoolExecutor.java:642)
	at java.base/java.lang.Thread.run(Thread.java:1583)
Caused by: org.apache.hc.client5.http.HttpHostConnectException: Connect to http://localhost:9999 [localhost/127.0.0.1, localhost/0:0:0:0:0:0:0:1] failed: Connection refused: getsockopt
	at java.base/sun.nio.ch.Net.pollConnect(Native Method)
	at java.base/sun.nio.ch.Net.pollConnectNow(Net.java:682)
	at java.base/sun.nio.ch.NioSocketImpl.timedFinishConnect(NioSocketImpl.java:542)
	at java.base/sun.nio.ch.NioSocketImpl.connect(NioSocketImpl.java:592)
	at java.base/java.net.SocksSocketImpl.connect(SocksSocketImpl.java:327)
	at java.base/java.net.Socket.connect(Socket.java:751)
	at org.apache.hc.client5.http.socket.PlainConnectionSocketFactory.lambda$connectSocket$0(PlainConnectionSocketFactory.java:91)
	at java.base/java.security.AccessController.doPrivileged(AccessController.java:571)
	at org.apache.hc.client5.http.socket.PlainConnectionSocketFactory.connectSocket(PlainConnectionSocketFactory.java:90)
	at org.apache.hc.client5.http.socket.ConnectionSocketFactory.connectSocket(ConnectionSocketFactory.java:123)
	at org.apache.hc.client5.http.impl.io.DefaultHttpClientConnectionOperator.connect(DefaultHttpClientConnectionOperator.java:189)
	at org.apache.hc.client5.http.impl.io.PoolingHttpClientConnectionManager.connect(PoolingHttpClientConnectionManager.java:450)
	at org.apache.hc.client5.http.impl.classic.InternalExecRuntime.connectEndpoint(InternalExecRuntime.java:162)
	at org.apache.hc.client5.http.impl.classic.InternalExecRuntime.connectEndpoint(InternalExecRuntime.java:172)
	at org.apache.hc.client5.http.impl.classic.ConnectExec.execute(ConnectExec.java:142)
	at org.apache.hc.client5.http.impl.classic.ExecChainElement.execute(ExecChainElement.java:51)
	at org.apache.hc.client5.http.impl.classic.ProtocolExec.execute(ProtocolExec.java:192)
	at org.apache.hc.client5.http.impl.classic.ExecChainElement.execute(ExecChainElement.java:51)
	at org.apache.hc.client5.http.impl.classic.HttpRequestRetryExec.execute(HttpRequestRetryExec.java:113)
	at org.apache.hc.client5.http.impl.classic.ExecChainElement.execute(ExecChainElement.java:51)
	at org.apache.hc.client5.http.impl.classic.ContentCompressionExec.execute(ContentCompressionExec.java:152)
	at org.apache.hc.client5.http.impl.classic.ExecChainElement.execute(ExecChainElement.java:51)
	at org.apache.hc.client5.http.impl.classic.RedirectExec.execute(RedirectExec.java:116)
	at org.apache.hc.client5.http.impl.classic.ExecChainElement.execute(ExecChainElement.java:51)
	at org.apache.hc.client5.http.impl.classic.InternalHttpClient.doExecute(InternalHttpClient.java:170)
	at org.apache.hc.client5.http.impl.classic.CloseableHttpClient.execute(CloseableHttpClient.java:87)
	at org.apache.hc.client5.http.impl.classic.CloseableHttpClient.execute(CloseableHttpClient.java:55)
	at org.apache.hc.client5.http.classic.HttpClient.executeOpen(HttpClient.java:183)
	at org.springframework.http.client.HttpComponentsClientHttpRequest.executeInternal(HttpComponentsClientHttpRequest.java:99)
	at org.springframework.http.client.AbstractStreamingClientHttpRequest.executeInternal(AbstractStreamingClientHttpRequest.java:70)
	at org.springframework.http.client.AbstractClientHttpRequest.execute(AbstractClientHttpRequest.java:66)
	at org.springframework.http.client.InterceptingClientHttpRequest$InterceptingRequestExecution.execute(InterceptingClientHttpRequest.java:112)
	at org.springframework.cloud.netflix.eureka.http.RestTemplateTransportClientFactory.lambda$restTemplate$3(RestTemplateTransportClientFactory.java:170)
	at org.springframework.http.client.InterceptingClientHttpRequest$InterceptingRequestExecution.execute(InterceptingClientHttpRequest.java:88)
	at org.springframework.http.client.InterceptingClientHttpRequest.executeInternal(InterceptingClientHttpRequest.java:72)
	at org.springframework.http.client.AbstractBufferingClientHttpRequest.executeInternal(AbstractBufferingClientHttpRequest.java:48)
	at org.springframework.http.client.AbstractClientHttpRequest.execute(AbstractClientHttpRequest.java:66)
	at org.springframework.web.client.RestTemplate.doExecute(RestTemplate.java:889)
	... 20 more

2024-10-21T22:49:06.085+07:00  WARN 8052 --- [DiscoveryClient-HeartbeatExecutor-0] [account-service,,]c.n.d.s.t.d.RetryableEurekaHttpClient    : Request execution failed with message: I/O error on PUT request for "http://localhost:9999/eureka/apps/ACCOUNT-SERVICE/DESKTOP-GDQ5MDP:account-service:9080": Connect to http://localhost:9999 [localhost/127.0.0.1, localhost/0:0:0:0:0:0:0:1] failed: Connection refused: getsockopt
2024-10-21T22:49:06.085+07:00 ERROR 8052 --- [DiscoveryClient-HeartbeatExecutor-0] [account-service,,]com.netflix.discovery.DiscoveryClient    : DiscoveryClient_ACCOUNT-SERVICE/DESKTOP-GDQ5MDP:account-service:9080 - was unable to send heartbeat!

com.netflix.discovery.shared.transport.TransportException: Cannot execute request on any known server
	at com.netflix.discovery.shared.transport.decorator.RetryableEurekaHttpClient.execute(RetryableEurekaHttpClient.java:112) ~[eureka-client-2.0.2.jar:2.0.2]
	at com.netflix.discovery.shared.transport.decorator.EurekaHttpClientDecorator.sendHeartBeat(EurekaHttpClientDecorator.java:89) ~[eureka-client-2.0.2.jar:2.0.2]
	at com.netflix.discovery.shared.transport.decorator.EurekaHttpClientDecorator$3.execute(EurekaHttpClientDecorator.java:92) ~[eureka-client-2.0.2.jar:2.0.2]
	at com.netflix.discovery.shared.transport.decorator.SessionedEurekaHttpClient.execute(SessionedEurekaHttpClient.java:77) ~[eureka-client-2.0.2.jar:2.0.2]
	at com.netflix.discovery.shared.transport.decorator.EurekaHttpClientDecorator.sendHeartBeat(EurekaHttpClientDecorator.java:89) ~[eureka-client-2.0.2.jar:2.0.2]
	at com.netflix.discovery.DiscoveryClient.renew(DiscoveryClient.java:837) ~[eureka-client-2.0.2.jar:2.0.2]
	at com.netflix.discovery.DiscoveryClient$HeartbeatThread.run(DiscoveryClient.java:1401) ~[eureka-client-2.0.2.jar:2.0.2]
	at java.base/java.util.concurrent.Executors$RunnableAdapter.call(Executors.java:572) ~[na:na]
	at java.base/java.util.concurrent.FutureTask.run(FutureTask.java:317) ~[na:na]
	at java.base/java.util.concurrent.ThreadPoolExecutor.runWorker(ThreadPoolExecutor.java:1144) ~[na:na]
	at java.base/java.util.concurrent.ThreadPoolExecutor$Worker.run(ThreadPoolExecutor.java:642) ~[na:na]
	at java.base/java.lang.Thread.run(Thread.java:1583) ~[na:na]

2024-10-21T22:49:06.100+07:00  INFO 8052 --- [DiscoveryClient-InstanceInfoReplicator-0] [account-service,,]com.netflix.discovery.DiscoveryClient    : DiscoveryClient_ACCOUNT-SERVICE/DESKTOP-GDQ5MDP:account-service:9080: registering service...
2024-10-21T22:49:06.106+07:00  INFO 8052 --- [DiscoveryClient-InstanceInfoReplicator-0] [account-service,,]c.n.d.s.t.d.RedirectingEurekaHttpClient  : Request execution error. endpoint=DefaultEndpoint{ serviceUrl='http://localhost:9999/eureka/}, exception=I/O error on POST request for "http://localhost:9999/eureka/apps/ACCOUNT-SERVICE": Connect to http://localhost:9999 [localhost/127.0.0.1, localhost/0:0:0:0:0:0:0:1] failed: Connection refused: getsockopt stacktrace=org.springframework.web.client.ResourceAccessException: I/O error on POST request for "http://localhost:9999/eureka/apps/ACCOUNT-SERVICE": Connect to http://localhost:9999 [localhost/127.0.0.1, localhost/0:0:0:0:0:0:0:1] failed: Connection refused: getsockopt
	at org.springframework.web.client.RestTemplate.createResourceAccessException(RestTemplate.java:915)
	at org.springframework.web.client.RestTemplate.doExecute(RestTemplate.java:895)
	at org.springframework.web.client.RestTemplate.execute(RestTemplate.java:790)
	at org.springframework.web.client.RestTemplate.exchange(RestTemplate.java:672)
	at org.springframework.cloud.netflix.eureka.http.RestTemplateEurekaHttpClient.register(RestTemplateEurekaHttpClient.java:77)
	at com.netflix.discovery.shared.transport.decorator.EurekaHttpClientDecorator$1.execute(EurekaHttpClientDecorator.java:59)
	at com.netflix.discovery.shared.transport.decorator.RedirectingEurekaHttpClient.executeOnNewServer(RedirectingEurekaHttpClient.java:121)
	at com.netflix.discovery.shared.transport.decorator.RedirectingEurekaHttpClient.execute(RedirectingEurekaHttpClient.java:80)
	at com.netflix.discovery.shared.transport.decorator.EurekaHttpClientDecorator.register(EurekaHttpClientDecorator.java:56)
	at com.netflix.discovery.shared.transport.decorator.EurekaHttpClientDecorator$1.execute(EurekaHttpClientDecorator.java:59)
	at com.netflix.discovery.shared.transport.decorator.RetryableEurekaHttpClient.execute(RetryableEurekaHttpClient.java:120)
	at com.netflix.discovery.shared.transport.decorator.EurekaHttpClientDecorator.register(EurekaHttpClientDecorator.java:56)
	at com.netflix.discovery.shared.transport.decorator.EurekaHttpClientDecorator$1.execute(EurekaHttpClientDecorator.java:59)
	at com.netflix.discovery.shared.transport.decorator.SessionedEurekaHttpClient.execute(SessionedEurekaHttpClient.java:77)
	at com.netflix.discovery.shared.transport.decorator.EurekaHttpClientDecorator.register(EurekaHttpClientDecorator.java:56)
	at com.netflix.discovery.DiscoveryClient.register(DiscoveryClient.java:820)
	at com.netflix.discovery.InstanceInfoReplicator.run(InstanceInfoReplicator.java:121)
	at java.base/java.util.concurrent.Executors$RunnableAdapter.call(Executors.java:572)
	at java.base/java.util.concurrent.FutureTask.run(FutureTask.java:317)
	at java.base/java.util.concurrent.ScheduledThreadPoolExecutor$ScheduledFutureTask.run(ScheduledThreadPoolExecutor.java:304)
	at java.base/java.util.concurrent.ThreadPoolExecutor.runWorker(ThreadPoolExecutor.java:1144)
	at java.base/java.util.concurrent.ThreadPoolExecutor$Worker.run(ThreadPoolExecutor.java:642)
	at java.base/java.lang.Thread.run(Thread.java:1583)
Caused by: org.apache.hc.client5.http.HttpHostConnectException: Connect to http://localhost:9999 [localhost/127.0.0.1, localhost/0:0:0:0:0:0:0:1] failed: Connection refused: getsockopt
	at java.base/sun.nio.ch.Net.pollConnect(Native Method)
	at java.base/sun.nio.ch.Net.pollConnectNow(Net.java:682)
	at java.base/sun.nio.ch.NioSocketImpl.timedFinishConnect(NioSocketImpl.java:542)
	at java.base/sun.nio.ch.NioSocketImpl.connect(NioSocketImpl.java:592)
	at java.base/java.net.SocksSocketImpl.connect(SocksSocketImpl.java:327)
	at java.base/java.net.Socket.connect(Socket.java:751)
	at org.apache.hc.client5.http.socket.PlainConnectionSocketFactory.lambda$connectSocket$0(PlainConnectionSocketFactory.java:91)
	at java.base/java.security.AccessController.doPrivileged(AccessController.java:571)
	at org.apache.hc.client5.http.socket.PlainConnectionSocketFactory.connectSocket(PlainConnectionSocketFactory.java:90)
	at org.apache.hc.client5.http.socket.ConnectionSocketFactory.connectSocket(ConnectionSocketFactory.java:123)
	at org.apache.hc.client5.http.impl.io.DefaultHttpClientConnectionOperator.connect(DefaultHttpClientConnectionOperator.java:189)
	at org.apache.hc.client5.http.impl.io.PoolingHttpClientConnectionManager.connect(PoolingHttpClientConnectionManager.java:450)
	at org.apache.hc.client5.http.impl.classic.InternalExecRuntime.connectEndpoint(InternalExecRuntime.java:162)
	at org.apache.hc.client5.http.impl.classic.InternalExecRuntime.connectEndpoint(InternalExecRuntime.java:172)
	at org.apache.hc.client5.http.impl.classic.ConnectExec.execute(ConnectExec.java:142)
	at org.apache.hc.client5.http.impl.classic.ExecChainElement.execute(ExecChainElement.java:51)
	at org.apache.hc.client5.http.impl.classic.ProtocolExec.execute(ProtocolExec.java:192)
	at org.apache.hc.client5.http.impl.classic.ExecChainElement.execute(ExecChainElement.java:51)
	at org.apache.hc.client5.http.impl.classic.HttpRequestRetryExec.execute(HttpRequestRetryExec.java:113)
	at org.apache.hc.client5.http.impl.classic.ExecChainElement.execute(ExecChainElement.java:51)
	at org.apache.hc.client5.http.impl.classic.ContentCompressionExec.execute(ContentCompressionExec.java:152)
	at org.apache.hc.client5.http.impl.classic.ExecChainElement.execute(ExecChainElement.java:51)
	at org.apache.hc.client5.http.impl.classic.RedirectExec.execute(RedirectExec.java:116)
	at org.apache.hc.client5.http.impl.classic.ExecChainElement.execute(ExecChainElement.java:51)
	at org.apache.hc.client5.http.impl.classic.InternalHttpClient.doExecute(InternalHttpClient.java:170)
	at org.apache.hc.client5.http.impl.classic.CloseableHttpClient.execute(CloseableHttpClient.java:87)
	at org.apache.hc.client5.http.impl.classic.CloseableHttpClient.execute(CloseableHttpClient.java:55)
	at org.apache.hc.client5.http.classic.HttpClient.executeOpen(HttpClient.java:183)
	at org.springframework.http.client.HttpComponentsClientHttpRequest.executeInternal(HttpComponentsClientHttpRequest.java:99)
	at org.springframework.http.client.AbstractStreamingClientHttpRequest.executeInternal(AbstractStreamingClientHttpRequest.java:70)
	at org.springframework.http.client.AbstractClientHttpRequest.execute(AbstractClientHttpRequest.java:66)
	at org.springframework.http.client.InterceptingClientHttpRequest$InterceptingRequestExecution.execute(InterceptingClientHttpRequest.java:112)
	at org.springframework.cloud.netflix.eureka.http.RestTemplateTransportClientFactory.lambda$restTemplate$3(RestTemplateTransportClientFactory.java:170)
	at org.springframework.http.client.InterceptingClientHttpRequest$InterceptingRequestExecution.execute(InterceptingClientHttpRequest.java:88)
	at org.springframework.http.client.InterceptingClientHttpRequest.executeInternal(InterceptingClientHttpRequest.java:72)
	at org.springframework.http.client.AbstractBufferingClientHttpRequest.executeInternal(AbstractBufferingClientHttpRequest.java:48)
	at org.springframework.http.client.AbstractClientHttpRequest.execute(AbstractClientHttpRequest.java:66)
	at org.springframework.web.client.RestTemplate.doExecute(RestTemplate.java:889)
	... 21 more

2024-10-21T22:49:06.106+07:00  WARN 8052 --- [DiscoveryClient-InstanceInfoReplicator-0] [account-service,,]c.n.d.s.t.d.RetryableEurekaHttpClient    : Request execution failed with message: I/O error on POST request for "http://localhost:9999/eureka/apps/ACCOUNT-SERVICE": Connect to http://localhost:9999 [localhost/127.0.0.1, localhost/0:0:0:0:0:0:0:1] failed: Connection refused: getsockopt
2024-10-21T22:49:06.106+07:00  WARN 8052 --- [DiscoveryClient-InstanceInfoReplicator-0] [account-service,,]com.netflix.discovery.DiscoveryClient    : DiscoveryClient_ACCOUNT-SERVICE/DESKTOP-GDQ5MDP:account-service:9080 - registration failed Cannot execute request on any known server

com.netflix.discovery.shared.transport.TransportException: Cannot execute request on any known server
	at com.netflix.discovery.shared.transport.decorator.RetryableEurekaHttpClient.execute(RetryableEurekaHttpClient.java:112) ~[eureka-client-2.0.2.jar:2.0.2]
	at com.netflix.discovery.shared.transport.decorator.EurekaHttpClientDecorator.register(EurekaHttpClientDecorator.java:56) ~[eureka-client-2.0.2.jar:2.0.2]
	at com.netflix.discovery.shared.transport.decorator.EurekaHttpClientDecorator$1.execute(EurekaHttpClientDecorator.java:59) ~[eureka-client-2.0.2.jar:2.0.2]
	at com.netflix.discovery.shared.transport.decorator.SessionedEurekaHttpClient.execute(SessionedEurekaHttpClient.java:77) ~[eureka-client-2.0.2.jar:2.0.2]
	at com.netflix.discovery.shared.transport.decorator.EurekaHttpClientDecorator.register(EurekaHttpClientDecorator.java:56) ~[eureka-client-2.0.2.jar:2.0.2]
	at com.netflix.discovery.DiscoveryClient.register(DiscoveryClient.java:820) ~[eureka-client-2.0.2.jar:2.0.2]
	at com.netflix.discovery.InstanceInfoReplicator.run(InstanceInfoReplicator.java:121) ~[eureka-client-2.0.2.jar:2.0.2]
	at java.base/java.util.concurrent.Executors$RunnableAdapter.call(Executors.java:572) ~[na:na]
	at java.base/java.util.concurrent.FutureTask.run(FutureTask.java:317) ~[na:na]
	at java.base/java.util.concurrent.ScheduledThreadPoolExecutor$ScheduledFutureTask.run(ScheduledThreadPoolExecutor.java:304) ~[na:na]
	at java.base/java.util.concurrent.ThreadPoolExecutor.runWorker(ThreadPoolExecutor.java:1144) ~[na:na]
	at java.base/java.util.concurrent.ThreadPoolExecutor$Worker.run(ThreadPoolExecutor.java:642) ~[na:na]
	at java.base/java.lang.Thread.run(Thread.java:1583) ~[na:na]

2024-10-21T22:49:06.106+07:00  WARN 8052 --- [DiscoveryClient-InstanceInfoReplicator-0] [account-service,,]c.n.discovery.InstanceInfoReplicator     : There was a problem with the instance info replicator

com.netflix.discovery.shared.transport.TransportException: Cannot execute request on any known server
	at com.netflix.discovery.shared.transport.decorator.RetryableEurekaHttpClient.execute(RetryableEurekaHttpClient.java:112) ~[eureka-client-2.0.2.jar:2.0.2]
	at com.netflix.discovery.shared.transport.decorator.EurekaHttpClientDecorator.register(EurekaHttpClientDecorator.java:56) ~[eureka-client-2.0.2.jar:2.0.2]
	at com.netflix.discovery.shared.transport.decorator.EurekaHttpClientDecorator$1.execute(EurekaHttpClientDecorator.java:59) ~[eureka-client-2.0.2.jar:2.0.2]
	at com.netflix.discovery.shared.transport.decorator.SessionedEurekaHttpClient.execute(SessionedEurekaHttpClient.java:77) ~[eureka-client-2.0.2.jar:2.0.2]
	at com.netflix.discovery.shared.transport.decorator.EurekaHttpClientDecorator.register(EurekaHttpClientDecorator.java:56) ~[eureka-client-2.0.2.jar:2.0.2]
	at com.netflix.discovery.DiscoveryClient.register(DiscoveryClient.java:820) ~[eureka-client-2.0.2.jar:2.0.2]
	at com.netflix.discovery.InstanceInfoReplicator.run(InstanceInfoReplicator.java:121) ~[eureka-client-2.0.2.jar:2.0.2]
	at java.base/java.util.concurrent.Executors$RunnableAdapter.call(Executors.java:572) ~[na:na]
	at java.base/java.util.concurrent.FutureTask.run(FutureTask.java:317) ~[na:na]
	at java.base/java.util.concurrent.ScheduledThreadPoolExecutor$ScheduledFutureTask.run(ScheduledThreadPoolExecutor.java:304) ~[na:na]
	at java.base/java.util.concurrent.ThreadPoolExecutor.runWorker(ThreadPoolExecutor.java:1144) ~[na:na]
	at java.base/java.util.concurrent.ThreadPoolExecutor$Worker.run(ThreadPoolExecutor.java:642) ~[na:na]
	at java.base/java.lang.Thread.run(Thread.java:1583) ~[na:na]

2024-10-21T22:49:36.081+07:00  INFO 8052 --- [DiscoveryClient-CacheRefreshExecutor-0] [account-service,,]com.netflix.discovery.DiscoveryClient    : Disable delta property : false
2024-10-21T22:49:36.081+07:00  INFO 8052 --- [DiscoveryClient-CacheRefreshExecutor-0] [account-service,,]com.netflix.discovery.DiscoveryClient    : Single vip registry refresh property : null
2024-10-21T22:49:36.081+07:00  INFO 8052 --- [DiscoveryClient-CacheRefreshExecutor-0] [account-service,,]com.netflix.discovery.DiscoveryClient    : Force full registry fetch : false
2024-10-21T22:49:36.081+07:00  INFO 8052 --- [DiscoveryClient-CacheRefreshExecutor-0] [account-service,,]com.netflix.discovery.DiscoveryClient    : Application is null : false
2024-10-21T22:49:36.081+07:00  INFO 8052 --- [DiscoveryClient-CacheRefreshExecutor-0] [account-service,,]com.netflix.discovery.DiscoveryClient    : Registered Applications size is zero : true
2024-10-21T22:49:36.081+07:00  INFO 8052 --- [DiscoveryClient-CacheRefreshExecutor-0] [account-service,,]com.netflix.discovery.DiscoveryClient    : Application version is -1: true
2024-10-21T22:49:36.081+07:00  INFO 8052 --- [DiscoveryClient-CacheRefreshExecutor-0] [account-service,,]com.netflix.discovery.DiscoveryClient    : Getting all instance registry info from the eureka server
2024-10-21T22:49:36.097+07:00  INFO 8052 --- [DiscoveryClient-CacheRefreshExecutor-0] [account-service,,]c.n.d.s.t.d.RedirectingEurekaHttpClient  : Request execution error. endpoint=DefaultEndpoint{ serviceUrl='http://localhost:9999/eureka/}, exception=I/O error on GET request for "http://localhost:9999/eureka/apps/": Connect to http://localhost:9999 [localhost/127.0.0.1, localhost/0:0:0:0:0:0:0:1] failed: Connection refused: getsockopt stacktrace=org.springframework.web.client.ResourceAccessException: I/O error on GET request for "http://localhost:9999/eureka/apps/": Connect to http://localhost:9999 [localhost/127.0.0.1, localhost/0:0:0:0:0:0:0:1] failed: Connection refused: getsockopt
	at org.springframework.web.client.RestTemplate.createResourceAccessException(RestTemplate.java:915)
	at org.springframework.web.client.RestTemplate.doExecute(RestTemplate.java:895)
	at org.springframework.web.client.RestTemplate.execute(RestTemplate.java:790)
	at org.springframework.web.client.RestTemplate.exchange(RestTemplate.java:672)
	at org.springframework.cloud.netflix.eureka.http.RestTemplateEurekaHttpClient.getApplicationsInternal(RestTemplateEurekaHttpClient.java:145)
	at org.springframework.cloud.netflix.eureka.http.RestTemplateEurekaHttpClient.getApplications(RestTemplateEurekaHttpClient.java:135)
	at com.netflix.discovery.shared.transport.decorator.EurekaHttpClientDecorator$6.execute(EurekaHttpClientDecorator.java:137)
	at com.netflix.discovery.shared.transport.decorator.RedirectingEurekaHttpClient.executeOnNewServer(RedirectingEurekaHttpClient.java:121)
	at com.netflix.discovery.shared.transport.decorator.RedirectingEurekaHttpClient.execute(RedirectingEurekaHttpClient.java:80)
	at com.netflix.discovery.shared.transport.decorator.EurekaHttpClientDecorator.getApplications(EurekaHttpClientDecorator.java:134)
	at com.netflix.discovery.shared.transport.decorator.EurekaHttpClientDecorator$6.execute(EurekaHttpClientDecorator.java:137)
	at com.netflix.discovery.shared.transport.decorator.RetryableEurekaHttpClient.execute(RetryableEurekaHttpClient.java:120)
	at com.netflix.discovery.shared.transport.decorator.EurekaHttpClientDecorator.getApplications(EurekaHttpClientDecorator.java:134)
	at com.netflix.discovery.shared.transport.decorator.EurekaHttpClientDecorator$6.execute(EurekaHttpClientDecorator.java:137)
	at com.netflix.discovery.shared.transport.decorator.SessionedEurekaHttpClient.execute(SessionedEurekaHttpClient.java:77)
	at com.netflix.discovery.shared.transport.decorator.EurekaHttpClientDecorator.getApplications(EurekaHttpClientDecorator.java:134)
	at com.netflix.discovery.DiscoveryClient.getAndStoreFullRegistry(DiscoveryClient.java:1045)
	at com.netflix.discovery.DiscoveryClient.fetchRegistry(DiscoveryClient.java:958)
	at com.netflix.discovery.DiscoveryClient.refreshRegistry(DiscoveryClient.java:1475)
	at com.netflix.discovery.DiscoveryClient$CacheRefreshThread.run(DiscoveryClient.java:1442)
	at java.base/java.util.concurrent.Executors$RunnableAdapter.call(Executors.java:572)
	at java.base/java.util.concurrent.FutureTask.run(FutureTask.java:317)
	at java.base/java.util.concurrent.ThreadPoolExecutor.runWorker(ThreadPoolExecutor.java:1144)
	at java.base/java.util.concurrent.ThreadPoolExecutor$Worker.run(ThreadPoolExecutor.java:642)
	at java.base/java.lang.Thread.run(Thread.java:1583)
Caused by: org.apache.hc.client5.http.HttpHostConnectException: Connect to http://localhost:9999 [localhost/127.0.0.1, localhost/0:0:0:0:0:0:0:1] failed: Connection refused: getsockopt
	at java.base/sun.nio.ch.Net.pollConnect(Native Method)
	at java.base/sun.nio.ch.Net.pollConnectNow(Net.java:682)
	at java.base/sun.nio.ch.NioSocketImpl.timedFinishConnect(NioSocketImpl.java:542)
	at java.base/sun.nio.ch.NioSocketImpl.connect(NioSocketImpl.java:592)
	at java.base/java.net.SocksSocketImpl.connect(SocksSocketImpl.java:327)
	at java.base/java.net.Socket.connect(Socket.java:751)
	at org.apache.hc.client5.http.socket.PlainConnectionSocketFactory.lambda$connectSocket$0(PlainConnectionSocketFactory.java:91)
	at java.base/java.security.AccessController.doPrivileged(AccessController.java:571)
	at org.apache.hc.client5.http.socket.PlainConnectionSocketFactory.connectSocket(PlainConnectionSocketFactory.java:90)
	at org.apache.hc.client5.http.socket.ConnectionSocketFactory.connectSocket(ConnectionSocketFactory.java:123)
	at org.apache.hc.client5.http.impl.io.DefaultHttpClientConnectionOperator.connect(DefaultHttpClientConnectionOperator.java:189)
	at org.apache.hc.client5.http.impl.io.PoolingHttpClientConnectionManager.connect(PoolingHttpClientConnectionManager.java:450)
	at org.apache.hc.client5.http.impl.classic.InternalExecRuntime.connectEndpoint(InternalExecRuntime.java:162)
	at org.apache.hc.client5.http.impl.classic.InternalExecRuntime.connectEndpoint(InternalExecRuntime.java:172)
	at org.apache.hc.client5.http.impl.classic.ConnectExec.execute(ConnectExec.java:142)
	at org.apache.hc.client5.http.impl.classic.ExecChainElement.execute(ExecChainElement.java:51)
	at org.apache.hc.client5.http.impl.classic.ProtocolExec.execute(ProtocolExec.java:192)
	at org.apache.hc.client5.http.impl.classic.ExecChainElement.execute(ExecChainElement.java:51)
	at org.apache.hc.client5.http.impl.classic.HttpRequestRetryExec.execute(HttpRequestRetryExec.java:113)
	at org.apache.hc.client5.http.impl.classic.ExecChainElement.execute(ExecChainElement.java:51)
	at org.apache.hc.client5.http.impl.classic.ContentCompressionExec.execute(ContentCompressionExec.java:152)
	at org.apache.hc.client5.http.impl.classic.ExecChainElement.execute(ExecChainElement.java:51)
	at org.apache.hc.client5.http.impl.classic.RedirectExec.execute(RedirectExec.java:116)
	at org.apache.hc.client5.http.impl.classic.ExecChainElement.execute(ExecChainElement.java:51)
	at org.apache.hc.client5.http.impl.classic.InternalHttpClient.doExecute(InternalHttpClient.java:170)
	at org.apache.hc.client5.http.impl.classic.CloseableHttpClient.execute(CloseableHttpClient.java:87)
	at org.apache.hc.client5.http.impl.classic.CloseableHttpClient.execute(CloseableHttpClient.java:55)
	at org.apache.hc.client5.http.classic.HttpClient.executeOpen(HttpClient.java:183)
	at org.springframework.http.client.HttpComponentsClientHttpRequest.executeInternal(HttpComponentsClientHttpRequest.java:99)
	at org.springframework.http.client.AbstractStreamingClientHttpRequest.executeInternal(AbstractStreamingClientHttpRequest.java:70)
	at org.springframework.http.client.AbstractClientHttpRequest.execute(AbstractClientHttpRequest.java:66)
	at org.springframework.http.client.InterceptingClientHttpRequest$InterceptingRequestExecution.execute(InterceptingClientHttpRequest.java:112)
	at org.springframework.cloud.netflix.eureka.http.RestTemplateTransportClientFactory.lambda$restTemplate$3(RestTemplateTransportClientFactory.java:170)
	at org.springframework.http.client.InterceptingClientHttpRequest$InterceptingRequestExecution.execute(InterceptingClientHttpRequest.java:88)
	at org.springframework.http.client.InterceptingClientHttpRequest.executeInternal(InterceptingClientHttpRequest.java:72)
	at org.springframework.http.client.AbstractBufferingClientHttpRequest.executeInternal(AbstractBufferingClientHttpRequest.java:48)
	at org.springframework.http.client.AbstractClientHttpRequest.execute(AbstractClientHttpRequest.java:66)
	at org.springframework.web.client.RestTemplate.doExecute(RestTemplate.java:889)
	... 23 more

2024-10-21T22:49:36.097+07:00  WARN 8052 --- [DiscoveryClient-CacheRefreshExecutor-0] [account-service,,]c.n.d.s.t.d.RetryableEurekaHttpClient    : Request execution failed with message: I/O error on GET request for "http://localhost:9999/eureka/apps/": Connect to http://localhost:9999 [localhost/127.0.0.1, localhost/0:0:0:0:0:0:0:1] failed: Connection refused: getsockopt
2024-10-21T22:49:36.097+07:00  INFO 8052 --- [DiscoveryClient-CacheRefreshExecutor-0] [account-service,,]com.netflix.discovery.DiscoveryClient    : DiscoveryClient_ACCOUNT-SERVICE/DESKTOP-GDQ5MDP:account-service:9080 - was unable to refresh its cache! This periodic background refresh will be retried in 30 seconds. status = Cannot execute request on any known server stacktrace = com.netflix.discovery.shared.transport.TransportException: Cannot execute request on any known server
	at com.netflix.discovery.shared.transport.decorator.RetryableEurekaHttpClient.execute(RetryableEurekaHttpClient.java:112)
	at com.netflix.discovery.shared.transport.decorator.EurekaHttpClientDecorator.getApplications(EurekaHttpClientDecorator.java:134)
	at com.netflix.discovery.shared.transport.decorator.EurekaHttpClientDecorator$6.execute(EurekaHttpClientDecorator.java:137)
	at com.netflix.discovery.shared.transport.decorator.SessionedEurekaHttpClient.execute(SessionedEurekaHttpClient.java:77)
	at com.netflix.discovery.shared.transport.decorator.EurekaHttpClientDecorator.getApplications(EurekaHttpClientDecorator.java:134)
	at com.netflix.discovery.DiscoveryClient.getAndStoreFullRegistry(DiscoveryClient.java:1045)
	at com.netflix.discovery.DiscoveryClient.fetchRegistry(DiscoveryClient.java:958)
	at com.netflix.discovery.DiscoveryClient.refreshRegistry(DiscoveryClient.java:1475)
	at com.netflix.discovery.DiscoveryClient$CacheRefreshThread.run(DiscoveryClient.java:1442)
	at java.base/java.util.concurrent.Executors$RunnableAdapter.call(Executors.java:572)
	at java.base/java.util.concurrent.FutureTask.run(FutureTask.java:317)
	at java.base/java.util.concurrent.ThreadPoolExecutor.runWorker(ThreadPoolExecutor.java:1144)
	at java.base/java.util.concurrent.ThreadPoolExecutor$Worker.run(ThreadPoolExecutor.java:642)
	at java.base/java.lang.Thread.run(Thread.java:1583)

2024-10-21T22:49:36.103+07:00  INFO 8052 --- [DiscoveryClient-HeartbeatExecutor-0] [account-service,,]c.n.d.s.t.d.RedirectingEurekaHttpClient  : Request execution error. endpoint=DefaultEndpoint{ serviceUrl='http://localhost:9999/eureka/}, exception=I/O error on PUT request for "http://localhost:9999/eureka/apps/ACCOUNT-SERVICE/DESKTOP-GDQ5MDP:account-service:9080": Connect to http://localhost:9999 [localhost/127.0.0.1, localhost/0:0:0:0:0:0:0:1] failed: Connection refused: getsockopt stacktrace=org.springframework.web.client.ResourceAccessException: I/O error on PUT request for "http://localhost:9999/eureka/apps/ACCOUNT-SERVICE/DESKTOP-GDQ5MDP:account-service:9080": Connect to http://localhost:9999 [localhost/127.0.0.1, localhost/0:0:0:0:0:0:0:1] failed: Connection refused: getsockopt
	at org.springframework.web.client.RestTemplate.createResourceAccessException(RestTemplate.java:915)
	at org.springframework.web.client.RestTemplate.doExecute(RestTemplate.java:895)
	at org.springframework.web.client.RestTemplate.execute(RestTemplate.java:790)
	at org.springframework.web.client.RestTemplate.exchange(RestTemplate.java:672)
	at org.springframework.cloud.netflix.eureka.http.RestTemplateEurekaHttpClient.sendHeartBeat(RestTemplateEurekaHttpClient.java:99)
	at com.netflix.discovery.shared.transport.decorator.EurekaHttpClientDecorator$3.execute(EurekaHttpClientDecorator.java:92)
	at com.netflix.discovery.shared.transport.decorator.RedirectingEurekaHttpClient.executeOnNewServer(RedirectingEurekaHttpClient.java:121)
	at com.netflix.discovery.shared.transport.decorator.RedirectingEurekaHttpClient.execute(RedirectingEurekaHttpClient.java:80)
	at com.netflix.discovery.shared.transport.decorator.EurekaHttpClientDecorator.sendHeartBeat(EurekaHttpClientDecorator.java:89)
	at com.netflix.discovery.shared.transport.decorator.EurekaHttpClientDecorator$3.execute(EurekaHttpClientDecorator.java:92)
	at com.netflix.discovery.shared.transport.decorator.RetryableEurekaHttpClient.execute(RetryableEurekaHttpClient.java:120)
	at com.netflix.discovery.shared.transport.decorator.EurekaHttpClientDecorator.sendHeartBeat(EurekaHttpClientDecorator.java:89)
	at com.netflix.discovery.shared.transport.decorator.EurekaHttpClientDecorator$3.execute(EurekaHttpClientDecorator.java:92)
	at com.netflix.discovery.shared.transport.decorator.SessionedEurekaHttpClient.execute(SessionedEurekaHttpClient.java:77)
	at com.netflix.discovery.shared.transport.decorator.EurekaHttpClientDecorator.sendHeartBeat(EurekaHttpClientDecorator.java:89)
	at com.netflix.discovery.DiscoveryClient.renew(DiscoveryClient.java:837)
	at com.netflix.discovery.DiscoveryClient$HeartbeatThread.run(DiscoveryClient.java:1401)
	at java.base/java.util.concurrent.Executors$RunnableAdapter.call(Executors.java:572)
	at java.base/java.util.concurrent.FutureTask.run(FutureTask.java:317)
	at java.base/java.util.concurrent.ThreadPoolExecutor.runWorker(ThreadPoolExecutor.java:1144)
	at java.base/java.util.concurrent.ThreadPoolExecutor$Worker.run(ThreadPoolExecutor.java:642)
	at java.base/java.lang.Thread.run(Thread.java:1583)
Caused by: org.apache.hc.client5.http.HttpHostConnectException: Connect to http://localhost:9999 [localhost/127.0.0.1, localhost/0:0:0:0:0:0:0:1] failed: Connection refused: getsockopt
	at java.base/sun.nio.ch.Net.pollConnect(Native Method)
	at java.base/sun.nio.ch.Net.pollConnectNow(Net.java:682)
	at java.base/sun.nio.ch.NioSocketImpl.timedFinishConnect(NioSocketImpl.java:542)
	at java.base/sun.nio.ch.NioSocketImpl.connect(NioSocketImpl.java:592)
	at java.base/java.net.SocksSocketImpl.connect(SocksSocketImpl.java:327)
	at java.base/java.net.Socket.connect(Socket.java:751)
	at org.apache.hc.client5.http.socket.PlainConnectionSocketFactory.lambda$connectSocket$0(PlainConnectionSocketFactory.java:91)
	at java.base/java.security.AccessController.doPrivileged(AccessController.java:571)
	at org.apache.hc.client5.http.socket.PlainConnectionSocketFactory.connectSocket(PlainConnectionSocketFactory.java:90)
	at org.apache.hc.client5.http.socket.ConnectionSocketFactory.connectSocket(ConnectionSocketFactory.java:123)
	at org.apache.hc.client5.http.impl.io.DefaultHttpClientConnectionOperator.connect(DefaultHttpClientConnectionOperator.java:189)
	at org.apache.hc.client5.http.impl.io.PoolingHttpClientConnectionManager.connect(PoolingHttpClientConnectionManager.java:450)
	at org.apache.hc.client5.http.impl.classic.InternalExecRuntime.connectEndpoint(InternalExecRuntime.java:162)
	at org.apache.hc.client5.http.impl.classic.InternalExecRuntime.connectEndpoint(InternalExecRuntime.java:172)
	at org.apache.hc.client5.http.impl.classic.ConnectExec.execute(ConnectExec.java:142)
	at org.apache.hc.client5.http.impl.classic.ExecChainElement.execute(ExecChainElement.java:51)
	at org.apache.hc.client5.http.impl.classic.ProtocolExec.execute(ProtocolExec.java:192)
	at org.apache.hc.client5.http.impl.classic.ExecChainElement.execute(ExecChainElement.java:51)
	at org.apache.hc.client5.http.impl.classic.HttpRequestRetryExec.execute(HttpRequestRetryExec.java:113)
	at org.apache.hc.client5.http.impl.classic.ExecChainElement.execute(ExecChainElement.java:51)
	at org.apache.hc.client5.http.impl.classic.ContentCompressionExec.execute(ContentCompressionExec.java:152)
	at org.apache.hc.client5.http.impl.classic.ExecChainElement.execute(ExecChainElement.java:51)
	at org.apache.hc.client5.http.impl.classic.RedirectExec.execute(RedirectExec.java:116)
	at org.apache.hc.client5.http.impl.classic.ExecChainElement.execute(ExecChainElement.java:51)
	at org.apache.hc.client5.http.impl.classic.InternalHttpClient.doExecute(InternalHttpClient.java:170)
	at org.apache.hc.client5.http.impl.classic.CloseableHttpClient.execute(CloseableHttpClient.java:87)
	at org.apache.hc.client5.http.impl.classic.CloseableHttpClient.execute(CloseableHttpClient.java:55)
	at org.apache.hc.client5.http.classic.HttpClient.executeOpen(HttpClient.java:183)
	at org.springframework.http.client.HttpComponentsClientHttpRequest.executeInternal(HttpComponentsClientHttpRequest.java:99)
	at org.springframework.http.client.AbstractStreamingClientHttpRequest.executeInternal(AbstractStreamingClientHttpRequest.java:70)
	at org.springframework.http.client.AbstractClientHttpRequest.execute(AbstractClientHttpRequest.java:66)
	at org.springframework.http.client.InterceptingClientHttpRequest$InterceptingRequestExecution.execute(InterceptingClientHttpRequest.java:112)
	at org.springframework.cloud.netflix.eureka.http.RestTemplateTransportClientFactory.lambda$restTemplate$3(RestTemplateTransportClientFactory.java:170)
	at org.springframework.http.client.InterceptingClientHttpRequest$InterceptingRequestExecution.execute(InterceptingClientHttpRequest.java:88)
	at org.springframework.http.client.InterceptingClientHttpRequest.executeInternal(InterceptingClientHttpRequest.java:72)
	at org.springframework.http.client.AbstractBufferingClientHttpRequest.executeInternal(AbstractBufferingClientHttpRequest.java:48)
	at org.springframework.http.client.AbstractClientHttpRequest.execute(AbstractClientHttpRequest.java:66)
	at org.springframework.web.client.RestTemplate.doExecute(RestTemplate.java:889)
	... 20 more

2024-10-21T22:49:36.103+07:00  WARN 8052 --- [DiscoveryClient-HeartbeatExecutor-0] [account-service,,]c.n.d.s.t.d.RetryableEurekaHttpClient    : Request execution failed with message: I/O error on PUT request for "http://localhost:9999/eureka/apps/ACCOUNT-SERVICE/DESKTOP-GDQ5MDP:account-service:9080": Connect to http://localhost:9999 [localhost/127.0.0.1, localhost/0:0:0:0:0:0:0:1] failed: Connection refused: getsockopt
2024-10-21T22:49:36.103+07:00 ERROR 8052 --- [DiscoveryClient-HeartbeatExecutor-0] [account-service,,]com.netflix.discovery.DiscoveryClient    : DiscoveryClient_ACCOUNT-SERVICE/DESKTOP-GDQ5MDP:account-service:9080 - was unable to send heartbeat!

com.netflix.discovery.shared.transport.TransportException: Cannot execute request on any known server
	at com.netflix.discovery.shared.transport.decorator.RetryableEurekaHttpClient.execute(RetryableEurekaHttpClient.java:112) ~[eureka-client-2.0.2.jar:2.0.2]
	at com.netflix.discovery.shared.transport.decorator.EurekaHttpClientDecorator.sendHeartBeat(EurekaHttpClientDecorator.java:89) ~[eureka-client-2.0.2.jar:2.0.2]
	at com.netflix.discovery.shared.transport.decorator.EurekaHttpClientDecorator$3.execute(EurekaHttpClientDecorator.java:92) ~[eureka-client-2.0.2.jar:2.0.2]
	at com.netflix.discovery.shared.transport.decorator.SessionedEurekaHttpClient.execute(SessionedEurekaHttpClient.java:77) ~[eureka-client-2.0.2.jar:2.0.2]
	at com.netflix.discovery.shared.transport.decorator.EurekaHttpClientDecorator.sendHeartBeat(EurekaHttpClientDecorator.java:89) ~[eureka-client-2.0.2.jar:2.0.2]
	at com.netflix.discovery.DiscoveryClient.renew(DiscoveryClient.java:837) ~[eureka-client-2.0.2.jar:2.0.2]
	at com.netflix.discovery.DiscoveryClient$HeartbeatThread.run(DiscoveryClient.java:1401) ~[eureka-client-2.0.2.jar:2.0.2]
	at java.base/java.util.concurrent.Executors$RunnableAdapter.call(Executors.java:572) ~[na:na]
	at java.base/java.util.concurrent.FutureTask.run(FutureTask.java:317) ~[na:na]
	at java.base/java.util.concurrent.ThreadPoolExecutor.runWorker(ThreadPoolExecutor.java:1144) ~[na:na]
	at java.base/java.util.concurrent.ThreadPoolExecutor$Worker.run(ThreadPoolExecutor.java:642) ~[na:na]
	at java.base/java.lang.Thread.run(Thread.java:1583) ~[na:na]

2024-10-21T22:49:36.112+07:00  INFO 8052 --- [DiscoveryClient-InstanceInfoReplicator-0] [account-service,,]com.netflix.discovery.DiscoveryClient    : DiscoveryClient_ACCOUNT-SERVICE/DESKTOP-GDQ5MDP:account-service:9080: registering service...
2024-10-21T22:49:36.117+07:00  INFO 8052 --- [DiscoveryClient-InstanceInfoReplicator-0] [account-service,,]c.n.d.s.t.d.RedirectingEurekaHttpClient  : Request execution error. endpoint=DefaultEndpoint{ serviceUrl='http://localhost:9999/eureka/}, exception=I/O error on POST request for "http://localhost:9999/eureka/apps/ACCOUNT-SERVICE": Connect to http://localhost:9999 [localhost/127.0.0.1, localhost/0:0:0:0:0:0:0:1] failed: Connection refused: getsockopt stacktrace=org.springframework.web.client.ResourceAccessException: I/O error on POST request for "http://localhost:9999/eureka/apps/ACCOUNT-SERVICE": Connect to http://localhost:9999 [localhost/127.0.0.1, localhost/0:0:0:0:0:0:0:1] failed: Connection refused: getsockopt
	at org.springframework.web.client.RestTemplate.createResourceAccessException(RestTemplate.java:915)
	at org.springframework.web.client.RestTemplate.doExecute(RestTemplate.java:895)
	at org.springframework.web.client.RestTemplate.execute(RestTemplate.java:790)
	at org.springframework.web.client.RestTemplate.exchange(RestTemplate.java:672)
	at org.springframework.cloud.netflix.eureka.http.RestTemplateEurekaHttpClient.register(RestTemplateEurekaHttpClient.java:77)
	at com.netflix.discovery.shared.transport.decorator.EurekaHttpClientDecorator$1.execute(EurekaHttpClientDecorator.java:59)
	at com.netflix.discovery.shared.transport.decorator.RedirectingEurekaHttpClient.executeOnNewServer(RedirectingEurekaHttpClient.java:121)
	at com.netflix.discovery.shared.transport.decorator.RedirectingEurekaHttpClient.execute(RedirectingEurekaHttpClient.java:80)
	at com.netflix.discovery.shared.transport.decorator.EurekaHttpClientDecorator.register(EurekaHttpClientDecorator.java:56)
	at com.netflix.discovery.shared.transport.decorator.EurekaHttpClientDecorator$1.execute(EurekaHttpClientDecorator.java:59)
	at com.netflix.discovery.shared.transport.decorator.RetryableEurekaHttpClient.execute(RetryableEurekaHttpClient.java:120)
	at com.netflix.discovery.shared.transport.decorator.EurekaHttpClientDecorator.register(EurekaHttpClientDecorator.java:56)
	at com.netflix.discovery.shared.transport.decorator.EurekaHttpClientDecorator$1.execute(EurekaHttpClientDecorator.java:59)
	at com.netflix.discovery.shared.transport.decorator.SessionedEurekaHttpClient.execute(SessionedEurekaHttpClient.java:77)
	at com.netflix.discovery.shared.transport.decorator.EurekaHttpClientDecorator.register(EurekaHttpClientDecorator.java:56)
	at com.netflix.discovery.DiscoveryClient.register(DiscoveryClient.java:820)
	at com.netflix.discovery.InstanceInfoReplicator.run(InstanceInfoReplicator.java:121)
	at java.base/java.util.concurrent.Executors$RunnableAdapter.call(Executors.java:572)
	at java.base/java.util.concurrent.FutureTask.run(FutureTask.java:317)
	at java.base/java.util.concurrent.ScheduledThreadPoolExecutor$ScheduledFutureTask.run(ScheduledThreadPoolExecutor.java:304)
	at java.base/java.util.concurrent.ThreadPoolExecutor.runWorker(ThreadPoolExecutor.java:1144)
	at java.base/java.util.concurrent.ThreadPoolExecutor$Worker.run(ThreadPoolExecutor.java:642)
	at java.base/java.lang.Thread.run(Thread.java:1583)
Caused by: org.apache.hc.client5.http.HttpHostConnectException: Connect to http://localhost:9999 [localhost/127.0.0.1, localhost/0:0:0:0:0:0:0:1] failed: Connection refused: getsockopt
	at java.base/sun.nio.ch.Net.pollConnect(Native Method)
	at java.base/sun.nio.ch.Net.pollConnectNow(Net.java:682)
	at java.base/sun.nio.ch.NioSocketImpl.timedFinishConnect(NioSocketImpl.java:542)
	at java.base/sun.nio.ch.NioSocketImpl.connect(NioSocketImpl.java:592)
	at java.base/java.net.SocksSocketImpl.connect(SocksSocketImpl.java:327)
	at java.base/java.net.Socket.connect(Socket.java:751)
	at org.apache.hc.client5.http.socket.PlainConnectionSocketFactory.lambda$connectSocket$0(PlainConnectionSocketFactory.java:91)
	at java.base/java.security.AccessController.doPrivileged(AccessController.java:571)
	at org.apache.hc.client5.http.socket.PlainConnectionSocketFactory.connectSocket(PlainConnectionSocketFactory.java:90)
	at org.apache.hc.client5.http.socket.ConnectionSocketFactory.connectSocket(ConnectionSocketFactory.java:123)
	at org.apache.hc.client5.http.impl.io.DefaultHttpClientConnectionOperator.connect(DefaultHttpClientConnectionOperator.java:189)
	at org.apache.hc.client5.http.impl.io.PoolingHttpClientConnectionManager.connect(PoolingHttpClientConnectionManager.java:450)
	at org.apache.hc.client5.http.impl.classic.InternalExecRuntime.connectEndpoint(InternalExecRuntime.java:162)
	at org.apache.hc.client5.http.impl.classic.InternalExecRuntime.connectEndpoint(InternalExecRuntime.java:172)
	at org.apache.hc.client5.http.impl.classic.ConnectExec.execute(ConnectExec.java:142)
	at org.apache.hc.client5.http.impl.classic.ExecChainElement.execute(ExecChainElement.java:51)
	at org.apache.hc.client5.http.impl.classic.ProtocolExec.execute(ProtocolExec.java:192)
	at org.apache.hc.client5.http.impl.classic.ExecChainElement.execute(ExecChainElement.java:51)
	at org.apache.hc.client5.http.impl.classic.HttpRequestRetryExec.execute(HttpRequestRetryExec.java:113)
	at org.apache.hc.client5.http.impl.classic.ExecChainElement.execute(ExecChainElement.java:51)
	at org.apache.hc.client5.http.impl.classic.ContentCompressionExec.execute(ContentCompressionExec.java:152)
	at org.apache.hc.client5.http.impl.classic.ExecChainElement.execute(ExecChainElement.java:51)
	at org.apache.hc.client5.http.impl.classic.RedirectExec.execute(RedirectExec.java:116)
	at org.apache.hc.client5.http.impl.classic.ExecChainElement.execute(ExecChainElement.java:51)
	at org.apache.hc.client5.http.impl.classic.InternalHttpClient.doExecute(InternalHttpClient.java:170)
	at org.apache.hc.client5.http.impl.classic.CloseableHttpClient.execute(CloseableHttpClient.java:87)
	at org.apache.hc.client5.http.impl.classic.CloseableHttpClient.execute(CloseableHttpClient.java:55)
	at org.apache.hc.client5.http.classic.HttpClient.executeOpen(HttpClient.java:183)
	at org.springframework.http.client.HttpComponentsClientHttpRequest.executeInternal(HttpComponentsClientHttpRequest.java:99)
	at org.springframework.http.client.AbstractStreamingClientHttpRequest.executeInternal(AbstractStreamingClientHttpRequest.java:70)
	at org.springframework.http.client.AbstractClientHttpRequest.execute(AbstractClientHttpRequest.java:66)
	at org.springframework.http.client.InterceptingClientHttpRequest$InterceptingRequestExecution.execute(InterceptingClientHttpRequest.java:112)
	at org.springframework.cloud.netflix.eureka.http.RestTemplateTransportClientFactory.lambda$restTemplate$3(RestTemplateTransportClientFactory.java:170)
	at org.springframework.http.client.InterceptingClientHttpRequest$InterceptingRequestExecution.execute(InterceptingClientHttpRequest.java:88)
	at org.springframework.http.client.InterceptingClientHttpRequest.executeInternal(InterceptingClientHttpRequest.java:72)
	at org.springframework.http.client.AbstractBufferingClientHttpRequest.executeInternal(AbstractBufferingClientHttpRequest.java:48)
	at org.springframework.http.client.AbstractClientHttpRequest.execute(AbstractClientHttpRequest.java:66)
	at org.springframework.web.client.RestTemplate.doExecute(RestTemplate.java:889)
	... 21 more

2024-10-21T22:49:36.117+07:00  WARN 8052 --- [DiscoveryClient-InstanceInfoReplicator-0] [account-service,,]c.n.d.s.t.d.RetryableEurekaHttpClient    : Request execution failed with message: I/O error on POST request for "http://localhost:9999/eureka/apps/ACCOUNT-SERVICE": Connect to http://localhost:9999 [localhost/127.0.0.1, localhost/0:0:0:0:0:0:0:1] failed: Connection refused: getsockopt
2024-10-21T22:49:36.117+07:00  WARN 8052 --- [DiscoveryClient-InstanceInfoReplicator-0] [account-service,,]com.netflix.discovery.DiscoveryClient    : DiscoveryClient_ACCOUNT-SERVICE/DESKTOP-GDQ5MDP:account-service:9080 - registration failed Cannot execute request on any known server

com.netflix.discovery.shared.transport.TransportException: Cannot execute request on any known server
	at com.netflix.discovery.shared.transport.decorator.RetryableEurekaHttpClient.execute(RetryableEurekaHttpClient.java:112) ~[eureka-client-2.0.2.jar:2.0.2]
	at com.netflix.discovery.shared.transport.decorator.EurekaHttpClientDecorator.register(EurekaHttpClientDecorator.java:56) ~[eureka-client-2.0.2.jar:2.0.2]
	at com.netflix.discovery.shared.transport.decorator.EurekaHttpClientDecorator$1.execute(EurekaHttpClientDecorator.java:59) ~[eureka-client-2.0.2.jar:2.0.2]
	at com.netflix.discovery.shared.transport.decorator.SessionedEurekaHttpClient.execute(SessionedEurekaHttpClient.java:77) ~[eureka-client-2.0.2.jar:2.0.2]
	at com.netflix.discovery.shared.transport.decorator.EurekaHttpClientDecorator.register(EurekaHttpClientDecorator.java:56) ~[eureka-client-2.0.2.jar:2.0.2]
	at com.netflix.discovery.DiscoveryClient.register(DiscoveryClient.java:820) ~[eureka-client-2.0.2.jar:2.0.2]
	at com.netflix.discovery.InstanceInfoReplicator.run(InstanceInfoReplicator.java:121) ~[eureka-client-2.0.2.jar:2.0.2]
	at java.base/java.util.concurrent.Executors$RunnableAdapter.call(Executors.java:572) ~[na:na]
	at java.base/java.util.concurrent.FutureTask.run(FutureTask.java:317) ~[na:na]
	at java.base/java.util.concurrent.ScheduledThreadPoolExecutor$ScheduledFutureTask.run(ScheduledThreadPoolExecutor.java:304) ~[na:na]
	at java.base/java.util.concurrent.ThreadPoolExecutor.runWorker(ThreadPoolExecutor.java:1144) ~[na:na]
	at java.base/java.util.concurrent.ThreadPoolExecutor$Worker.run(ThreadPoolExecutor.java:642) ~[na:na]
	at java.base/java.lang.Thread.run(Thread.java:1583) ~[na:na]

2024-10-21T22:49:36.117+07:00  WARN 8052 --- [DiscoveryClient-InstanceInfoReplicator-0] [account-service,,]c.n.discovery.InstanceInfoReplicator     : There was a problem with the instance info replicator

com.netflix.discovery.shared.transport.TransportException: Cannot execute request on any known server
	at com.netflix.discovery.shared.transport.decorator.RetryableEurekaHttpClient.execute(RetryableEurekaHttpClient.java:112) ~[eureka-client-2.0.2.jar:2.0.2]
	at com.netflix.discovery.shared.transport.decorator.EurekaHttpClientDecorator.register(EurekaHttpClientDecorator.java:56) ~[eureka-client-2.0.2.jar:2.0.2]
	at com.netflix.discovery.shared.transport.decorator.EurekaHttpClientDecorator$1.execute(EurekaHttpClientDecorator.java:59) ~[eureka-client-2.0.2.jar:2.0.2]
	at com.netflix.discovery.shared.transport.decorator.SessionedEurekaHttpClient.execute(SessionedEurekaHttpClient.java:77) ~[eureka-client-2.0.2.jar:2.0.2]
	at com.netflix.discovery.shared.transport.decorator.EurekaHttpClientDecorator.register(EurekaHttpClientDecorator.java:56) ~[eureka-client-2.0.2.jar:2.0.2]
	at com.netflix.discovery.DiscoveryClient.register(DiscoveryClient.java:820) ~[eureka-client-2.0.2.jar:2.0.2]
	at com.netflix.discovery.InstanceInfoReplicator.run(InstanceInfoReplicator.java:121) ~[eureka-client-2.0.2.jar:2.0.2]
	at java.base/java.util.concurrent.Executors$RunnableAdapter.call(Executors.java:572) ~[na:na]
	at java.base/java.util.concurrent.FutureTask.run(FutureTask.java:317) ~[na:na]
	at java.base/java.util.concurrent.ScheduledThreadPoolExecutor$ScheduledFutureTask.run(ScheduledThreadPoolExecutor.java:304) ~[na:na]
	at java.base/java.util.concurrent.ThreadPoolExecutor.runWorker(ThreadPoolExecutor.java:1144) ~[na:na]
	at java.base/java.util.concurrent.ThreadPoolExecutor$Worker.run(ThreadPoolExecutor.java:642) ~[na:na]
	at java.base/java.lang.Thread.run(Thread.java:1583) ~[na:na]

2024-10-21T22:50:06.107+07:00  INFO 8052 --- [DiscoveryClient-CacheRefreshExecutor-0] [account-service,,]com.netflix.discovery.DiscoveryClient    : Disable delta property : false
2024-10-21T22:50:06.107+07:00  INFO 8052 --- [DiscoveryClient-CacheRefreshExecutor-0] [account-service,,]com.netflix.discovery.DiscoveryClient    : Single vip registry refresh property : null
2024-10-21T22:50:06.107+07:00  INFO 8052 --- [DiscoveryClient-CacheRefreshExecutor-0] [account-service,,]com.netflix.discovery.DiscoveryClient    : Force full registry fetch : false
2024-10-21T22:50:06.107+07:00  INFO 8052 --- [DiscoveryClient-CacheRefreshExecutor-0] [account-service,,]com.netflix.discovery.DiscoveryClient    : Application is null : false
2024-10-21T22:50:06.107+07:00  INFO 8052 --- [DiscoveryClient-CacheRefreshExecutor-0] [account-service,,]com.netflix.discovery.DiscoveryClient    : Registered Applications size is zero : true
2024-10-21T22:50:06.107+07:00  INFO 8052 --- [DiscoveryClient-CacheRefreshExecutor-0] [account-service,,]com.netflix.discovery.DiscoveryClient    : Application version is -1: true
2024-10-21T22:50:06.107+07:00  INFO 8052 --- [DiscoveryClient-CacheRefreshExecutor-0] [account-service,,]com.netflix.discovery.DiscoveryClient    : Getting all instance registry info from the eureka server
2024-10-21T22:50:06.111+07:00  INFO 8052 --- [DiscoveryClient-CacheRefreshExecutor-0] [account-service,,]c.n.d.s.t.d.RedirectingEurekaHttpClient  : Request execution error. endpoint=DefaultEndpoint{ serviceUrl='http://localhost:9999/eureka/}, exception=I/O error on GET request for "http://localhost:9999/eureka/apps/": Connect to http://localhost:9999 [localhost/127.0.0.1, localhost/0:0:0:0:0:0:0:1] failed: Connection refused: getsockopt stacktrace=org.springframework.web.client.ResourceAccessException: I/O error on GET request for "http://localhost:9999/eureka/apps/": Connect to http://localhost:9999 [localhost/127.0.0.1, localhost/0:0:0:0:0:0:0:1] failed: Connection refused: getsockopt
	at org.springframework.web.client.RestTemplate.createResourceAccessException(RestTemplate.java:915)
	at org.springframework.web.client.RestTemplate.doExecute(RestTemplate.java:895)
	at org.springframework.web.client.RestTemplate.execute(RestTemplate.java:790)
	at org.springframework.web.client.RestTemplate.exchange(RestTemplate.java:672)
	at org.springframework.cloud.netflix.eureka.http.RestTemplateEurekaHttpClient.getApplicationsInternal(RestTemplateEurekaHttpClient.java:145)
	at org.springframework.cloud.netflix.eureka.http.RestTemplateEurekaHttpClient.getApplications(RestTemplateEurekaHttpClient.java:135)
	at com.netflix.discovery.shared.transport.decorator.EurekaHttpClientDecorator$6.execute(EurekaHttpClientDecorator.java:137)
	at com.netflix.discovery.shared.transport.decorator.RedirectingEurekaHttpClient.executeOnNewServer(RedirectingEurekaHttpClient.java:121)
	at com.netflix.discovery.shared.transport.decorator.RedirectingEurekaHttpClient.execute(RedirectingEurekaHttpClient.java:80)
	at com.netflix.discovery.shared.transport.decorator.EurekaHttpClientDecorator.getApplications(EurekaHttpClientDecorator.java:134)
	at com.netflix.discovery.shared.transport.decorator.EurekaHttpClientDecorator$6.execute(EurekaHttpClientDecorator.java:137)
	at com.netflix.discovery.shared.transport.decorator.RetryableEurekaHttpClient.execute(RetryableEurekaHttpClient.java:120)
	at com.netflix.discovery.shared.transport.decorator.EurekaHttpClientDecorator.getApplications(EurekaHttpClientDecorator.java:134)
	at com.netflix.discovery.shared.transport.decorator.EurekaHttpClientDecorator$6.execute(EurekaHttpClientDecorator.java:137)
	at com.netflix.discovery.shared.transport.decorator.SessionedEurekaHttpClient.execute(SessionedEurekaHttpClient.java:77)
	at com.netflix.discovery.shared.transport.decorator.EurekaHttpClientDecorator.getApplications(EurekaHttpClientDecorator.java:134)
	at com.netflix.discovery.DiscoveryClient.getAndStoreFullRegistry(DiscoveryClient.java:1045)
	at com.netflix.discovery.DiscoveryClient.fetchRegistry(DiscoveryClient.java:958)
	at com.netflix.discovery.DiscoveryClient.refreshRegistry(DiscoveryClient.java:1475)
	at com.netflix.discovery.DiscoveryClient$CacheRefreshThread.run(DiscoveryClient.java:1442)
	at java.base/java.util.concurrent.Executors$RunnableAdapter.call(Executors.java:572)
	at java.base/java.util.concurrent.FutureTask.run(FutureTask.java:317)
	at java.base/java.util.concurrent.ThreadPoolExecutor.runWorker(ThreadPoolExecutor.java:1144)
	at java.base/java.util.concurrent.ThreadPoolExecutor$Worker.run(ThreadPoolExecutor.java:642)
	at java.base/java.lang.Thread.run(Thread.java:1583)
Caused by: org.apache.hc.client5.http.HttpHostConnectException: Connect to http://localhost:9999 [localhost/127.0.0.1, localhost/0:0:0:0:0:0:0:1] failed: Connection refused: getsockopt
	at java.base/sun.nio.ch.Net.pollConnect(Native Method)
	at java.base/sun.nio.ch.Net.pollConnectNow(Net.java:682)
	at java.base/sun.nio.ch.NioSocketImpl.timedFinishConnect(NioSocketImpl.java:542)
	at java.base/sun.nio.ch.NioSocketImpl.connect(NioSocketImpl.java:592)
	at java.base/java.net.SocksSocketImpl.connect(SocksSocketImpl.java:327)
	at java.base/java.net.Socket.connect(Socket.java:751)
	at org.apache.hc.client5.http.socket.PlainConnectionSocketFactory.lambda$connectSocket$0(PlainConnectionSocketFactory.java:91)
	at java.base/java.security.AccessController.doPrivileged(AccessController.java:571)
	at org.apache.hc.client5.http.socket.PlainConnectionSocketFactory.connectSocket(PlainConnectionSocketFactory.java:90)
	at org.apache.hc.client5.http.socket.ConnectionSocketFactory.connectSocket(ConnectionSocketFactory.java:123)
	at org.apache.hc.client5.http.impl.io.DefaultHttpClientConnectionOperator.connect(DefaultHttpClientConnectionOperator.java:189)
	at org.apache.hc.client5.http.impl.io.PoolingHttpClientConnectionManager.connect(PoolingHttpClientConnectionManager.java:450)
	at org.apache.hc.client5.http.impl.classic.InternalExecRuntime.connectEndpoint(InternalExecRuntime.java:162)
	at org.apache.hc.client5.http.impl.classic.InternalExecRuntime.connectEndpoint(InternalExecRuntime.java:172)
	at org.apache.hc.client5.http.impl.classic.ConnectExec.execute(ConnectExec.java:142)
	at org.apache.hc.client5.http.impl.classic.ExecChainElement.execute(ExecChainElement.java:51)
	at org.apache.hc.client5.http.impl.classic.ProtocolExec.execute(ProtocolExec.java:192)
	at org.apache.hc.client5.http.impl.classic.ExecChainElement.execute(ExecChainElement.java:51)
	at org.apache.hc.client5.http.impl.classic.HttpRequestRetryExec.execute(HttpRequestRetryExec.java:113)
	at org.apache.hc.client5.http.impl.classic.ExecChainElement.execute(ExecChainElement.java:51)
	at org.apache.hc.client5.http.impl.classic.ContentCompressionExec.execute(ContentCompressionExec.java:152)
	at org.apache.hc.client5.http.impl.classic.ExecChainElement.execute(ExecChainElement.java:51)
	at org.apache.hc.client5.http.impl.classic.RedirectExec.execute(RedirectExec.java:116)
	at org.apache.hc.client5.http.impl.classic.ExecChainElement.execute(ExecChainElement.java:51)
	at org.apache.hc.client5.http.impl.classic.InternalHttpClient.doExecute(InternalHttpClient.java:170)
	at org.apache.hc.client5.http.impl.classic.CloseableHttpClient.execute(CloseableHttpClient.java:87)
	at org.apache.hc.client5.http.impl.classic.CloseableHttpClient.execute(CloseableHttpClient.java:55)
	at org.apache.hc.client5.http.classic.HttpClient.executeOpen(HttpClient.java:183)
	at org.springframework.http.client.HttpComponentsClientHttpRequest.executeInternal(HttpComponentsClientHttpRequest.java:99)
	at org.springframework.http.client.AbstractStreamingClientHttpRequest.executeInternal(AbstractStreamingClientHttpRequest.java:70)
	at org.springframework.http.client.AbstractClientHttpRequest.execute(AbstractClientHttpRequest.java:66)
	at org.springframework.http.client.InterceptingClientHttpRequest$InterceptingRequestExecution.execute(InterceptingClientHttpRequest.java:112)
	at org.springframework.cloud.netflix.eureka.http.RestTemplateTransportClientFactory.lambda$restTemplate$3(RestTemplateTransportClientFactory.java:170)
	at org.springframework.http.client.InterceptingClientHttpRequest$InterceptingRequestExecution.execute(InterceptingClientHttpRequest.java:88)
	at org.springframework.http.client.InterceptingClientHttpRequest.executeInternal(InterceptingClientHttpRequest.java:72)
	at org.springframework.http.client.AbstractBufferingClientHttpRequest.executeInternal(AbstractBufferingClientHttpRequest.java:48)
	at org.springframework.http.client.AbstractClientHttpRequest.execute(AbstractClientHttpRequest.java:66)
	at org.springframework.web.client.RestTemplate.doExecute(RestTemplate.java:889)
	... 23 more

2024-10-21T22:50:06.112+07:00  WARN 8052 --- [DiscoveryClient-CacheRefreshExecutor-0] [account-service,,]c.n.d.s.t.d.RetryableEurekaHttpClient    : Request execution failed with message: I/O error on GET request for "http://localhost:9999/eureka/apps/": Connect to http://localhost:9999 [localhost/127.0.0.1, localhost/0:0:0:0:0:0:0:1] failed: Connection refused: getsockopt
2024-10-21T22:50:06.112+07:00  INFO 8052 --- [DiscoveryClient-CacheRefreshExecutor-0] [account-service,,]com.netflix.discovery.DiscoveryClient    : DiscoveryClient_ACCOUNT-SERVICE/DESKTOP-GDQ5MDP:account-service:9080 - was unable to refresh its cache! This periodic background refresh will be retried in 30 seconds. status = Cannot execute request on any known server stacktrace = com.netflix.discovery.shared.transport.TransportException: Cannot execute request on any known server
	at com.netflix.discovery.shared.transport.decorator.RetryableEurekaHttpClient.execute(RetryableEurekaHttpClient.java:112)
	at com.netflix.discovery.shared.transport.decorator.EurekaHttpClientDecorator.getApplications(EurekaHttpClientDecorator.java:134)
	at com.netflix.discovery.shared.transport.decorator.EurekaHttpClientDecorator$6.execute(EurekaHttpClientDecorator.java:137)
	at com.netflix.discovery.shared.transport.decorator.SessionedEurekaHttpClient.execute(SessionedEurekaHttpClient.java:77)
	at com.netflix.discovery.shared.transport.decorator.EurekaHttpClientDecorator.getApplications(EurekaHttpClientDecorator.java:134)
	at com.netflix.discovery.DiscoveryClient.getAndStoreFullRegistry(DiscoveryClient.java:1045)
	at com.netflix.discovery.DiscoveryClient.fetchRegistry(DiscoveryClient.java:958)
	at com.netflix.discovery.DiscoveryClient.refreshRegistry(DiscoveryClient.java:1475)
	at com.netflix.discovery.DiscoveryClient$CacheRefreshThread.run(DiscoveryClient.java:1442)
	at java.base/java.util.concurrent.Executors$RunnableAdapter.call(Executors.java:572)
	at java.base/java.util.concurrent.FutureTask.run(FutureTask.java:317)
	at java.base/java.util.concurrent.ThreadPoolExecutor.runWorker(ThreadPoolExecutor.java:1144)
	at java.base/java.util.concurrent.ThreadPoolExecutor$Worker.run(ThreadPoolExecutor.java:642)
	at java.base/java.lang.Thread.run(Thread.java:1583)

2024-10-21T22:50:06.122+07:00  INFO 8052 --- [DiscoveryClient-InstanceInfoReplicator-0] [account-service,,]com.netflix.discovery.DiscoveryClient    : DiscoveryClient_ACCOUNT-SERVICE/DESKTOP-GDQ5MDP:account-service:9080: registering service...
2024-10-21T22:50:06.122+07:00  INFO 8052 --- [DiscoveryClient-HeartbeatExecutor-0] [account-service,,]c.n.d.s.t.d.RedirectingEurekaHttpClient  : Request execution error. endpoint=DefaultEndpoint{ serviceUrl='http://localhost:9999/eureka/}, exception=I/O error on PUT request for "http://localhost:9999/eureka/apps/ACCOUNT-SERVICE/DESKTOP-GDQ5MDP:account-service:9080": Connect to http://localhost:9999 [localhost/127.0.0.1, localhost/0:0:0:0:0:0:0:1] failed: Connection refused: getsockopt stacktrace=org.springframework.web.client.ResourceAccessException: I/O error on PUT request for "http://localhost:9999/eureka/apps/ACCOUNT-SERVICE/DESKTOP-GDQ5MDP:account-service:9080": Connect to http://localhost:9999 [localhost/127.0.0.1, localhost/0:0:0:0:0:0:0:1] failed: Connection refused: getsockopt
	at org.springframework.web.client.RestTemplate.createResourceAccessException(RestTemplate.java:915)
	at org.springframework.web.client.RestTemplate.doExecute(RestTemplate.java:895)
	at org.springframework.web.client.RestTemplate.execute(RestTemplate.java:790)
	at org.springframework.web.client.RestTemplate.exchange(RestTemplate.java:672)
	at org.springframework.cloud.netflix.eureka.http.RestTemplateEurekaHttpClient.sendHeartBeat(RestTemplateEurekaHttpClient.java:99)
	at com.netflix.discovery.shared.transport.decorator.EurekaHttpClientDecorator$3.execute(EurekaHttpClientDecorator.java:92)
	at com.netflix.discovery.shared.transport.decorator.RedirectingEurekaHttpClient.executeOnNewServer(RedirectingEurekaHttpClient.java:121)
	at com.netflix.discovery.shared.transport.decorator.RedirectingEurekaHttpClient.execute(RedirectingEurekaHttpClient.java:80)
	at com.netflix.discovery.shared.transport.decorator.EurekaHttpClientDecorator.sendHeartBeat(EurekaHttpClientDecorator.java:89)
	at com.netflix.discovery.shared.transport.decorator.EurekaHttpClientDecorator$3.execute(EurekaHttpClientDecorator.java:92)
	at com.netflix.discovery.shared.transport.decorator.RetryableEurekaHttpClient.execute(RetryableEurekaHttpClient.java:120)
	at com.netflix.discovery.shared.transport.decorator.EurekaHttpClientDecorator.sendHeartBeat(EurekaHttpClientDecorator.java:89)
	at com.netflix.discovery.shared.transport.decorator.EurekaHttpClientDecorator$3.execute(EurekaHttpClientDecorator.java:92)
	at com.netflix.discovery.shared.transport.decorator.SessionedEurekaHttpClient.execute(SessionedEurekaHttpClient.java:77)
	at com.netflix.discovery.shared.transport.decorator.EurekaHttpClientDecorator.sendHeartBeat(EurekaHttpClientDecorator.java:89)
	at com.netflix.discovery.DiscoveryClient.renew(DiscoveryClient.java:837)
	at com.netflix.discovery.DiscoveryClient$HeartbeatThread.run(DiscoveryClient.java:1401)
	at java.base/java.util.concurrent.Executors$RunnableAdapter.call(Executors.java:572)
	at java.base/java.util.concurrent.FutureTask.run(FutureTask.java:317)
	at java.base/java.util.concurrent.ThreadPoolExecutor.runWorker(ThreadPoolExecutor.java:1144)
	at java.base/java.util.concurrent.ThreadPoolExecutor$Worker.run(ThreadPoolExecutor.java:642)
	at java.base/java.lang.Thread.run(Thread.java:1583)
Caused by: org.apache.hc.client5.http.HttpHostConnectException: Connect to http://localhost:9999 [localhost/127.0.0.1, localhost/0:0:0:0:0:0:0:1] failed: Connection refused: getsockopt
	at java.base/sun.nio.ch.Net.pollConnect(Native Method)
	at java.base/sun.nio.ch.Net.pollConnectNow(Net.java:682)
	at java.base/sun.nio.ch.NioSocketImpl.timedFinishConnect(NioSocketImpl.java:542)
	at java.base/sun.nio.ch.NioSocketImpl.connect(NioSocketImpl.java:592)
	at java.base/java.net.SocksSocketImpl.connect(SocksSocketImpl.java:327)
	at java.base/java.net.Socket.connect(Socket.java:751)
	at org.apache.hc.client5.http.socket.PlainConnectionSocketFactory.lambda$connectSocket$0(PlainConnectionSocketFactory.java:91)
	at java.base/java.security.AccessController.doPrivileged(AccessController.java:571)
	at org.apache.hc.client5.http.socket.PlainConnectionSocketFactory.connectSocket(PlainConnectionSocketFactory.java:90)
	at org.apache.hc.client5.http.socket.ConnectionSocketFactory.connectSocket(ConnectionSocketFactory.java:123)
	at org.apache.hc.client5.http.impl.io.DefaultHttpClientConnectionOperator.connect(DefaultHttpClientConnectionOperator.java:189)
	at org.apache.hc.client5.http.impl.io.PoolingHttpClientConnectionManager.connect(PoolingHttpClientConnectionManager.java:450)
	at org.apache.hc.client5.http.impl.classic.InternalExecRuntime.connectEndpoint(InternalExecRuntime.java:162)
	at org.apache.hc.client5.http.impl.classic.InternalExecRuntime.connectEndpoint(InternalExecRuntime.java:172)
	at org.apache.hc.client5.http.impl.classic.ConnectExec.execute(ConnectExec.java:142)
	at org.apache.hc.client5.http.impl.classic.ExecChainElement.execute(ExecChainElement.java:51)
	at org.apache.hc.client5.http.impl.classic.ProtocolExec.execute(ProtocolExec.java:192)
	at org.apache.hc.client5.http.impl.classic.ExecChainElement.execute(ExecChainElement.java:51)
	at org.apache.hc.client5.http.impl.classic.HttpRequestRetryExec.execute(HttpRequestRetryExec.java:113)
	at org.apache.hc.client5.http.impl.classic.ExecChainElement.execute(ExecChainElement.java:51)
	at org.apache.hc.client5.http.impl.classic.ContentCompressionExec.execute(ContentCompressionExec.java:152)
	at org.apache.hc.client5.http.impl.classic.ExecChainElement.execute(ExecChainElement.java:51)
	at org.apache.hc.client5.http.impl.classic.RedirectExec.execute(RedirectExec.java:116)
	at org.apache.hc.client5.http.impl.classic.ExecChainElement.execute(ExecChainElement.java:51)
	at org.apache.hc.client5.http.impl.classic.InternalHttpClient.doExecute(InternalHttpClient.java:170)
	at org.apache.hc.client5.http.impl.classic.CloseableHttpClient.execute(CloseableHttpClient.java:87)
	at org.apache.hc.client5.http.impl.classic.CloseableHttpClient.execute(CloseableHttpClient.java:55)
	at org.apache.hc.client5.http.classic.HttpClient.executeOpen(HttpClient.java:183)
	at org.springframework.http.client.HttpComponentsClientHttpRequest.executeInternal(HttpComponentsClientHttpRequest.java:99)
	at org.springframework.http.client.AbstractStreamingClientHttpRequest.executeInternal(AbstractStreamingClientHttpRequest.java:70)
	at org.springframework.http.client.AbstractClientHttpRequest.execute(AbstractClientHttpRequest.java:66)
	at org.springframework.http.client.InterceptingClientHttpRequest$InterceptingRequestExecution.execute(InterceptingClientHttpRequest.java:112)
	at org.springframework.cloud.netflix.eureka.http.RestTemplateTransportClientFactory.lambda$restTemplate$3(RestTemplateTransportClientFactory.java:170)
	at org.springframework.http.client.InterceptingClientHttpRequest$InterceptingRequestExecution.execute(InterceptingClientHttpRequest.java:88)
	at org.springframework.http.client.InterceptingClientHttpRequest.executeInternal(InterceptingClientHttpRequest.java:72)
	at org.springframework.http.client.AbstractBufferingClientHttpRequest.executeInternal(AbstractBufferingClientHttpRequest.java:48)
	at org.springframework.http.client.AbstractClientHttpRequest.execute(AbstractClientHttpRequest.java:66)
	at org.springframework.web.client.RestTemplate.doExecute(RestTemplate.java:889)
	... 20 more

2024-10-21T22:50:06.122+07:00  WARN 8052 --- [DiscoveryClient-HeartbeatExecutor-0] [account-service,,]c.n.d.s.t.d.RetryableEurekaHttpClient    : Request execution failed with message: I/O error on PUT request for "http://localhost:9999/eureka/apps/ACCOUNT-SERVICE/DESKTOP-GDQ5MDP:account-service:9080": Connect to http://localhost:9999 [localhost/127.0.0.1, localhost/0:0:0:0:0:0:0:1] failed: Connection refused: getsockopt
2024-10-21T22:50:06.122+07:00 ERROR 8052 --- [DiscoveryClient-HeartbeatExecutor-0] [account-service,,]com.netflix.discovery.DiscoveryClient    : DiscoveryClient_ACCOUNT-SERVICE/DESKTOP-GDQ5MDP:account-service:9080 - was unable to send heartbeat!

com.netflix.discovery.shared.transport.TransportException: Cannot execute request on any known server
	at com.netflix.discovery.shared.transport.decorator.RetryableEurekaHttpClient.execute(RetryableEurekaHttpClient.java:112) ~[eureka-client-2.0.2.jar:2.0.2]
	at com.netflix.discovery.shared.transport.decorator.EurekaHttpClientDecorator.sendHeartBeat(EurekaHttpClientDecorator.java:89) ~[eureka-client-2.0.2.jar:2.0.2]
	at com.netflix.discovery.shared.transport.decorator.EurekaHttpClientDecorator$3.execute(EurekaHttpClientDecorator.java:92) ~[eureka-client-2.0.2.jar:2.0.2]
	at com.netflix.discovery.shared.transport.decorator.SessionedEurekaHttpClient.execute(SessionedEurekaHttpClient.java:77) ~[eureka-client-2.0.2.jar:2.0.2]
	at com.netflix.discovery.shared.transport.decorator.EurekaHttpClientDecorator.sendHeartBeat(EurekaHttpClientDecorator.java:89) ~[eureka-client-2.0.2.jar:2.0.2]
	at com.netflix.discovery.DiscoveryClient.renew(DiscoveryClient.java:837) ~[eureka-client-2.0.2.jar:2.0.2]
	at com.netflix.discovery.DiscoveryClient$HeartbeatThread.run(DiscoveryClient.java:1401) ~[eureka-client-2.0.2.jar:2.0.2]
	at java.base/java.util.concurrent.Executors$RunnableAdapter.call(Executors.java:572) ~[na:na]
	at java.base/java.util.concurrent.FutureTask.run(FutureTask.java:317) ~[na:na]
	at java.base/java.util.concurrent.ThreadPoolExecutor.runWorker(ThreadPoolExecutor.java:1144) ~[na:na]
	at java.base/java.util.concurrent.ThreadPoolExecutor$Worker.run(ThreadPoolExecutor.java:642) ~[na:na]
	at java.base/java.lang.Thread.run(Thread.java:1583) ~[na:na]

2024-10-21T22:50:06.127+07:00  INFO 8052 --- [DiscoveryClient-InstanceInfoReplicator-0] [account-service,,]c.n.d.s.t.d.RedirectingEurekaHttpClient  : Request execution error. endpoint=DefaultEndpoint{ serviceUrl='http://localhost:9999/eureka/}, exception=I/O error on POST request for "http://localhost:9999/eureka/apps/ACCOUNT-SERVICE": Connect to http://localhost:9999 [localhost/127.0.0.1, localhost/0:0:0:0:0:0:0:1] failed: Connection refused: getsockopt stacktrace=org.springframework.web.client.ResourceAccessException: I/O error on POST request for "http://localhost:9999/eureka/apps/ACCOUNT-SERVICE": Connect to http://localhost:9999 [localhost/127.0.0.1, localhost/0:0:0:0:0:0:0:1] failed: Connection refused: getsockopt
	at org.springframework.web.client.RestTemplate.createResourceAccessException(RestTemplate.java:915)
	at org.springframework.web.client.RestTemplate.doExecute(RestTemplate.java:895)
	at org.springframework.web.client.RestTemplate.execute(RestTemplate.java:790)
	at org.springframework.web.client.RestTemplate.exchange(RestTemplate.java:672)
	at org.springframework.cloud.netflix.eureka.http.RestTemplateEurekaHttpClient.register(RestTemplateEurekaHttpClient.java:77)
	at com.netflix.discovery.shared.transport.decorator.EurekaHttpClientDecorator$1.execute(EurekaHttpClientDecorator.java:59)
	at com.netflix.discovery.shared.transport.decorator.RedirectingEurekaHttpClient.executeOnNewServer(RedirectingEurekaHttpClient.java:121)
	at com.netflix.discovery.shared.transport.decorator.RedirectingEurekaHttpClient.execute(RedirectingEurekaHttpClient.java:80)
	at com.netflix.discovery.shared.transport.decorator.EurekaHttpClientDecorator.register(EurekaHttpClientDecorator.java:56)
	at com.netflix.discovery.shared.transport.decorator.EurekaHttpClientDecorator$1.execute(EurekaHttpClientDecorator.java:59)
	at com.netflix.discovery.shared.transport.decorator.RetryableEurekaHttpClient.execute(RetryableEurekaHttpClient.java:120)
	at com.netflix.discovery.shared.transport.decorator.EurekaHttpClientDecorator.register(EurekaHttpClientDecorator.java:56)
	at com.netflix.discovery.shared.transport.decorator.EurekaHttpClientDecorator$1.execute(EurekaHttpClientDecorator.java:59)
	at com.netflix.discovery.shared.transport.decorator.SessionedEurekaHttpClient.execute(SessionedEurekaHttpClient.java:77)
	at com.netflix.discovery.shared.transport.decorator.EurekaHttpClientDecorator.register(EurekaHttpClientDecorator.java:56)
	at com.netflix.discovery.DiscoveryClient.register(DiscoveryClient.java:820)
	at com.netflix.discovery.InstanceInfoReplicator.run(InstanceInfoReplicator.java:121)
	at java.base/java.util.concurrent.Executors$RunnableAdapter.call(Executors.java:572)
	at java.base/java.util.concurrent.FutureTask.run(FutureTask.java:317)
	at java.base/java.util.concurrent.ScheduledThreadPoolExecutor$ScheduledFutureTask.run(ScheduledThreadPoolExecutor.java:304)
	at java.base/java.util.concurrent.ThreadPoolExecutor.runWorker(ThreadPoolExecutor.java:1144)
	at java.base/java.util.concurrent.ThreadPoolExecutor$Worker.run(ThreadPoolExecutor.java:642)
	at java.base/java.lang.Thread.run(Thread.java:1583)
Caused by: org.apache.hc.client5.http.HttpHostConnectException: Connect to http://localhost:9999 [localhost/127.0.0.1, localhost/0:0:0:0:0:0:0:1] failed: Connection refused: getsockopt
	at java.base/sun.nio.ch.Net.pollConnect(Native Method)
	at java.base/sun.nio.ch.Net.pollConnectNow(Net.java:682)
	at java.base/sun.nio.ch.NioSocketImpl.timedFinishConnect(NioSocketImpl.java:542)
	at java.base/sun.nio.ch.NioSocketImpl.connect(NioSocketImpl.java:592)
	at java.base/java.net.SocksSocketImpl.connect(SocksSocketImpl.java:327)
	at java.base/java.net.Socket.connect(Socket.java:751)
	at org.apache.hc.client5.http.socket.PlainConnectionSocketFactory.lambda$connectSocket$0(PlainConnectionSocketFactory.java:91)
	at java.base/java.security.AccessController.doPrivileged(AccessController.java:571)
	at org.apache.hc.client5.http.socket.PlainConnectionSocketFactory.connectSocket(PlainConnectionSocketFactory.java:90)
	at org.apache.hc.client5.http.socket.ConnectionSocketFactory.connectSocket(ConnectionSocketFactory.java:123)
	at org.apache.hc.client5.http.impl.io.DefaultHttpClientConnectionOperator.connect(DefaultHttpClientConnectionOperator.java:189)
	at org.apache.hc.client5.http.impl.io.PoolingHttpClientConnectionManager.connect(PoolingHttpClientConnectionManager.java:450)
	at org.apache.hc.client5.http.impl.classic.InternalExecRuntime.connectEndpoint(InternalExecRuntime.java:162)
	at org.apache.hc.client5.http.impl.classic.InternalExecRuntime.connectEndpoint(InternalExecRuntime.java:172)
	at org.apache.hc.client5.http.impl.classic.ConnectExec.execute(ConnectExec.java:142)
	at org.apache.hc.client5.http.impl.classic.ExecChainElement.execute(ExecChainElement.java:51)
	at org.apache.hc.client5.http.impl.classic.ProtocolExec.execute(ProtocolExec.java:192)
	at org.apache.hc.client5.http.impl.classic.ExecChainElement.execute(ExecChainElement.java:51)
	at org.apache.hc.client5.http.impl.classic.HttpRequestRetryExec.execute(HttpRequestRetryExec.java:113)
	at org.apache.hc.client5.http.impl.classic.ExecChainElement.execute(ExecChainElement.java:51)
	at org.apache.hc.client5.http.impl.classic.ContentCompressionExec.execute(ContentCompressionExec.java:152)
	at org.apache.hc.client5.http.impl.classic.ExecChainElement.execute(ExecChainElement.java:51)
	at org.apache.hc.client5.http.impl.classic.RedirectExec.execute(RedirectExec.java:116)
	at org.apache.hc.client5.http.impl.classic.ExecChainElement.execute(ExecChainElement.java:51)
	at org.apache.hc.client5.http.impl.classic.InternalHttpClient.doExecute(InternalHttpClient.java:170)
	at org.apache.hc.client5.http.impl.classic.CloseableHttpClient.execute(CloseableHttpClient.java:87)
	at org.apache.hc.client5.http.impl.classic.CloseableHttpClient.execute(CloseableHttpClient.java:55)
	at org.apache.hc.client5.http.classic.HttpClient.executeOpen(HttpClient.java:183)
	at org.springframework.http.client.HttpComponentsClientHttpRequest.executeInternal(HttpComponentsClientHttpRequest.java:99)
	at org.springframework.http.client.AbstractStreamingClientHttpRequest.executeInternal(AbstractStreamingClientHttpRequest.java:70)
	at org.springframework.http.client.AbstractClientHttpRequest.execute(AbstractClientHttpRequest.java:66)
	at org.springframework.http.client.InterceptingClientHttpRequest$InterceptingRequestExecution.execute(InterceptingClientHttpRequest.java:112)
	at org.springframework.cloud.netflix.eureka.http.RestTemplateTransportClientFactory.lambda$restTemplate$3(RestTemplateTransportClientFactory.java:170)
	at org.springframework.http.client.InterceptingClientHttpRequest$InterceptingRequestExecution.execute(InterceptingClientHttpRequest.java:88)
	at org.springframework.http.client.InterceptingClientHttpRequest.executeInternal(InterceptingClientHttpRequest.java:72)
	at org.springframework.http.client.AbstractBufferingClientHttpRequest.executeInternal(AbstractBufferingClientHttpRequest.java:48)
	at org.springframework.http.client.AbstractClientHttpRequest.execute(AbstractClientHttpRequest.java:66)
	at org.springframework.web.client.RestTemplate.doExecute(RestTemplate.java:889)
	... 21 more

2024-10-21T22:50:06.127+07:00  WARN 8052 --- [DiscoveryClient-InstanceInfoReplicator-0] [account-service,,]c.n.d.s.t.d.RetryableEurekaHttpClient    : Request execution failed with message: I/O error on POST request for "http://localhost:9999/eureka/apps/ACCOUNT-SERVICE": Connect to http://localhost:9999 [localhost/127.0.0.1, localhost/0:0:0:0:0:0:0:1] failed: Connection refused: getsockopt
2024-10-21T22:50:06.127+07:00  WARN 8052 --- [DiscoveryClient-InstanceInfoReplicator-0] [account-service,,]com.netflix.discovery.DiscoveryClient    : DiscoveryClient_ACCOUNT-SERVICE/DESKTOP-GDQ5MDP:account-service:9080 - registration failed Cannot execute request on any known server

com.netflix.discovery.shared.transport.TransportException: Cannot execute request on any known server
	at com.netflix.discovery.shared.transport.decorator.RetryableEurekaHttpClient.execute(RetryableEurekaHttpClient.java:112) ~[eureka-client-2.0.2.jar:2.0.2]
	at com.netflix.discovery.shared.transport.decorator.EurekaHttpClientDecorator.register(EurekaHttpClientDecorator.java:56) ~[eureka-client-2.0.2.jar:2.0.2]
	at com.netflix.discovery.shared.transport.decorator.EurekaHttpClientDecorator$1.execute(EurekaHttpClientDecorator.java:59) ~[eureka-client-2.0.2.jar:2.0.2]
	at com.netflix.discovery.shared.transport.decorator.SessionedEurekaHttpClient.execute(SessionedEurekaHttpClient.java:77) ~[eureka-client-2.0.2.jar:2.0.2]
	at com.netflix.discovery.shared.transport.decorator.EurekaHttpClientDecorator.register(EurekaHttpClientDecorator.java:56) ~[eureka-client-2.0.2.jar:2.0.2]
	at com.netflix.discovery.DiscoveryClient.register(DiscoveryClient.java:820) ~[eureka-client-2.0.2.jar:2.0.2]
	at com.netflix.discovery.InstanceInfoReplicator.run(InstanceInfoReplicator.java:121) ~[eureka-client-2.0.2.jar:2.0.2]
	at java.base/java.util.concurrent.Executors$RunnableAdapter.call(Executors.java:572) ~[na:na]
	at java.base/java.util.concurrent.FutureTask.run(FutureTask.java:317) ~[na:na]
	at java.base/java.util.concurrent.ScheduledThreadPoolExecutor$ScheduledFutureTask.run(ScheduledThreadPoolExecutor.java:304) ~[na:na]
	at java.base/java.util.concurrent.ThreadPoolExecutor.runWorker(ThreadPoolExecutor.java:1144) ~[na:na]
	at java.base/java.util.concurrent.ThreadPoolExecutor$Worker.run(ThreadPoolExecutor.java:642) ~[na:na]
	at java.base/java.lang.Thread.run(Thread.java:1583) ~[na:na]

2024-10-21T22:50:06.128+07:00  WARN 8052 --- [DiscoveryClient-InstanceInfoReplicator-0] [account-service,,]c.n.discovery.InstanceInfoReplicator     : There was a problem with the instance info replicator

com.netflix.discovery.shared.transport.TransportException: Cannot execute request on any known server
	at com.netflix.discovery.shared.transport.decorator.RetryableEurekaHttpClient.execute(RetryableEurekaHttpClient.java:112) ~[eureka-client-2.0.2.jar:2.0.2]
	at com.netflix.discovery.shared.transport.decorator.EurekaHttpClientDecorator.register(EurekaHttpClientDecorator.java:56) ~[eureka-client-2.0.2.jar:2.0.2]
	at com.netflix.discovery.shared.transport.decorator.EurekaHttpClientDecorator$1.execute(EurekaHttpClientDecorator.java:59) ~[eureka-client-2.0.2.jar:2.0.2]
	at com.netflix.discovery.shared.transport.decorator.SessionedEurekaHttpClient.execute(SessionedEurekaHttpClient.java:77) ~[eureka-client-2.0.2.jar:2.0.2]
	at com.netflix.discovery.shared.transport.decorator.EurekaHttpClientDecorator.register(EurekaHttpClientDecorator.java:56) ~[eureka-client-2.0.2.jar:2.0.2]
	at com.netflix.discovery.DiscoveryClient.register(DiscoveryClient.java:820) ~[eureka-client-2.0.2.jar:2.0.2]
	at com.netflix.discovery.InstanceInfoReplicator.run(InstanceInfoReplicator.java:121) ~[eureka-client-2.0.2.jar:2.0.2]
	at java.base/java.util.concurrent.Executors$RunnableAdapter.call(Executors.java:572) ~[na:na]
	at java.base/java.util.concurrent.FutureTask.run(FutureTask.java:317) ~[na:na]
	at java.base/java.util.concurrent.ScheduledThreadPoolExecutor$ScheduledFutureTask.run(ScheduledThreadPoolExecutor.java:304) ~[na:na]
	at java.base/java.util.concurrent.ThreadPoolExecutor.runWorker(ThreadPoolExecutor.java:1144) ~[na:na]
	at java.base/java.util.concurrent.ThreadPoolExecutor$Worker.run(ThreadPoolExecutor.java:642) ~[na:na]
	at java.base/java.lang.Thread.run(Thread.java:1583) ~[na:na]

2024-10-21T22:50:23.634+07:00  INFO 8052 --- [SpringApplicationShutdownHook] [account-service,,]o.s.c.n.e.s.EurekaServiceRegistry        : Unregistering application ACCOUNT-SERVICE with eureka with status DOWN
2024-10-21T22:50:23.634+07:00  INFO 8052 --- [SpringApplicationShutdownHook] [account-service,,]com.netflix.discovery.DiscoveryClient    : Saw local status change event StatusChangeEvent [timestamp=1729525823634, current=DOWN, previous=UP]
2024-10-21T22:50:23.634+07:00  INFO 8052 --- [DiscoveryClient-InstanceInfoReplicator-0] [account-service,,]com.netflix.discovery.DiscoveryClient    : DiscoveryClient_ACCOUNT-SERVICE/DESKTOP-GDQ5MDP:account-service:9080: registering service...
2024-10-21T22:50:23.638+07:00  INFO 8052 --- [DiscoveryClient-InstanceInfoReplicator-0] [account-service,,]c.n.d.s.t.d.RedirectingEurekaHttpClient  : Request execution error. endpoint=DefaultEndpoint{ serviceUrl='http://localhost:9999/eureka/}, exception=I/O error on POST request for "http://localhost:9999/eureka/apps/ACCOUNT-SERVICE": Connect to http://localhost:9999 [localhost/127.0.0.1, localhost/0:0:0:0:0:0:0:1] failed: Connection refused: getsockopt stacktrace=org.springframework.web.client.ResourceAccessException: I/O error on POST request for "http://localhost:9999/eureka/apps/ACCOUNT-SERVICE": Connect to http://localhost:9999 [localhost/127.0.0.1, localhost/0:0:0:0:0:0:0:1] failed: Connection refused: getsockopt
	at org.springframework.web.client.RestTemplate.createResourceAccessException(RestTemplate.java:915)
	at org.springframework.web.client.RestTemplate.doExecute(RestTemplate.java:895)
	at org.springframework.web.client.RestTemplate.execute(RestTemplate.java:790)
	at org.springframework.web.client.RestTemplate.exchange(RestTemplate.java:672)
	at org.springframework.cloud.netflix.eureka.http.RestTemplateEurekaHttpClient.register(RestTemplateEurekaHttpClient.java:77)
	at com.netflix.discovery.shared.transport.decorator.EurekaHttpClientDecorator$1.execute(EurekaHttpClientDecorator.java:59)
	at com.netflix.discovery.shared.transport.decorator.RedirectingEurekaHttpClient.executeOnNewServer(RedirectingEurekaHttpClient.java:121)
	at com.netflix.discovery.shared.transport.decorator.RedirectingEurekaHttpClient.execute(RedirectingEurekaHttpClient.java:80)
	at com.netflix.discovery.shared.transport.decorator.EurekaHttpClientDecorator.register(EurekaHttpClientDecorator.java:56)
	at com.netflix.discovery.shared.transport.decorator.EurekaHttpClientDecorator$1.execute(EurekaHttpClientDecorator.java:59)
	at com.netflix.discovery.shared.transport.decorator.RetryableEurekaHttpClient.execute(RetryableEurekaHttpClient.java:120)
	at com.netflix.discovery.shared.transport.decorator.EurekaHttpClientDecorator.register(EurekaHttpClientDecorator.java:56)
	at com.netflix.discovery.shared.transport.decorator.EurekaHttpClientDecorator$1.execute(EurekaHttpClientDecorator.java:59)
	at com.netflix.discovery.shared.transport.decorator.SessionedEurekaHttpClient.execute(SessionedEurekaHttpClient.java:77)
	at com.netflix.discovery.shared.transport.decorator.EurekaHttpClientDecorator.register(EurekaHttpClientDecorator.java:56)
	at com.netflix.discovery.DiscoveryClient.register(DiscoveryClient.java:820)
	at com.netflix.discovery.InstanceInfoReplicator.run(InstanceInfoReplicator.java:121)
	at com.netflix.discovery.InstanceInfoReplicator$1.run(InstanceInfoReplicator.java:101)
	at java.base/java.util.concurrent.Executors$RunnableAdapter.call(Executors.java:572)
	at java.base/java.util.concurrent.FutureTask.run(FutureTask.java:317)
	at java.base/java.util.concurrent.ScheduledThreadPoolExecutor$ScheduledFutureTask.run(ScheduledThreadPoolExecutor.java:304)
	at java.base/java.util.concurrent.ThreadPoolExecutor.runWorker(ThreadPoolExecutor.java:1144)
	at java.base/java.util.concurrent.ThreadPoolExecutor$Worker.run(ThreadPoolExecutor.java:642)
	at java.base/java.lang.Thread.run(Thread.java:1583)
Caused by: org.apache.hc.client5.http.HttpHostConnectException: Connect to http://localhost:9999 [localhost/127.0.0.1, localhost/0:0:0:0:0:0:0:1] failed: Connection refused: getsockopt
	at java.base/sun.nio.ch.Net.pollConnect(Native Method)
	at java.base/sun.nio.ch.Net.pollConnectNow(Net.java:682)
	at java.base/sun.nio.ch.NioSocketImpl.timedFinishConnect(NioSocketImpl.java:542)
	at java.base/sun.nio.ch.NioSocketImpl.connect(NioSocketImpl.java:592)
	at java.base/java.net.SocksSocketImpl.connect(SocksSocketImpl.java:327)
	at java.base/java.net.Socket.connect(Socket.java:751)
	at org.apache.hc.client5.http.socket.PlainConnectionSocketFactory.lambda$connectSocket$0(PlainConnectionSocketFactory.java:91)
	at java.base/java.security.AccessController.doPrivileged(AccessController.java:571)
	at org.apache.hc.client5.http.socket.PlainConnectionSocketFactory.connectSocket(PlainConnectionSocketFactory.java:90)
	at org.apache.hc.client5.http.socket.ConnectionSocketFactory.connectSocket(ConnectionSocketFactory.java:123)
	at org.apache.hc.client5.http.impl.io.DefaultHttpClientConnectionOperator.connect(DefaultHttpClientConnectionOperator.java:189)
	at org.apache.hc.client5.http.impl.io.PoolingHttpClientConnectionManager.connect(PoolingHttpClientConnectionManager.java:450)
	at org.apache.hc.client5.http.impl.classic.InternalExecRuntime.connectEndpoint(InternalExecRuntime.java:162)
	at org.apache.hc.client5.http.impl.classic.InternalExecRuntime.connectEndpoint(InternalExecRuntime.java:172)
	at org.apache.hc.client5.http.impl.classic.ConnectExec.execute(ConnectExec.java:142)
	at org.apache.hc.client5.http.impl.classic.ExecChainElement.execute(ExecChainElement.java:51)
	at org.apache.hc.client5.http.impl.classic.ProtocolExec.execute(ProtocolExec.java:192)
	at org.apache.hc.client5.http.impl.classic.ExecChainElement.execute(ExecChainElement.java:51)
	at org.apache.hc.client5.http.impl.classic.HttpRequestRetryExec.execute(HttpRequestRetryExec.java:113)
	at org.apache.hc.client5.http.impl.classic.ExecChainElement.execute(ExecChainElement.java:51)
	at org.apache.hc.client5.http.impl.classic.ContentCompressionExec.execute(ContentCompressionExec.java:152)
	at org.apache.hc.client5.http.impl.classic.ExecChainElement.execute(ExecChainElement.java:51)
	at org.apache.hc.client5.http.impl.classic.RedirectExec.execute(RedirectExec.java:116)
	at org.apache.hc.client5.http.impl.classic.ExecChainElement.execute(ExecChainElement.java:51)
	at org.apache.hc.client5.http.impl.classic.InternalHttpClient.doExecute(InternalHttpClient.java:170)
	at org.apache.hc.client5.http.impl.classic.CloseableHttpClient.execute(CloseableHttpClient.java:87)
	at org.apache.hc.client5.http.impl.classic.CloseableHttpClient.execute(CloseableHttpClient.java:55)
	at org.apache.hc.client5.http.classic.HttpClient.executeOpen(HttpClient.java:183)
	at org.springframework.http.client.HttpComponentsClientHttpRequest.executeInternal(HttpComponentsClientHttpRequest.java:99)
	at org.springframework.http.client.AbstractStreamingClientHttpRequest.executeInternal(AbstractStreamingClientHttpRequest.java:70)
	at org.springframework.http.client.AbstractClientHttpRequest.execute(AbstractClientHttpRequest.java:66)
	at org.springframework.http.client.InterceptingClientHttpRequest$InterceptingRequestExecution.execute(InterceptingClientHttpRequest.java:112)
	at org.springframework.cloud.netflix.eureka.http.RestTemplateTransportClientFactory.lambda$restTemplate$3(RestTemplateTransportClientFactory.java:170)
	at org.springframework.http.client.InterceptingClientHttpRequest$InterceptingRequestExecution.execute(InterceptingClientHttpRequest.java:88)
	at org.springframework.http.client.InterceptingClientHttpRequest.executeInternal(InterceptingClientHttpRequest.java:72)
	at org.springframework.http.client.AbstractBufferingClientHttpRequest.executeInternal(AbstractBufferingClientHttpRequest.java:48)
	at org.springframework.http.client.AbstractClientHttpRequest.execute(AbstractClientHttpRequest.java:66)
	at org.springframework.web.client.RestTemplate.doExecute(RestTemplate.java:889)
	... 22 more

2024-10-21T22:50:23.639+07:00  WARN 8052 --- [DiscoveryClient-InstanceInfoReplicator-0] [account-service,,]c.n.d.s.t.d.RetryableEurekaHttpClient    : Request execution failed with message: I/O error on POST request for "http://localhost:9999/eureka/apps/ACCOUNT-SERVICE": Connect to http://localhost:9999 [localhost/127.0.0.1, localhost/0:0:0:0:0:0:0:1] failed: Connection refused: getsockopt
2024-10-21T22:50:23.639+07:00  WARN 8052 --- [DiscoveryClient-InstanceInfoReplicator-0] [account-service,,]com.netflix.discovery.DiscoveryClient    : DiscoveryClient_ACCOUNT-SERVICE/DESKTOP-GDQ5MDP:account-service:9080 - registration failed Cannot execute request on any known server

com.netflix.discovery.shared.transport.TransportException: Cannot execute request on any known server
	at com.netflix.discovery.shared.transport.decorator.RetryableEurekaHttpClient.execute(RetryableEurekaHttpClient.java:112) ~[eureka-client-2.0.2.jar:2.0.2]
	at com.netflix.discovery.shared.transport.decorator.EurekaHttpClientDecorator.register(EurekaHttpClientDecorator.java:56) ~[eureka-client-2.0.2.jar:2.0.2]
	at com.netflix.discovery.shared.transport.decorator.EurekaHttpClientDecorator$1.execute(EurekaHttpClientDecorator.java:59) ~[eureka-client-2.0.2.jar:2.0.2]
	at com.netflix.discovery.shared.transport.decorator.SessionedEurekaHttpClient.execute(SessionedEurekaHttpClient.java:77) ~[eureka-client-2.0.2.jar:2.0.2]
	at com.netflix.discovery.shared.transport.decorator.EurekaHttpClientDecorator.register(EurekaHttpClientDecorator.java:56) ~[eureka-client-2.0.2.jar:2.0.2]
	at com.netflix.discovery.DiscoveryClient.register(DiscoveryClient.java:820) ~[eureka-client-2.0.2.jar:2.0.2]
	at com.netflix.discovery.InstanceInfoReplicator.run(InstanceInfoReplicator.java:121) ~[eureka-client-2.0.2.jar:2.0.2]
	at com.netflix.discovery.InstanceInfoReplicator$1.run(InstanceInfoReplicator.java:101) ~[eureka-client-2.0.2.jar:2.0.2]
	at java.base/java.util.concurrent.Executors$RunnableAdapter.call(Executors.java:572) ~[na:na]
	at java.base/java.util.concurrent.FutureTask.run(FutureTask.java:317) ~[na:na]
	at java.base/java.util.concurrent.ScheduledThreadPoolExecutor$ScheduledFutureTask.run(ScheduledThreadPoolExecutor.java:304) ~[na:na]
	at java.base/java.util.concurrent.ThreadPoolExecutor.runWorker(ThreadPoolExecutor.java:1144) ~[na:na]
	at java.base/java.util.concurrent.ThreadPoolExecutor$Worker.run(ThreadPoolExecutor.java:642) ~[na:na]
	at java.base/java.lang.Thread.run(Thread.java:1583) ~[na:na]

2024-10-21T22:50:23.639+07:00  WARN 8052 --- [DiscoveryClient-InstanceInfoReplicator-0] [account-service,,]c.n.discovery.InstanceInfoReplicator     : There was a problem with the instance info replicator

com.netflix.discovery.shared.transport.TransportException: Cannot execute request on any known server
	at com.netflix.discovery.shared.transport.decorator.RetryableEurekaHttpClient.execute(RetryableEurekaHttpClient.java:112) ~[eureka-client-2.0.2.jar:2.0.2]
	at com.netflix.discovery.shared.transport.decorator.EurekaHttpClientDecorator.register(EurekaHttpClientDecorator.java:56) ~[eureka-client-2.0.2.jar:2.0.2]
	at com.netflix.discovery.shared.transport.decorator.EurekaHttpClientDecorator$1.execute(EurekaHttpClientDecorator.java:59) ~[eureka-client-2.0.2.jar:2.0.2]
	at com.netflix.discovery.shared.transport.decorator.SessionedEurekaHttpClient.execute(SessionedEurekaHttpClient.java:77) ~[eureka-client-2.0.2.jar:2.0.2]
	at com.netflix.discovery.shared.transport.decorator.EurekaHttpClientDecorator.register(EurekaHttpClientDecorator.java:56) ~[eureka-client-2.0.2.jar:2.0.2]
	at com.netflix.discovery.DiscoveryClient.register(DiscoveryClient.java:820) ~[eureka-client-2.0.2.jar:2.0.2]
	at com.netflix.discovery.InstanceInfoReplicator.run(InstanceInfoReplicator.java:121) ~[eureka-client-2.0.2.jar:2.0.2]
	at com.netflix.discovery.InstanceInfoReplicator$1.run(InstanceInfoReplicator.java:101) ~[eureka-client-2.0.2.jar:2.0.2]
	at java.base/java.util.concurrent.Executors$RunnableAdapter.call(Executors.java:572) ~[na:na]
	at java.base/java.util.concurrent.FutureTask.run(FutureTask.java:317) ~[na:na]
	at java.base/java.util.concurrent.ScheduledThreadPoolExecutor$ScheduledFutureTask.run(ScheduledThreadPoolExecutor.java:304) ~[na:na]
	at java.base/java.util.concurrent.ThreadPoolExecutor.runWorker(ThreadPoolExecutor.java:1144) ~[na:na]
	at java.base/java.util.concurrent.ThreadPoolExecutor$Worker.run(ThreadPoolExecutor.java:642) ~[na:na]
	at java.base/java.lang.Thread.run(Thread.java:1583) ~[na:na]

2024-10-21T22:50:23.643+07:00  INFO 8052 --- [SpringApplicationShutdownHook] [account-service,,]j.LocalContainerEntityManagerFactoryBean : Closing JPA EntityManagerFactory for persistence unit 'default'
2024-10-21T22:50:23.646+07:00  INFO 8052 --- [SpringApplicationShutdownHook] [account-service,,]com.zaxxer.hikari.HikariDataSource       : HikariPool-1 - Shutdown initiated...
2024-10-21T22:50:23.650+07:00  INFO 8052 --- [SpringApplicationShutdownHook] [account-service,,]com.zaxxer.hikari.HikariDataSource       : HikariPool-1 - Shutdown completed.
2024-10-21T22:50:23.652+07:00  INFO 8052 --- [SpringApplicationShutdownHook] [account-service,,]com.netflix.discovery.DiscoveryClient    : Shutting down DiscoveryClient ...
2024-10-21T22:50:26.657+07:00  INFO 8052 --- [SpringApplicationShutdownHook] [account-service,,]com.netflix.discovery.DiscoveryClient    : Unregistering ...
2024-10-21T22:50:26.688+07:00  INFO 8052 --- [SpringApplicationShutdownHook] [account-service,,]c.n.d.s.t.d.RedirectingEurekaHttpClient  : Request execution error. endpoint=DefaultEndpoint{ serviceUrl='http://localhost:9999/eureka/}, exception=I/O error on DELETE request for "http://localhost:9999/eureka/apps/ACCOUNT-SERVICE/DESKTOP-GDQ5MDP:account-service:9080": Connect to http://localhost:9999 [localhost/127.0.0.1, localhost/0:0:0:0:0:0:0:1] failed: Connection refused: getsockopt stacktrace=org.springframework.web.client.ResourceAccessException: I/O error on DELETE request for "http://localhost:9999/eureka/apps/ACCOUNT-SERVICE/DESKTOP-GDQ5MDP:account-service:9080": Connect to http://localhost:9999 [localhost/127.0.0.1, localhost/0:0:0:0:0:0:0:1] failed: Connection refused: getsockopt
	at org.springframework.web.client.RestTemplate.createResourceAccessException(RestTemplate.java:915)
	at org.springframework.web.client.RestTemplate.doExecute(RestTemplate.java:895)
	at org.springframework.web.client.RestTemplate.execute(RestTemplate.java:790)
	at org.springframework.web.client.RestTemplate.exchange(RestTemplate.java:672)
	at org.springframework.cloud.netflix.eureka.http.RestTemplateEurekaHttpClient.cancel(RestTemplateEurekaHttpClient.java:87)
	at com.netflix.discovery.shared.transport.decorator.EurekaHttpClientDecorator$2.execute(EurekaHttpClientDecorator.java:74)
	at com.netflix.discovery.shared.transport.decorator.RedirectingEurekaHttpClient.executeOnNewServer(RedirectingEurekaHttpClient.java:121)
	at com.netflix.discovery.shared.transport.decorator.RedirectingEurekaHttpClient.execute(RedirectingEurekaHttpClient.java:80)
	at com.netflix.discovery.shared.transport.decorator.EurekaHttpClientDecorator.cancel(EurekaHttpClientDecorator.java:71)
	at com.netflix.discovery.shared.transport.decorator.EurekaHttpClientDecorator$2.execute(EurekaHttpClientDecorator.java:74)
	at com.netflix.discovery.shared.transport.decorator.RetryableEurekaHttpClient.execute(RetryableEurekaHttpClient.java:120)
	at com.netflix.discovery.shared.transport.decorator.EurekaHttpClientDecorator.cancel(EurekaHttpClientDecorator.java:71)
	at com.netflix.discovery.shared.transport.decorator.EurekaHttpClientDecorator$2.execute(EurekaHttpClientDecorator.java:74)
	at com.netflix.discovery.shared.transport.decorator.SessionedEurekaHttpClient.execute(SessionedEurekaHttpClient.java:77)
	at com.netflix.discovery.shared.transport.decorator.EurekaHttpClientDecorator.cancel(EurekaHttpClientDecorator.java:71)
	at com.netflix.discovery.DiscoveryClient.unregister(DiscoveryClient.java:916)
	at com.netflix.discovery.DiscoveryClient.shutdown(DiscoveryClient.java:892)
	at java.base/jdk.internal.reflect.DirectMethodHandleAccessor.invoke(DirectMethodHandleAccessor.java:103)
	at java.base/java.lang.reflect.Method.invoke(Method.java:580)
	at org.springframework.beans.factory.annotation.InitDestroyAnnotationBeanPostProcessor$LifecycleMethod.invoke(InitDestroyAnnotationBeanPostProcessor.java:457)
	at org.springframework.beans.factory.annotation.InitDestroyAnnotationBeanPostProcessor$LifecycleMetadata.invokeDestroyMethods(InitDestroyAnnotationBeanPostProcessor.java:415)
	at org.springframework.beans.factory.annotation.InitDestroyAnnotationBeanPostProcessor.postProcessBeforeDestruction(InitDestroyAnnotationBeanPostProcessor.java:239)
	at org.springframework.beans.factory.support.DisposableBeanAdapter.destroy(DisposableBeanAdapter.java:202)
	at org.springframework.beans.factory.support.DisposableBeanAdapter.run(DisposableBeanAdapter.java:195)
	at org.springframework.cloud.context.scope.GenericScope$BeanLifecycleWrapper.destroy(GenericScope.java:389)
	at org.springframework.cloud.context.scope.GenericScope.destroy(GenericScope.java:136)
	at org.springframework.beans.factory.support.DisposableBeanAdapter.destroy(DisposableBeanAdapter.java:211)
	at org.springframework.beans.factory.support.DefaultSingletonBeanRegistry.destroyBean(DefaultSingletonBeanRegistry.java:587)
	at org.springframework.beans.factory.support.DefaultSingletonBeanRegistry.destroySingleton(DefaultSingletonBeanRegistry.java:559)
	at org.springframework.beans.factory.support.DefaultListableBeanFactory.destroySingleton(DefaultListableBeanFactory.java:1202)
	at org.springframework.beans.factory.support.DefaultSingletonBeanRegistry.destroySingletons(DefaultSingletonBeanRegistry.java:520)
	at org.springframework.beans.factory.support.DefaultListableBeanFactory.destroySingletons(DefaultListableBeanFactory.java:1195)
	at org.springframework.context.support.AbstractApplicationContext.destroyBeans(AbstractApplicationContext.java:1186)
	at org.springframework.context.support.AbstractApplicationContext.doClose(AbstractApplicationContext.java:1147)
	at org.springframework.boot.web.servlet.context.ServletWebServerApplicationContext.doClose(ServletWebServerApplicationContext.java:174)
	at org.springframework.context.support.AbstractApplicationContext.close(AbstractApplicationContext.java:1093)
	at org.springframework.boot.SpringApplicationShutdownHook.closeAndWait(SpringApplicationShutdownHook.java:145)
	at java.base/java.lang.Iterable.forEach(Iterable.java:75)
	at org.springframework.boot.SpringApplicationShutdownHook.run(SpringApplicationShutdownHook.java:114)
	at java.base/java.lang.Thread.run(Thread.java:1583)
Caused by: org.apache.hc.client5.http.HttpHostConnectException: Connect to http://localhost:9999 [localhost/127.0.0.1, localhost/0:0:0:0:0:0:0:1] failed: Connection refused: getsockopt
	at java.base/sun.nio.ch.Net.pollConnect(Native Method)
	at java.base/sun.nio.ch.Net.pollConnectNow(Net.java:682)
	at java.base/sun.nio.ch.NioSocketImpl.timedFinishConnect(NioSocketImpl.java:542)
	at java.base/sun.nio.ch.NioSocketImpl.connect(NioSocketImpl.java:592)
	at java.base/java.net.SocksSocketImpl.connect(SocksSocketImpl.java:327)
	at java.base/java.net.Socket.connect(Socket.java:751)
	at org.apache.hc.client5.http.socket.PlainConnectionSocketFactory.lambda$connectSocket$0(PlainConnectionSocketFactory.java:91)
	at java.base/java.security.AccessController.doPrivileged(AccessController.java:571)
	at org.apache.hc.client5.http.socket.PlainConnectionSocketFactory.connectSocket(PlainConnectionSocketFactory.java:90)
	at org.apache.hc.client5.http.socket.ConnectionSocketFactory.connectSocket(ConnectionSocketFactory.java:123)
	at org.apache.hc.client5.http.impl.io.DefaultHttpClientConnectionOperator.connect(DefaultHttpClientConnectionOperator.java:189)
	at org.apache.hc.client5.http.impl.io.PoolingHttpClientConnectionManager.connect(PoolingHttpClientConnectionManager.java:450)
	at org.apache.hc.client5.http.impl.classic.InternalExecRuntime.connectEndpoint(InternalExecRuntime.java:162)
	at org.apache.hc.client5.http.impl.classic.InternalExecRuntime.connectEndpoint(InternalExecRuntime.java:172)
	at org.apache.hc.client5.http.impl.classic.ConnectExec.execute(ConnectExec.java:142)
	at org.apache.hc.client5.http.impl.classic.ExecChainElement.execute(ExecChainElement.java:51)
	at org.apache.hc.client5.http.impl.classic.ProtocolExec.execute(ProtocolExec.java:192)
	at org.apache.hc.client5.http.impl.classic.ExecChainElement.execute(ExecChainElement.java:51)
	at org.apache.hc.client5.http.impl.classic.HttpRequestRetryExec.execute(HttpRequestRetryExec.java:113)
	at org.apache.hc.client5.http.impl.classic.ExecChainElement.execute(ExecChainElement.java:51)
	at org.apache.hc.client5.http.impl.classic.ContentCompressionExec.execute(ContentCompressionExec.java:152)
	at org.apache.hc.client5.http.impl.classic.ExecChainElement.execute(ExecChainElement.java:51)
	at org.apache.hc.client5.http.impl.classic.RedirectExec.execute(RedirectExec.java:116)
	at org.apache.hc.client5.http.impl.classic.ExecChainElement.execute(ExecChainElement.java:51)
	at org.apache.hc.client5.http.impl.classic.InternalHttpClient.doExecute(InternalHttpClient.java:170)
	at org.apache.hc.client5.http.impl.classic.CloseableHttpClient.execute(CloseableHttpClient.java:87)
	at org.apache.hc.client5.http.impl.classic.CloseableHttpClient.execute(CloseableHttpClient.java:55)
	at org.apache.hc.client5.http.classic.HttpClient.executeOpen(HttpClient.java:183)
	at org.springframework.http.client.HttpComponentsClientHttpRequest.executeInternal(HttpComponentsClientHttpRequest.java:99)
	at org.springframework.http.client.AbstractStreamingClientHttpRequest.executeInternal(AbstractStreamingClientHttpRequest.java:70)
	at org.springframework.http.client.AbstractClientHttpRequest.execute(AbstractClientHttpRequest.java:66)
	at org.springframework.http.client.InterceptingClientHttpRequest$InterceptingRequestExecution.execute(InterceptingClientHttpRequest.java:112)
	at org.springframework.cloud.netflix.eureka.http.RestTemplateTransportClientFactory.lambda$restTemplate$3(RestTemplateTransportClientFactory.java:170)
	at org.springframework.http.client.InterceptingClientHttpRequest$InterceptingRequestExecution.execute(InterceptingClientHttpRequest.java:88)
	at org.springframework.http.client.InterceptingClientHttpRequest.executeInternal(InterceptingClientHttpRequest.java:72)
	at org.springframework.http.client.AbstractBufferingClientHttpRequest.executeInternal(AbstractBufferingClientHttpRequest.java:48)
	at org.springframework.http.client.AbstractClientHttpRequest.execute(AbstractClientHttpRequest.java:66)
	at org.springframework.web.client.RestTemplate.doExecute(RestTemplate.java:889)
	... 38 more

2024-10-21T22:50:26.688+07:00  WARN 8052 --- [SpringApplicationShutdownHook] [account-service,,]c.n.d.s.t.d.RetryableEurekaHttpClient    : Request execution failed with message: I/O error on DELETE request for "http://localhost:9999/eureka/apps/ACCOUNT-SERVICE/DESKTOP-GDQ5MDP:account-service:9080": Connect to http://localhost:9999 [localhost/127.0.0.1, localhost/0:0:0:0:0:0:0:1] failed: Connection refused: getsockopt
2024-10-21T22:50:26.688+07:00 ERROR 8052 --- [SpringApplicationShutdownHook] [account-service,,]com.netflix.discovery.DiscoveryClient    : DiscoveryClient_ACCOUNT-SERVICE/DESKTOP-GDQ5MDP:account-service:9080 - de-registration failedCannot execute request on any known server

com.netflix.discovery.shared.transport.TransportException: Cannot execute request on any known server
	at com.netflix.discovery.shared.transport.decorator.RetryableEurekaHttpClient.execute(RetryableEurekaHttpClient.java:112) ~[eureka-client-2.0.2.jar:2.0.2]
	at com.netflix.discovery.shared.transport.decorator.EurekaHttpClientDecorator.cancel(EurekaHttpClientDecorator.java:71) ~[eureka-client-2.0.2.jar:2.0.2]
	at com.netflix.discovery.shared.transport.decorator.EurekaHttpClientDecorator$2.execute(EurekaHttpClientDecorator.java:74) ~[eureka-client-2.0.2.jar:2.0.2]
	at com.netflix.discovery.shared.transport.decorator.SessionedEurekaHttpClient.execute(SessionedEurekaHttpClient.java:77) ~[eureka-client-2.0.2.jar:2.0.2]
	at com.netflix.discovery.shared.transport.decorator.EurekaHttpClientDecorator.cancel(EurekaHttpClientDecorator.java:71) ~[eureka-client-2.0.2.jar:2.0.2]
	at com.netflix.discovery.DiscoveryClient.unregister(DiscoveryClient.java:916) ~[eureka-client-2.0.2.jar:2.0.2]
	at com.netflix.discovery.DiscoveryClient.shutdown(DiscoveryClient.java:892) ~[eureka-client-2.0.2.jar:2.0.2]
	at java.base/jdk.internal.reflect.DirectMethodHandleAccessor.invoke(DirectMethodHandleAccessor.java:103) ~[na:na]
	at java.base/java.lang.reflect.Method.invoke(Method.java:580) ~[na:na]
	at org.springframework.beans.factory.annotation.InitDestroyAnnotationBeanPostProcessor$LifecycleMethod.invoke(InitDestroyAnnotationBeanPostProcessor.java:457) ~[spring-beans-6.1.10.jar:6.1.10]
	at org.springframework.beans.factory.annotation.InitDestroyAnnotationBeanPostProcessor$LifecycleMetadata.invokeDestroyMethods(InitDestroyAnnotationBeanPostProcessor.java:415) ~[spring-beans-6.1.10.jar:6.1.10]
	at org.springframework.beans.factory.annotation.InitDestroyAnnotationBeanPostProcessor.postProcessBeforeDestruction(InitDestroyAnnotationBeanPostProcessor.java:239) ~[spring-beans-6.1.10.jar:6.1.10]
	at org.springframework.beans.factory.support.DisposableBeanAdapter.destroy(DisposableBeanAdapter.java:202) ~[spring-beans-6.1.10.jar:6.1.10]
	at org.springframework.beans.factory.support.DisposableBeanAdapter.run(DisposableBeanAdapter.java:195) ~[spring-beans-6.1.10.jar:6.1.10]
	at org.springframework.cloud.context.scope.GenericScope$BeanLifecycleWrapper.destroy(GenericScope.java:389) ~[spring-cloud-context-4.1.3.jar:4.1.3]
	at org.springframework.cloud.context.scope.GenericScope.destroy(GenericScope.java:136) ~[spring-cloud-context-4.1.3.jar:4.1.3]
	at org.springframework.beans.factory.support.DisposableBeanAdapter.destroy(DisposableBeanAdapter.java:211) ~[spring-beans-6.1.10.jar:6.1.10]
	at org.springframework.beans.factory.support.DefaultSingletonBeanRegistry.destroyBean(DefaultSingletonBeanRegistry.java:587) ~[spring-beans-6.1.10.jar:6.1.10]
	at org.springframework.beans.factory.support.DefaultSingletonBeanRegistry.destroySingleton(DefaultSingletonBeanRegistry.java:559) ~[spring-beans-6.1.10.jar:6.1.10]
	at org.springframework.beans.factory.support.DefaultListableBeanFactory.destroySingleton(DefaultListableBeanFactory.java:1202) ~[spring-beans-6.1.10.jar:6.1.10]
	at org.springframework.beans.factory.support.DefaultSingletonBeanRegistry.destroySingletons(DefaultSingletonBeanRegistry.java:520) ~[spring-beans-6.1.10.jar:6.1.10]
	at org.springframework.beans.factory.support.DefaultListableBeanFactory.destroySingletons(DefaultListableBeanFactory.java:1195) ~[spring-beans-6.1.10.jar:6.1.10]
	at org.springframework.context.support.AbstractApplicationContext.destroyBeans(AbstractApplicationContext.java:1186) ~[spring-context-6.1.10.jar:6.1.10]
	at org.springframework.context.support.AbstractApplicationContext.doClose(AbstractApplicationContext.java:1147) ~[spring-context-6.1.10.jar:6.1.10]
	at org.springframework.boot.web.servlet.context.ServletWebServerApplicationContext.doClose(ServletWebServerApplicationContext.java:174) ~[spring-boot-3.3.1.jar:3.3.1]
	at org.springframework.context.support.AbstractApplicationContext.close(AbstractApplicationContext.java:1093) ~[spring-context-6.1.10.jar:6.1.10]
	at org.springframework.boot.SpringApplicationShutdownHook.closeAndWait(SpringApplicationShutdownHook.java:145) ~[spring-boot-3.3.1.jar:3.3.1]
	at java.base/java.lang.Iterable.forEach(Iterable.java:75) ~[na:na]
	at org.springframework.boot.SpringApplicationShutdownHook.run(SpringApplicationShutdownHook.java:114) ~[spring-boot-3.3.1.jar:3.3.1]
	at java.base/java.lang.Thread.run(Thread.java:1583) ~[na:na]

2024-10-21T22:50:26.691+07:00  INFO 8052 --- [SpringApplicationShutdownHook] [account-service,,]com.netflix.discovery.DiscoveryClient    : Completed shut down of DiscoveryClient
2024-10-21T22:50:54.545+07:00  INFO 8472 --- [restartedMain] [discovery-service,,]c.e.d.DiscoveryserviceApplication        : Starting DiscoveryserviceApplication using Java 21.0.4 with PID 8472 (C:\Users\Admin\OneDrive\Desktop\SpringCloud0\discoveryservice\target\classes started by Admin in C:\Users\Admin\OneDrive\Desktop\SpringCloud0)
2024-10-21T22:50:54.546+07:00  INFO 8472 --- [restartedMain] [discovery-service,,]c.e.d.DiscoveryserviceApplication        : No active profile set, falling back to 1 default profile: "default"
2024-10-21T22:50:54.569+07:00  INFO 8472 --- [restartedMain] [discovery-service,,]o.s.c.c.c.ConfigServerConfigDataLoader   : Fetching config from server at : http://localhost:8888
2024-10-21T22:50:54.569+07:00  INFO 8472 --- [restartedMain] [discovery-service,,]o.s.c.c.c.ConfigServerConfigDataLoader   : Located environment: name=discovery-service, profiles=[default], label=null, version=null, state=null
2024-10-21T22:50:54.570+07:00  INFO 8472 --- [restartedMain] [discovery-service,,].e.DevToolsPropertyDefaultsPostProcessor : Devtools property defaults active! Set 'spring.devtools.add-properties' to 'false' to disable
2024-10-21T22:50:54.570+07:00  INFO 8472 --- [restartedMain] [discovery-service,,].e.DevToolsPropertyDefaultsPostProcessor : For additional web related logging consider setting the 'logging.level.web' property to 'DEBUG'
2024-10-21T22:50:55.141+07:00  INFO 8472 --- [restartedMain] [discovery-service,,]o.s.cloud.context.scope.GenericScope     : BeanFactory id=0b551b4d-2fc7-352b-ab29-cda84385f75b
2024-10-21T22:50:55.167+07:00  WARN 8472 --- [restartedMain] [discovery-service,,]trationDelegate$BeanPostProcessorChecker : Bean 'org.springframework.cloud.client.loadbalancer.LoadBalancerAutoConfiguration$DeferringLoadBalancerInterceptorConfig' of type [org.springframework.cloud.client.loadbalancer.LoadBalancerAutoConfiguration$DeferringLoadBalancerInterceptorConfig] is not eligible for getting processed by all BeanPostProcessors (for example: not eligible for auto-proxying). The currently created BeanPostProcessor [lbRestClientPostProcessor] is declared through a non-static factory method on that class; consider declaring it as static instead.
2024-10-21T22:50:55.168+07:00  WARN 8472 --- [restartedMain] [discovery-service,,]trationDelegate$BeanPostProcessorChecker : Bean 'deferringLoadBalancerInterceptor' of type [org.springframework.cloud.client.loadbalancer.DeferringLoadBalancerInterceptor] is not eligible for getting processed by all BeanPostProcessors (for example: not eligible for auto-proxying). Is this bean getting eagerly injected into a currently created BeanPostProcessor [lbRestClientPostProcessor]? Check the corresponding BeanPostProcessor declaration and its dependencies.
2024-10-21T22:50:55.355+07:00  INFO 8472 --- [restartedMain] [discovery-service,,]o.s.b.w.embedded.tomcat.TomcatWebServer  : Tomcat initialized with port 9999 (http)
2024-10-21T22:50:55.364+07:00  INFO 8472 --- [restartedMain] [discovery-service,,]o.apache.catalina.core.StandardService   : Starting service [Tomcat]
2024-10-21T22:50:55.364+07:00  INFO 8472 --- [restartedMain] [discovery-service,,]o.apache.catalina.core.StandardEngine    : Starting Servlet engine: [Apache Tomcat/10.1.30]
2024-10-21T22:50:55.395+07:00  INFO 8472 --- [restartedMain] [discovery-service,,]o.a.c.c.C.[Tomcat].[localhost].[/]       : Initializing Spring embedded WebApplicationContext
2024-10-21T22:50:55.395+07:00  INFO 8472 --- [restartedMain] [discovery-service,,]w.s.c.ServletWebServerApplicationContext : Root WebApplicationContext: initialization completed in 824 ms
2024-10-21T22:50:55.929+07:00  INFO 8472 --- [restartedMain] [discovery-service,,]o.s.b.d.a.OptionalLiveReloadServer       : LiveReload server is running on port 35729
2024-10-21T22:50:55.955+07:00  WARN 8472 --- [restartedMain] [discovery-service,,]iguration$LoadBalancerCaffeineWarnLogger : Spring Cloud LoadBalancer is currently working with the default cache. While this cache implementation is useful for development and tests, it's recommended to use Caffeine cache in production.You can switch to using Caffeine cache, by adding it and org.springframework.cache.caffeine.CaffeineCacheManager to the classpath.
2024-10-21T22:50:55.959+07:00  INFO 8472 --- [restartedMain] [discovery-service,,]o.s.b.a.e.web.EndpointLinksResolver      : Exposing 18 endpoints beneath base path '/actuator'
2024-10-21T22:50:56.004+07:00  INFO 8472 --- [restartedMain] [discovery-service,,]o.s.c.n.eureka.InstanceInfoFactory       : Setting initial instance status as: STARTING
2024-10-21T22:50:56.005+07:00 ERROR 8472 --- [restartedMain] [discovery-service,,]o.s.c.n.e.s.EurekaRegistration           : error getting CloudEurekaClient

org.springframework.beans.factory.UnsatisfiedDependencyException: Error creating bean with name 'scopedTarget.eurekaClient' defined in class path resource [org/springframework/cloud/netflix/eureka/EurekaClientAutoConfiguration$RefreshableEurekaClientConfiguration.class]: Unsatisfied dependency expressed through method 'eurekaClient' parameter 3: No qualifying bean of type 'com.netflix.discovery.shared.transport.jersey.TransportClientFactories<?>' available: expected at least 1 bean which qualifies as autowire candidate. Dependency annotations: {}
	at org.springframework.beans.factory.support.ConstructorResolver.createArgumentArray(ConstructorResolver.java:795) ~[spring-beans-6.1.13.jar:6.1.13]
	at org.springframework.beans.factory.support.ConstructorResolver.instantiateUsingFactoryMethod(ConstructorResolver.java:542) ~[spring-beans-6.1.13.jar:6.1.13]
	at org.springframework.beans.factory.support.AbstractAutowireCapableBeanFactory.instantiateUsingFactoryMethod(AbstractAutowireCapableBeanFactory.java:1355) ~[spring-beans-6.1.13.jar:6.1.13]
	at org.springframework.beans.factory.support.AbstractAutowireCapableBeanFactory.createBeanInstance(AbstractAutowireCapableBeanFactory.java:1185) ~[spring-beans-6.1.13.jar:6.1.13]
	at org.springframework.beans.factory.support.AbstractAutowireCapableBeanFactory.doCreateBean(AbstractAutowireCapableBeanFactory.java:562) ~[spring-beans-6.1.13.jar:6.1.13]
	at org.springframework.beans.factory.support.AbstractAutowireCapableBeanFactory.createBean(AbstractAutowireCapableBeanFactory.java:522) ~[spring-beans-6.1.13.jar:6.1.13]
	at org.springframework.beans.factory.support.AbstractBeanFactory.lambda$doGetBean$1(AbstractBeanFactory.java:376) ~[spring-beans-6.1.13.jar:6.1.13]
	at org.springframework.cloud.context.scope.GenericScope$BeanLifecycleWrapper.getBean(GenericScope.java:375) ~[spring-cloud-context-4.1.4.jar:4.1.4]
	at org.springframework.cloud.context.scope.GenericScope.get(GenericScope.java:179) ~[spring-cloud-context-4.1.4.jar:4.1.4]
	at org.springframework.beans.factory.support.AbstractBeanFactory.doGetBean(AbstractBeanFactory.java:373) ~[spring-beans-6.1.13.jar:6.1.13]
	at org.springframework.beans.factory.support.AbstractBeanFactory.getBean(AbstractBeanFactory.java:200) ~[spring-beans-6.1.13.jar:6.1.13]
	at org.springframework.aop.target.SimpleBeanTargetSource.getTarget(SimpleBeanTargetSource.java:35) ~[spring-aop-6.1.13.jar:6.1.13]
	at org.springframework.cloud.netflix.eureka.serviceregistry.EurekaRegistration.getTargetObject(EurekaRegistration.java:128) ~[spring-cloud-netflix-eureka-client-4.1.3.jar:4.1.3]
	at org.springframework.cloud.netflix.eureka.serviceregistry.EurekaRegistration.getEurekaClient(EurekaRegistration.java:116) ~[spring-cloud-netflix-eureka-client-4.1.3.jar:4.1.3]
	at java.base/jdk.internal.reflect.DirectMethodHandleAccessor.invoke(DirectMethodHandleAccessor.java:103) ~[na:na]
	at java.base/java.lang.reflect.Method.invoke(Method.java:580) ~[na:na]
	at org.springframework.util.ReflectionUtils.invokeMethod(ReflectionUtils.java:281) ~[spring-core-6.1.13.jar:6.1.13]
	at org.springframework.cloud.context.scope.GenericScope$LockedScopedProxyFactoryBean.invoke(GenericScope.java:482) ~[spring-cloud-context-4.1.4.jar:4.1.4]
	at org.springframework.aop.framework.ReflectiveMethodInvocation.proceed(ReflectiveMethodInvocation.java:184) ~[spring-aop-6.1.13.jar:6.1.13]
	at org.springframework.aop.framework.CglibAopProxy$CglibMethodInvocation.proceed(CglibAopProxy.java:768) ~[spring-aop-6.1.13.jar:6.1.13]
	at org.springframework.aop.framework.CglibAopProxy$DynamicAdvisedInterceptor.intercept(CglibAopProxy.java:720) ~[spring-aop-6.1.13.jar:6.1.13]
	at org.springframework.cloud.netflix.eureka.serviceregistry.EurekaRegistration$$SpringCGLIB$$0.getEurekaClient(<generated>) ~[spring-cloud-netflix-eureka-client-4.1.3.jar:na]
	at org.springframework.cloud.netflix.eureka.serviceregistry.EurekaServiceRegistry.maybeInitializeClient(EurekaServiceRegistry.java:83) ~[spring-cloud-netflix-eureka-client-4.1.3.jar:4.1.3]
	at org.springframework.cloud.netflix.eureka.serviceregistry.EurekaServiceRegistry.register(EurekaServiceRegistry.java:66) ~[spring-cloud-netflix-eureka-client-4.1.3.jar:4.1.3]
	at org.springframework.cloud.netflix.eureka.serviceregistry.EurekaAutoServiceRegistration.start(EurekaAutoServiceRegistration.java:89) ~[spring-cloud-netflix-eureka-client-4.1.3.jar:4.1.3]
	at org.springframework.context.support.DefaultLifecycleProcessor.doStart(DefaultLifecycleProcessor.java:285) ~[spring-context-6.1.13.jar:6.1.13]
	at org.springframework.context.support.DefaultLifecycleProcessor$LifecycleGroup.start(DefaultLifecycleProcessor.java:472) ~[spring-context-6.1.13.jar:6.1.13]
	at java.base/java.lang.Iterable.forEach(Iterable.java:75) ~[na:na]
	at org.springframework.context.support.DefaultLifecycleProcessor.startBeans(DefaultLifecycleProcessor.java:257) ~[spring-context-6.1.13.jar:6.1.13]
	at org.springframework.context.support.DefaultLifecycleProcessor.onRefresh(DefaultLifecycleProcessor.java:202) ~[spring-context-6.1.13.jar:6.1.13]
	at org.springframework.context.support.AbstractApplicationContext.finishRefresh(AbstractApplicationContext.java:990) ~[spring-context-6.1.13.jar:6.1.13]
	at org.springframework.context.support.AbstractApplicationContext.refresh(AbstractApplicationContext.java:628) ~[spring-context-6.1.13.jar:6.1.13]
	at org.springframework.boot.web.servlet.context.ServletWebServerApplicationContext.refresh(ServletWebServerApplicationContext.java:146) ~[spring-boot-3.3.4.jar:3.3.4]
	at org.springframework.boot.SpringApplication.refresh(SpringApplication.java:754) ~[spring-boot-3.3.4.jar:3.3.4]
	at org.springframework.boot.SpringApplication.refreshContext(SpringApplication.java:456) ~[spring-boot-3.3.4.jar:3.3.4]
	at org.springframework.boot.SpringApplication.run(SpringApplication.java:335) ~[spring-boot-3.3.4.jar:3.3.4]
	at org.springframework.boot.SpringApplication.run(SpringApplication.java:1363) ~[spring-boot-3.3.4.jar:3.3.4]
	at org.springframework.boot.SpringApplication.run(SpringApplication.java:1352) ~[spring-boot-3.3.4.jar:3.3.4]
	at com.example.discoveryservice.DiscoveryserviceApplication.main(DiscoveryserviceApplication.java:10) ~[classes/:na]
	at java.base/jdk.internal.reflect.DirectMethodHandleAccessor.invoke(DirectMethodHandleAccessor.java:103) ~[na:na]
	at java.base/java.lang.reflect.Method.invoke(Method.java:580) ~[na:na]
	at org.springframework.boot.devtools.restart.RestartLauncher.run(RestartLauncher.java:50) ~[spring-boot-devtools-3.3.4.jar:3.3.4]
Caused by: org.springframework.beans.factory.NoSuchBeanDefinitionException: No qualifying bean of type 'com.netflix.discovery.shared.transport.jersey.TransportClientFactories<?>' available: expected at least 1 bean which qualifies as autowire candidate. Dependency annotations: {}
	at org.springframework.beans.factory.support.DefaultListableBeanFactory.raiseNoMatchingBeanFound(DefaultListableBeanFactory.java:1880) ~[spring-beans-6.1.13.jar:6.1.13]
	at org.springframework.beans.factory.support.DefaultListableBeanFactory.doResolveDependency(DefaultListableBeanFactory.java:1406) ~[spring-beans-6.1.13.jar:6.1.13]
	at org.springframework.beans.factory.support.DefaultListableBeanFactory.resolveDependency(DefaultListableBeanFactory.java:1353) ~[spring-beans-6.1.13.jar:6.1.13]
	at org.springframework.beans.factory.support.ConstructorResolver.resolveAutowiredArgument(ConstructorResolver.java:904) ~[spring-beans-6.1.13.jar:6.1.13]
	at org.springframework.beans.factory.support.ConstructorResolver.createArgumentArray(ConstructorResolver.java:782) ~[spring-beans-6.1.13.jar:6.1.13]
	... 41 common frames omitted

2024-10-21T22:50:56.008+07:00  WARN 8472 --- [restartedMain] [discovery-service,,]ConfigServletWebServerApplicationContext : Exception encountered during context initialization - cancelling refresh attempt: org.springframework.context.ApplicationContextException: Failed to start bean 'eurekaAutoServiceRegistration'
2024-10-21T22:50:56.022+07:00  INFO 8472 --- [restartedMain] [discovery-service,,].s.b.a.l.ConditionEvaluationReportLogger : 

Error starting ApplicationContext. To display the condition evaluation report re-run your application with 'debug' enabled.
2024-10-21T22:50:56.033+07:00 ERROR 8472 --- [restartedMain] [discovery-service,,]o.s.boot.SpringApplication               : Application run failed

org.springframework.context.ApplicationContextException: Failed to start bean 'eurekaAutoServiceRegistration'
	at org.springframework.context.support.DefaultLifecycleProcessor.doStart(DefaultLifecycleProcessor.java:288) ~[spring-context-6.1.13.jar:6.1.13]
	at org.springframework.context.support.DefaultLifecycleProcessor$LifecycleGroup.start(DefaultLifecycleProcessor.java:472) ~[spring-context-6.1.13.jar:6.1.13]
	at java.base/java.lang.Iterable.forEach(Iterable.java:75) ~[na:na]
	at org.springframework.context.support.DefaultLifecycleProcessor.startBeans(DefaultLifecycleProcessor.java:257) ~[spring-context-6.1.13.jar:6.1.13]
	at org.springframework.context.support.DefaultLifecycleProcessor.onRefresh(DefaultLifecycleProcessor.java:202) ~[spring-context-6.1.13.jar:6.1.13]
	at org.springframework.context.support.AbstractApplicationContext.finishRefresh(AbstractApplicationContext.java:990) ~[spring-context-6.1.13.jar:6.1.13]
	at org.springframework.context.support.AbstractApplicationContext.refresh(AbstractApplicationContext.java:628) ~[spring-context-6.1.13.jar:6.1.13]
	at org.springframework.boot.web.servlet.context.ServletWebServerApplicationContext.refresh(ServletWebServerApplicationContext.java:146) ~[spring-boot-3.3.4.jar:3.3.4]
	at org.springframework.boot.SpringApplication.refresh(SpringApplication.java:754) ~[spring-boot-3.3.4.jar:3.3.4]
	at org.springframework.boot.SpringApplication.refreshContext(SpringApplication.java:456) ~[spring-boot-3.3.4.jar:3.3.4]
	at org.springframework.boot.SpringApplication.run(SpringApplication.java:335) ~[spring-boot-3.3.4.jar:3.3.4]
	at org.springframework.boot.SpringApplication.run(SpringApplication.java:1363) ~[spring-boot-3.3.4.jar:3.3.4]
	at org.springframework.boot.SpringApplication.run(SpringApplication.java:1352) ~[spring-boot-3.3.4.jar:3.3.4]
	at com.example.discoveryservice.DiscoveryserviceApplication.main(DiscoveryserviceApplication.java:10) ~[classes/:na]
	at java.base/jdk.internal.reflect.DirectMethodHandleAccessor.invoke(DirectMethodHandleAccessor.java:103) ~[na:na]
	at java.base/java.lang.reflect.Method.invoke(Method.java:580) ~[na:na]
	at org.springframework.boot.devtools.restart.RestartLauncher.run(RestartLauncher.java:50) ~[spring-boot-devtools-3.3.4.jar:3.3.4]
Caused by: java.lang.NullPointerException: Cannot invoke "org.springframework.cloud.netflix.eureka.CloudEurekaClient.getApplications()" because the return value of "org.springframework.cloud.netflix.eureka.serviceregistry.EurekaRegistration.getEurekaClient()" is null
	at org.springframework.cloud.netflix.eureka.serviceregistry.EurekaServiceRegistry.maybeInitializeClient(EurekaServiceRegistry.java:83) ~[spring-cloud-netflix-eureka-client-4.1.3.jar:4.1.3]
	at org.springframework.cloud.netflix.eureka.serviceregistry.EurekaServiceRegistry.register(EurekaServiceRegistry.java:66) ~[spring-cloud-netflix-eureka-client-4.1.3.jar:4.1.3]
	at org.springframework.cloud.netflix.eureka.serviceregistry.EurekaAutoServiceRegistration.start(EurekaAutoServiceRegistration.java:89) ~[spring-cloud-netflix-eureka-client-4.1.3.jar:4.1.3]
	at org.springframework.context.support.DefaultLifecycleProcessor.doStart(DefaultLifecycleProcessor.java:285) ~[spring-context-6.1.13.jar:6.1.13]
	... 16 common frames omitted

2024-10-21T22:51:31.868+07:00  INFO 10116 --- [restartedMain] [discovery-service,,]c.e.d.DiscoveryserviceApplication        : Starting DiscoveryserviceApplication using Java 21.0.4 with PID 10116 (C:\Users\Admin\OneDrive\Desktop\SpringCloud0\discoveryservice\target\classes started by Admin in C:\Users\Admin\OneDrive\Desktop\SpringCloud0)
2024-10-21T22:51:31.870+07:00  INFO 10116 --- [restartedMain] [discovery-service,,]c.e.d.DiscoveryserviceApplication        : No active profile set, falling back to 1 default profile: "default"
2024-10-21T22:51:31.894+07:00  INFO 10116 --- [restartedMain] [discovery-service,,]o.s.c.c.c.ConfigServerConfigDataLoader   : Fetching config from server at : http://localhost:8888
2024-10-21T22:51:31.895+07:00  INFO 10116 --- [restartedMain] [discovery-service,,]o.s.c.c.c.ConfigServerConfigDataLoader   : Located environment: name=discovery-service, profiles=[default], label=null, version=null, state=null
2024-10-21T22:51:31.896+07:00  INFO 10116 --- [restartedMain] [discovery-service,,].e.DevToolsPropertyDefaultsPostProcessor : Devtools property defaults active! Set 'spring.devtools.add-properties' to 'false' to disable
2024-10-21T22:51:31.896+07:00  INFO 10116 --- [restartedMain] [discovery-service,,].e.DevToolsPropertyDefaultsPostProcessor : For additional web related logging consider setting the 'logging.level.web' property to 'DEBUG'
2024-10-21T22:51:32.454+07:00  INFO 10116 --- [restartedMain] [discovery-service,,]o.s.cloud.context.scope.GenericScope     : BeanFactory id=0b551b4d-2fc7-352b-ab29-cda84385f75b
2024-10-21T22:51:32.481+07:00  WARN 10116 --- [restartedMain] [discovery-service,,]trationDelegate$BeanPostProcessorChecker : Bean 'org.springframework.cloud.client.loadbalancer.LoadBalancerAutoConfiguration$DeferringLoadBalancerInterceptorConfig' of type [org.springframework.cloud.client.loadbalancer.LoadBalancerAutoConfiguration$DeferringLoadBalancerInterceptorConfig] is not eligible for getting processed by all BeanPostProcessors (for example: not eligible for auto-proxying). The currently created BeanPostProcessor [lbRestClientPostProcessor] is declared through a non-static factory method on that class; consider declaring it as static instead.
2024-10-21T22:51:32.482+07:00  WARN 10116 --- [restartedMain] [discovery-service,,]trationDelegate$BeanPostProcessorChecker : Bean 'deferringLoadBalancerInterceptor' of type [org.springframework.cloud.client.loadbalancer.DeferringLoadBalancerInterceptor] is not eligible for getting processed by all BeanPostProcessors (for example: not eligible for auto-proxying). Is this bean getting eagerly injected into a currently created BeanPostProcessor [lbRestClientPostProcessor]? Check the corresponding BeanPostProcessor declaration and its dependencies.
2024-10-21T22:51:32.675+07:00  INFO 10116 --- [restartedMain] [discovery-service,,]o.s.b.w.embedded.tomcat.TomcatWebServer  : Tomcat initialized with port 9999 (http)
2024-10-21T22:51:32.683+07:00  INFO 10116 --- [restartedMain] [discovery-service,,]o.apache.catalina.core.StandardService   : Starting service [Tomcat]
2024-10-21T22:51:32.684+07:00  INFO 10116 --- [restartedMain] [discovery-service,,]o.apache.catalina.core.StandardEngine    : Starting Servlet engine: [Apache Tomcat/10.1.30]
2024-10-21T22:51:32.713+07:00  INFO 10116 --- [restartedMain] [discovery-service,,]o.a.c.c.C.[Tomcat].[localhost].[/]       : Initializing Spring embedded WebApplicationContext
2024-10-21T22:51:32.713+07:00  INFO 10116 --- [restartedMain] [discovery-service,,]w.s.c.ServletWebServerApplicationContext : Root WebApplicationContext: initialization completed in 817 ms
2024-10-21T22:51:33.240+07:00  INFO 10116 --- [restartedMain] [discovery-service,,]o.s.b.d.a.OptionalLiveReloadServer       : LiveReload server is running on port 35729
2024-10-21T22:51:33.267+07:00  WARN 10116 --- [restartedMain] [discovery-service,,]iguration$LoadBalancerCaffeineWarnLogger : Spring Cloud LoadBalancer is currently working with the default cache. While this cache implementation is useful for development and tests, it's recommended to use Caffeine cache in production.You can switch to using Caffeine cache, by adding it and org.springframework.cache.caffeine.CaffeineCacheManager to the classpath.
2024-10-21T22:51:33.271+07:00  INFO 10116 --- [restartedMain] [discovery-service,,]o.s.b.a.e.web.EndpointLinksResolver      : Exposing 18 endpoints beneath base path '/actuator'
2024-10-21T22:51:33.313+07:00  INFO 10116 --- [restartedMain] [discovery-service,,]o.s.c.n.eureka.InstanceInfoFactory       : Setting initial instance status as: STARTING
2024-10-21T22:51:33.314+07:00 ERROR 10116 --- [restartedMain] [discovery-service,,]o.s.c.n.e.s.EurekaRegistration           : error getting CloudEurekaClient

org.springframework.beans.factory.UnsatisfiedDependencyException: Error creating bean with name 'scopedTarget.eurekaClient' defined in class path resource [org/springframework/cloud/netflix/eureka/EurekaClientAutoConfiguration$RefreshableEurekaClientConfiguration.class]: Unsatisfied dependency expressed through method 'eurekaClient' parameter 3: No qualifying bean of type 'com.netflix.discovery.shared.transport.jersey.TransportClientFactories<?>' available: expected at least 1 bean which qualifies as autowire candidate. Dependency annotations: {}
	at org.springframework.beans.factory.support.ConstructorResolver.createArgumentArray(ConstructorResolver.java:795) ~[spring-beans-6.1.13.jar:6.1.13]
	at org.springframework.beans.factory.support.ConstructorResolver.instantiateUsingFactoryMethod(ConstructorResolver.java:542) ~[spring-beans-6.1.13.jar:6.1.13]
	at org.springframework.beans.factory.support.AbstractAutowireCapableBeanFactory.instantiateUsingFactoryMethod(AbstractAutowireCapableBeanFactory.java:1355) ~[spring-beans-6.1.13.jar:6.1.13]
	at org.springframework.beans.factory.support.AbstractAutowireCapableBeanFactory.createBeanInstance(AbstractAutowireCapableBeanFactory.java:1185) ~[spring-beans-6.1.13.jar:6.1.13]
	at org.springframework.beans.factory.support.AbstractAutowireCapableBeanFactory.doCreateBean(AbstractAutowireCapableBeanFactory.java:562) ~[spring-beans-6.1.13.jar:6.1.13]
	at org.springframework.beans.factory.support.AbstractAutowireCapableBeanFactory.createBean(AbstractAutowireCapableBeanFactory.java:522) ~[spring-beans-6.1.13.jar:6.1.13]
	at org.springframework.beans.factory.support.AbstractBeanFactory.lambda$doGetBean$1(AbstractBeanFactory.java:376) ~[spring-beans-6.1.13.jar:6.1.13]
	at org.springframework.cloud.context.scope.GenericScope$BeanLifecycleWrapper.getBean(GenericScope.java:375) ~[spring-cloud-context-4.1.4.jar:4.1.4]
	at org.springframework.cloud.context.scope.GenericScope.get(GenericScope.java:179) ~[spring-cloud-context-4.1.4.jar:4.1.4]
	at org.springframework.beans.factory.support.AbstractBeanFactory.doGetBean(AbstractBeanFactory.java:373) ~[spring-beans-6.1.13.jar:6.1.13]
	at org.springframework.beans.factory.support.AbstractBeanFactory.getBean(AbstractBeanFactory.java:200) ~[spring-beans-6.1.13.jar:6.1.13]
	at org.springframework.aop.target.SimpleBeanTargetSource.getTarget(SimpleBeanTargetSource.java:35) ~[spring-aop-6.1.13.jar:6.1.13]
	at org.springframework.cloud.netflix.eureka.serviceregistry.EurekaRegistration.getTargetObject(EurekaRegistration.java:128) ~[spring-cloud-netflix-eureka-client-4.1.3.jar:4.1.3]
	at org.springframework.cloud.netflix.eureka.serviceregistry.EurekaRegistration.getEurekaClient(EurekaRegistration.java:116) ~[spring-cloud-netflix-eureka-client-4.1.3.jar:4.1.3]
	at java.base/jdk.internal.reflect.DirectMethodHandleAccessor.invoke(DirectMethodHandleAccessor.java:103) ~[na:na]
	at java.base/java.lang.reflect.Method.invoke(Method.java:580) ~[na:na]
	at org.springframework.util.ReflectionUtils.invokeMethod(ReflectionUtils.java:281) ~[spring-core-6.1.13.jar:6.1.13]
	at org.springframework.cloud.context.scope.GenericScope$LockedScopedProxyFactoryBean.invoke(GenericScope.java:482) ~[spring-cloud-context-4.1.4.jar:4.1.4]
	at org.springframework.aop.framework.ReflectiveMethodInvocation.proceed(ReflectiveMethodInvocation.java:184) ~[spring-aop-6.1.13.jar:6.1.13]
	at org.springframework.aop.framework.CglibAopProxy$CglibMethodInvocation.proceed(CglibAopProxy.java:768) ~[spring-aop-6.1.13.jar:6.1.13]
	at org.springframework.aop.framework.CglibAopProxy$DynamicAdvisedInterceptor.intercept(CglibAopProxy.java:720) ~[spring-aop-6.1.13.jar:6.1.13]
	at org.springframework.cloud.netflix.eureka.serviceregistry.EurekaRegistration$$SpringCGLIB$$0.getEurekaClient(<generated>) ~[spring-cloud-netflix-eureka-client-4.1.3.jar:na]
	at org.springframework.cloud.netflix.eureka.serviceregistry.EurekaServiceRegistry.maybeInitializeClient(EurekaServiceRegistry.java:83) ~[spring-cloud-netflix-eureka-client-4.1.3.jar:4.1.3]
	at org.springframework.cloud.netflix.eureka.serviceregistry.EurekaServiceRegistry.register(EurekaServiceRegistry.java:66) ~[spring-cloud-netflix-eureka-client-4.1.3.jar:4.1.3]
	at org.springframework.cloud.netflix.eureka.serviceregistry.EurekaAutoServiceRegistration.start(EurekaAutoServiceRegistration.java:89) ~[spring-cloud-netflix-eureka-client-4.1.3.jar:4.1.3]
	at org.springframework.context.support.DefaultLifecycleProcessor.doStart(DefaultLifecycleProcessor.java:285) ~[spring-context-6.1.13.jar:6.1.13]
	at org.springframework.context.support.DefaultLifecycleProcessor$LifecycleGroup.start(DefaultLifecycleProcessor.java:472) ~[spring-context-6.1.13.jar:6.1.13]
	at java.base/java.lang.Iterable.forEach(Iterable.java:75) ~[na:na]
	at org.springframework.context.support.DefaultLifecycleProcessor.startBeans(DefaultLifecycleProcessor.java:257) ~[spring-context-6.1.13.jar:6.1.13]
	at org.springframework.context.support.DefaultLifecycleProcessor.onRefresh(DefaultLifecycleProcessor.java:202) ~[spring-context-6.1.13.jar:6.1.13]
	at org.springframework.context.support.AbstractApplicationContext.finishRefresh(AbstractApplicationContext.java:990) ~[spring-context-6.1.13.jar:6.1.13]
	at org.springframework.context.support.AbstractApplicationContext.refresh(AbstractApplicationContext.java:628) ~[spring-context-6.1.13.jar:6.1.13]
	at org.springframework.boot.web.servlet.context.ServletWebServerApplicationContext.refresh(ServletWebServerApplicationContext.java:146) ~[spring-boot-3.3.4.jar:3.3.4]
	at org.springframework.boot.SpringApplication.refresh(SpringApplication.java:754) ~[spring-boot-3.3.4.jar:3.3.4]
	at org.springframework.boot.SpringApplication.refreshContext(SpringApplication.java:456) ~[spring-boot-3.3.4.jar:3.3.4]
	at org.springframework.boot.SpringApplication.run(SpringApplication.java:335) ~[spring-boot-3.3.4.jar:3.3.4]
	at org.springframework.boot.SpringApplication.run(SpringApplication.java:1363) ~[spring-boot-3.3.4.jar:3.3.4]
	at org.springframework.boot.SpringApplication.run(SpringApplication.java:1352) ~[spring-boot-3.3.4.jar:3.3.4]
	at com.example.discoveryservice.DiscoveryserviceApplication.main(DiscoveryserviceApplication.java:10) ~[classes/:na]
	at java.base/jdk.internal.reflect.DirectMethodHandleAccessor.invoke(DirectMethodHandleAccessor.java:103) ~[na:na]
	at java.base/java.lang.reflect.Method.invoke(Method.java:580) ~[na:na]
	at org.springframework.boot.devtools.restart.RestartLauncher.run(RestartLauncher.java:50) ~[spring-boot-devtools-3.3.4.jar:3.3.4]
Caused by: org.springframework.beans.factory.NoSuchBeanDefinitionException: No qualifying bean of type 'com.netflix.discovery.shared.transport.jersey.TransportClientFactories<?>' available: expected at least 1 bean which qualifies as autowire candidate. Dependency annotations: {}
	at org.springframework.beans.factory.support.DefaultListableBeanFactory.raiseNoMatchingBeanFound(DefaultListableBeanFactory.java:1880) ~[spring-beans-6.1.13.jar:6.1.13]
	at org.springframework.beans.factory.support.DefaultListableBeanFactory.doResolveDependency(DefaultListableBeanFactory.java:1406) ~[spring-beans-6.1.13.jar:6.1.13]
	at org.springframework.beans.factory.support.DefaultListableBeanFactory.resolveDependency(DefaultListableBeanFactory.java:1353) ~[spring-beans-6.1.13.jar:6.1.13]
	at org.springframework.beans.factory.support.ConstructorResolver.resolveAutowiredArgument(ConstructorResolver.java:904) ~[spring-beans-6.1.13.jar:6.1.13]
	at org.springframework.beans.factory.support.ConstructorResolver.createArgumentArray(ConstructorResolver.java:782) ~[spring-beans-6.1.13.jar:6.1.13]
	... 41 common frames omitted

2024-10-21T22:51:33.318+07:00  WARN 10116 --- [restartedMain] [discovery-service,,]ConfigServletWebServerApplicationContext : Exception encountered during context initialization - cancelling refresh attempt: org.springframework.context.ApplicationContextException: Failed to start bean 'eurekaAutoServiceRegistration'
2024-10-21T22:51:33.329+07:00  INFO 10116 --- [restartedMain] [discovery-service,,].s.b.a.l.ConditionEvaluationReportLogger : 

Error starting ApplicationContext. To display the condition evaluation report re-run your application with 'debug' enabled.
2024-10-21T22:51:33.339+07:00 ERROR 10116 --- [restartedMain] [discovery-service,,]o.s.boot.SpringApplication               : Application run failed

org.springframework.context.ApplicationContextException: Failed to start bean 'eurekaAutoServiceRegistration'
	at org.springframework.context.support.DefaultLifecycleProcessor.doStart(DefaultLifecycleProcessor.java:288) ~[spring-context-6.1.13.jar:6.1.13]
	at org.springframework.context.support.DefaultLifecycleProcessor$LifecycleGroup.start(DefaultLifecycleProcessor.java:472) ~[spring-context-6.1.13.jar:6.1.13]
	at java.base/java.lang.Iterable.forEach(Iterable.java:75) ~[na:na]
	at org.springframework.context.support.DefaultLifecycleProcessor.startBeans(DefaultLifecycleProcessor.java:257) ~[spring-context-6.1.13.jar:6.1.13]
	at org.springframework.context.support.DefaultLifecycleProcessor.onRefresh(DefaultLifecycleProcessor.java:202) ~[spring-context-6.1.13.jar:6.1.13]
	at org.springframework.context.support.AbstractApplicationContext.finishRefresh(AbstractApplicationContext.java:990) ~[spring-context-6.1.13.jar:6.1.13]
	at org.springframework.context.support.AbstractApplicationContext.refresh(AbstractApplicationContext.java:628) ~[spring-context-6.1.13.jar:6.1.13]
	at org.springframework.boot.web.servlet.context.ServletWebServerApplicationContext.refresh(ServletWebServerApplicationContext.java:146) ~[spring-boot-3.3.4.jar:3.3.4]
	at org.springframework.boot.SpringApplication.refresh(SpringApplication.java:754) ~[spring-boot-3.3.4.jar:3.3.4]
	at org.springframework.boot.SpringApplication.refreshContext(SpringApplication.java:456) ~[spring-boot-3.3.4.jar:3.3.4]
	at org.springframework.boot.SpringApplication.run(SpringApplication.java:335) ~[spring-boot-3.3.4.jar:3.3.4]
	at org.springframework.boot.SpringApplication.run(SpringApplication.java:1363) ~[spring-boot-3.3.4.jar:3.3.4]
	at org.springframework.boot.SpringApplication.run(SpringApplication.java:1352) ~[spring-boot-3.3.4.jar:3.3.4]
	at com.example.discoveryservice.DiscoveryserviceApplication.main(DiscoveryserviceApplication.java:10) ~[classes/:na]
	at java.base/jdk.internal.reflect.DirectMethodHandleAccessor.invoke(DirectMethodHandleAccessor.java:103) ~[na:na]
	at java.base/java.lang.reflect.Method.invoke(Method.java:580) ~[na:na]
	at org.springframework.boot.devtools.restart.RestartLauncher.run(RestartLauncher.java:50) ~[spring-boot-devtools-3.3.4.jar:3.3.4]
Caused by: java.lang.NullPointerException: Cannot invoke "org.springframework.cloud.netflix.eureka.CloudEurekaClient.getApplications()" because the return value of "org.springframework.cloud.netflix.eureka.serviceregistry.EurekaRegistration.getEurekaClient()" is null
	at org.springframework.cloud.netflix.eureka.serviceregistry.EurekaServiceRegistry.maybeInitializeClient(EurekaServiceRegistry.java:83) ~[spring-cloud-netflix-eureka-client-4.1.3.jar:4.1.3]
	at org.springframework.cloud.netflix.eureka.serviceregistry.EurekaServiceRegistry.register(EurekaServiceRegistry.java:66) ~[spring-cloud-netflix-eureka-client-4.1.3.jar:4.1.3]
	at org.springframework.cloud.netflix.eureka.serviceregistry.EurekaAutoServiceRegistration.start(EurekaAutoServiceRegistration.java:89) ~[spring-cloud-netflix-eureka-client-4.1.3.jar:4.1.3]
	at org.springframework.context.support.DefaultLifecycleProcessor.doStart(DefaultLifecycleProcessor.java:285) ~[spring-context-6.1.13.jar:6.1.13]
	... 16 common frames omitted

2024-10-21T22:52:02.488+07:00  INFO 17736 --- [restartedMain] [discovery-service,,]c.e.d.DiscoveryserviceApplication        : Starting DiscoveryserviceApplication using Java 21.0.4 with PID 17736 (C:\Users\Admin\OneDrive\Desktop\SpringCloud0\discoveryservice\target\classes started by Admin in C:\Users\Admin\OneDrive\Desktop\SpringCloud0)
2024-10-21T22:52:02.489+07:00  INFO 17736 --- [restartedMain] [discovery-service,,]c.e.d.DiscoveryserviceApplication        : No active profile set, falling back to 1 default profile: "default"
2024-10-21T22:52:02.511+07:00  INFO 17736 --- [restartedMain] [discovery-service,,]o.s.c.c.c.ConfigServerConfigDataLoader   : Fetching config from server at : http://localhost:8888
2024-10-21T22:52:02.512+07:00  INFO 17736 --- [restartedMain] [discovery-service,,]o.s.c.c.c.ConfigServerConfigDataLoader   : Located environment: name=discovery-service, profiles=[default], label=null, version=null, state=null
2024-10-21T22:52:02.513+07:00  INFO 17736 --- [restartedMain] [discovery-service,,].e.DevToolsPropertyDefaultsPostProcessor : Devtools property defaults active! Set 'spring.devtools.add-properties' to 'false' to disable
2024-10-21T22:52:02.513+07:00  INFO 17736 --- [restartedMain] [discovery-service,,].e.DevToolsPropertyDefaultsPostProcessor : For additional web related logging consider setting the 'logging.level.web' property to 'DEBUG'
2024-10-21T22:52:03.081+07:00  INFO 17736 --- [restartedMain] [discovery-service,,]o.s.cloud.context.scope.GenericScope     : BeanFactory id=38c61fa9-6440-3f0d-ab30-abcb462f07ce
2024-10-21T22:52:03.107+07:00  WARN 17736 --- [restartedMain] [discovery-service,,]trationDelegate$BeanPostProcessorChecker : Bean 'org.springframework.cloud.client.loadbalancer.LoadBalancerAutoConfiguration$DeferringLoadBalancerInterceptorConfig' of type [org.springframework.cloud.client.loadbalancer.LoadBalancerAutoConfiguration$DeferringLoadBalancerInterceptorConfig] is not eligible for getting processed by all BeanPostProcessors (for example: not eligible for auto-proxying). The currently created BeanPostProcessor [lbRestClientPostProcessor] is declared through a non-static factory method on that class; consider declaring it as static instead.
2024-10-21T22:52:03.109+07:00  WARN 17736 --- [restartedMain] [discovery-service,,]trationDelegate$BeanPostProcessorChecker : Bean 'deferringLoadBalancerInterceptor' of type [org.springframework.cloud.client.loadbalancer.DeferringLoadBalancerInterceptor] is not eligible for getting processed by all BeanPostProcessors (for example: not eligible for auto-proxying). Is this bean getting eagerly injected into a currently created BeanPostProcessor [lbRestClientPostProcessor]? Check the corresponding BeanPostProcessor declaration and its dependencies.
2024-10-21T22:52:03.295+07:00  INFO 17736 --- [restartedMain] [discovery-service,,]o.s.b.w.embedded.tomcat.TomcatWebServer  : Tomcat initialized with port 9999 (http)
2024-10-21T22:52:03.307+07:00  INFO 17736 --- [restartedMain] [discovery-service,,]o.apache.catalina.core.StandardService   : Starting service [Tomcat]
2024-10-21T22:52:03.308+07:00  INFO 17736 --- [restartedMain] [discovery-service,,]o.apache.catalina.core.StandardEngine    : Starting Servlet engine: [Apache Tomcat/10.1.30]
2024-10-21T22:52:03.336+07:00  INFO 17736 --- [restartedMain] [discovery-service,,]o.a.c.c.C.[Tomcat].[localhost].[/]       : Initializing Spring embedded WebApplicationContext
2024-10-21T22:52:03.337+07:00  INFO 17736 --- [restartedMain] [discovery-service,,]w.s.c.ServletWebServerApplicationContext : Root WebApplicationContext: initialization completed in 824 ms
2024-10-21T22:52:03.807+07:00  INFO 17736 --- [restartedMain] [discovery-service,,]c.n.d.provider.DiscoveryJerseyProvider   : Using JSON encoding codec LegacyJacksonJson
2024-10-21T22:52:03.808+07:00  INFO 17736 --- [restartedMain] [discovery-service,,]c.n.d.provider.DiscoveryJerseyProvider   : Using JSON decoding codec LegacyJacksonJson
2024-10-21T22:52:03.891+07:00  INFO 17736 --- [restartedMain] [discovery-service,,]c.n.d.provider.DiscoveryJerseyProvider   : Using XML encoding codec XStreamXml
2024-10-21T22:52:03.891+07:00  INFO 17736 --- [restartedMain] [discovery-service,,]c.n.d.provider.DiscoveryJerseyProvider   : Using XML decoding codec XStreamXml
2024-10-21T22:52:04.302+07:00  INFO 17736 --- [restartedMain] [discovery-service,,]o.s.b.d.a.OptionalLiveReloadServer       : LiveReload server is running on port 35729
2024-10-21T22:52:04.329+07:00  WARN 17736 --- [restartedMain] [discovery-service,,]iguration$LoadBalancerCaffeineWarnLogger : Spring Cloud LoadBalancer is currently working with the default cache. While this cache implementation is useful for development and tests, it's recommended to use Caffeine cache in production.You can switch to using Caffeine cache, by adding it and org.springframework.cache.caffeine.CaffeineCacheManager to the classpath.
2024-10-21T22:52:04.339+07:00  INFO 17736 --- [restartedMain] [discovery-service,,]o.s.c.n.eureka.InstanceInfoFactory       : Setting initial instance status as: STARTING
2024-10-21T22:52:04.349+07:00  INFO 17736 --- [restartedMain] [discovery-service,,]com.netflix.discovery.DiscoveryClient    : Initializing Eureka in region us-east-1
2024-10-21T22:52:04.349+07:00  INFO 17736 --- [restartedMain] [discovery-service,,]com.netflix.discovery.DiscoveryClient    : Client configured to neither register nor query for data.
2024-10-21T22:52:04.350+07:00  INFO 17736 --- [restartedMain] [discovery-service,,]com.netflix.discovery.DiscoveryClient    : Discovery Client initialized at timestamp 1729525924350 with initial instances count: 0
2024-10-21T22:52:04.383+07:00  INFO 17736 --- [restartedMain] [discovery-service,,]c.n.eureka.DefaultEurekaServerContext    : Initializing ...
2024-10-21T22:52:04.384+07:00  INFO 17736 --- [restartedMain] [discovery-service,,]c.n.eureka.cluster.PeerEurekaNodes       : Adding new peer nodes [http://localhost:9999/eureka/]
2024-10-21T22:52:04.441+07:00  INFO 17736 --- [restartedMain] [discovery-service,,]c.n.d.provider.DiscoveryJerseyProvider   : Using JSON encoding codec LegacyJacksonJson
2024-10-21T22:52:04.441+07:00  INFO 17736 --- [restartedMain] [discovery-service,,]c.n.d.provider.DiscoveryJerseyProvider   : Using JSON decoding codec LegacyJacksonJson
2024-10-21T22:52:04.441+07:00  INFO 17736 --- [restartedMain] [discovery-service,,]c.n.d.provider.DiscoveryJerseyProvider   : Using XML encoding codec XStreamXml
2024-10-21T22:52:04.441+07:00  INFO 17736 --- [restartedMain] [discovery-service,,]c.n.d.provider.DiscoveryJerseyProvider   : Using XML decoding codec XStreamXml
2024-10-21T22:52:04.458+07:00  INFO 17736 --- [restartedMain] [discovery-service,,]c.n.eureka.cluster.PeerEurekaNodes       : Replica node URL:  http://localhost:9999/eureka/
2024-10-21T22:52:04.463+07:00  INFO 17736 --- [restartedMain] [discovery-service,,]c.n.e.registry.AbstractInstanceRegistry  : Finished initializing remote region registries. All known remote regions: []
2024-10-21T22:52:04.464+07:00  INFO 17736 --- [restartedMain] [discovery-service,,]c.n.eureka.DefaultEurekaServerContext    : Initialized
2024-10-21T22:52:04.469+07:00  INFO 17736 --- [restartedMain] [discovery-service,,]o.s.b.a.e.web.EndpointLinksResolver      : Exposing 18 endpoints beneath base path '/actuator'
2024-10-21T22:52:04.508+07:00  INFO 17736 --- [restartedMain] [discovery-service,,]o.s.c.n.e.s.EurekaServiceRegistry        : Registering application DISCOVERY-SERVICE with eureka with status UP
2024-10-21T22:52:04.514+07:00  INFO 17736 --- [Thread-15] [discovery-service,,]o.s.c.n.e.server.EurekaServerBootstrap   : isAws returned false
2024-10-21T22:52:04.514+07:00  INFO 17736 --- [Thread-15] [discovery-service,,]o.s.c.n.e.server.EurekaServerBootstrap   : Initialized server context
2024-10-21T22:52:04.514+07:00  INFO 17736 --- [Thread-15] [discovery-service,,]c.n.e.r.PeerAwareInstanceRegistryImpl    : Got 1 instances from neighboring DS node
2024-10-21T22:52:04.515+07:00  INFO 17736 --- [Thread-15] [discovery-service,,]c.n.e.r.PeerAwareInstanceRegistryImpl    : Renew threshold is: 1
2024-10-21T22:52:04.515+07:00  INFO 17736 --- [Thread-15] [discovery-service,,]c.n.e.r.PeerAwareInstanceRegistryImpl    : Changing status to UP
2024-10-21T22:52:04.516+07:00  INFO 17736 --- [Thread-15] [discovery-service,,]e.s.EurekaServerInitializerConfiguration : Started Eureka Server
2024-10-21T22:52:04.519+07:00  INFO 17736 --- [restartedMain] [discovery-service,,]o.s.b.w.embedded.tomcat.TomcatWebServer  : Tomcat started on port 9999 (http) with context path '/'
2024-10-21T22:52:04.520+07:00  INFO 17736 --- [restartedMain] [discovery-service,,].s.c.n.e.s.EurekaAutoServiceRegistration : Updating port to 9999
2024-10-21T22:52:04.531+07:00  INFO 17736 --- [restartedMain] [discovery-service,,]c.e.d.DiscoveryserviceApplication        : Started DiscoveryserviceApplication in 2.504 seconds (process running for 2.913)
2024-10-21T22:52:04.743+07:00  INFO 17736 --- [RMI TCP Connection(2)-192.168.1.6] [discovery-service,,]o.a.c.c.C.[Tomcat].[localhost].[/]       : Initializing Spring DispatcherServlet 'dispatcherServlet'
2024-10-21T22:52:04.743+07:00  INFO 17736 --- [RMI TCP Connection(2)-192.168.1.6] [discovery-service,,]o.s.web.servlet.DispatcherServlet        : Initializing Servlet 'dispatcherServlet'
2024-10-21T22:52:04.744+07:00  INFO 17736 --- [RMI TCP Connection(2)-192.168.1.6] [discovery-service,,]o.s.web.servlet.DispatcherServlet        : Completed initialization in 1 ms
2024-10-21T22:53:04.515+07:00  INFO 17736 --- [Eureka-EvictionTimer] [discovery-service,,]c.n.e.registry.AbstractInstanceRegistry  : Running the evict task with compensationTime 0ms
2024-10-21T22:53:17.735+07:00  INFO 11796 --- [restartedMain] [account-service,,]c.c.c.ConfigServicePropertySourceLocator : Fetching config from server at : http://localhost:8888
2024-10-21T22:53:17.747+07:00  INFO 11796 --- [restartedMain] [account-service,,]c.c.c.ConfigServicePropertySourceLocator : Located environment: name=account-service, profiles=[default], label=null, version=null, state=null
2024-10-21T22:53:17.747+07:00  INFO 11796 --- [restartedMain] [account-service,,]b.c.PropertySourceBootstrapConfiguration : Located property source: [BootstrapPropertySource {name='bootstrapProperties-configClient'}, BootstrapPropertySource {name='bootstrapProperties-classpath:/shared/account-service.properties'}, BootstrapPropertySource {name='bootstrapProperties-classpath:/shared/application.properties'}]
2024-10-21T22:53:17.760+07:00  INFO 11796 --- [restartedMain] [account-service,,]j.i.a.AccountserviceApplication          : No active profile set, falling back to 1 default profile: "default"
2024-10-21T22:53:17.770+07:00  INFO 11796 --- [restartedMain] [account-service,,]o.s.c.c.c.ConfigServerConfigDataLoader   : Fetching config from server at : http://localhost:8888
2024-10-21T22:53:17.770+07:00  INFO 11796 --- [restartedMain] [account-service,,]o.s.c.c.c.ConfigServerConfigDataLoader   : Located environment: name=account-service, profiles=[default], label=null, version=null, state=null
2024-10-21T22:53:18.400+07:00  INFO 11796 --- [restartedMain] [account-service,,].s.d.r.c.RepositoryConfigurationDelegate : Bootstrapping Spring Data JPA repositories in DEFAULT mode.
2024-10-21T22:53:18.471+07:00  INFO 11796 --- [restartedMain] [account-service,,].s.d.r.c.RepositoryConfigurationDelegate : Finished Spring Data repository scanning in 68 ms. Found 1 JPA repository interface.
2024-10-21T22:53:18.706+07:00  INFO 11796 --- [restartedMain] [account-service,,]o.s.cloud.context.scope.GenericScope     : BeanFactory id=d8284260-a3fb-388c-a2c4-a13431bc221d
2024-10-21T22:53:18.909+07:00  WARN 11796 --- [restartedMain] [account-service,,]trationDelegate$BeanPostProcessorChecker : Bean 'org.springframework.cloud.client.loadbalancer.LoadBalancerAutoConfiguration$DeferringLoadBalancerInterceptorConfig' of type [org.springframework.cloud.client.loadbalancer.LoadBalancerAutoConfiguration$DeferringLoadBalancerInterceptorConfig] is not eligible for getting processed by all BeanPostProcessors (for example: not eligible for auto-proxying). The currently created BeanPostProcessor [lbRestClientPostProcessor] is declared through a non-static factory method on that class; consider declaring it as static instead.
2024-10-21T22:53:18.912+07:00  WARN 11796 --- [restartedMain] [account-service,,]trationDelegate$BeanPostProcessorChecker : Bean 'deferringLoadBalancerInterceptor' of type [org.springframework.cloud.client.loadbalancer.DeferringLoadBalancerInterceptor] is not eligible for getting processed by all BeanPostProcessors (for example: not eligible for auto-proxying). Is this bean getting eagerly injected into a currently created BeanPostProcessor [lbRestClientPostProcessor]? Check the corresponding BeanPostProcessor declaration and its dependencies.
2024-10-21T22:53:19.215+07:00  INFO 11796 --- [restartedMain] [account-service,,]o.s.b.w.embedded.tomcat.TomcatWebServer  : Tomcat initialized with port 9080 (http)
2024-10-21T22:53:19.224+07:00  INFO 11796 --- [restartedMain] [account-service,,]o.apache.catalina.core.StandardService   : Starting service [Tomcat]
2024-10-21T22:53:19.224+07:00  INFO 11796 --- [restartedMain] [account-service,,]o.apache.catalina.core.StandardEngine    : Starting Servlet engine: [Apache Tomcat/10.1.25]
2024-10-21T22:53:19.275+07:00  INFO 11796 --- [restartedMain] [account-service,,]o.a.c.c.C.[Tomcat].[localhost].[/]       : Initializing Spring embedded WebApplicationContext
2024-10-21T22:53:19.275+07:00  INFO 11796 --- [restartedMain] [account-service,,]w.s.c.ServletWebServerApplicationContext : Root WebApplicationContext: initialization completed in 1505 ms
2024-10-21T22:53:19.764+07:00  INFO 11796 --- [restartedMain] [account-service,,]o.hibernate.jpa.internal.util.LogHelper  : HHH000204: Processing PersistenceUnitInfo [name: default]
2024-10-21T22:53:19.796+07:00  INFO 11796 --- [restartedMain] [account-service,,]org.hibernate.Version                    : HHH000412: Hibernate ORM core version 6.5.2.Final
2024-10-21T22:53:19.820+07:00  INFO 11796 --- [restartedMain] [account-service,,]o.h.c.internal.RegionFactoryInitiator    : HHH000026: Second-level cache disabled
2024-10-21T22:53:19.997+07:00  INFO 11796 --- [restartedMain] [account-service,,]o.s.o.j.p.SpringPersistenceUnitInfo      : No LoadTimeWeaver setup: ignoring JPA class transformer
2024-10-21T22:53:20.015+07:00  INFO 11796 --- [restartedMain] [account-service,,]com.zaxxer.hikari.HikariDataSource       : HikariPool-1 - Starting...
2024-10-21T22:53:20.200+07:00  INFO 11796 --- [restartedMain] [account-service,,]com.zaxxer.hikari.pool.HikariPool        : HikariPool-1 - Added connection com.mysql.cj.jdbc.ConnectionImpl@5f5b0093
2024-10-21T22:53:20.201+07:00  INFO 11796 --- [restartedMain] [account-service,,]com.zaxxer.hikari.HikariDataSource       : HikariPool-1 - Start completed.
2024-10-21T22:53:20.230+07:00  WARN 11796 --- [restartedMain] [account-service,,]org.hibernate.orm.deprecation            : HHH90000025: MySQL8Dialect does not need to be specified explicitly using 'hibernate.dialect' (remove the property setting and it will be selected by default)
2024-10-21T22:53:20.231+07:00  WARN 11796 --- [restartedMain] [account-service,,]org.hibernate.orm.deprecation            : HHH90000026: MySQL8Dialect has been deprecated; use org.hibernate.dialect.MySQLDialect instead
2024-10-21T22:53:20.782+07:00  INFO 11796 --- [restartedMain] [account-service,,]o.h.e.t.j.p.i.JtaPlatformInitiator       : HHH000489: No JTA platform available (set 'hibernate.transaction.jta.platform' to enable JTA platform integration)
2024-10-21T22:53:20.823+07:00  INFO 11796 --- [restartedMain] [account-service,,]j.LocalContainerEntityManagerFactoryBean : Initialized JPA EntityManagerFactory for persistence unit 'default'
2024-10-21T22:53:21.208+07:00  WARN 11796 --- [restartedMain] [account-service,,]JpaBaseConfiguration$JpaWebConfiguration : spring.jpa.open-in-view is enabled by default. Therefore, database queries may be performed during view rendering. Explicitly configure spring.jpa.open-in-view to disable this warning
2024-10-21T22:53:21.285+07:00  WARN 11796 --- [restartedMain] [account-service,,]o.s.b.d.a.OptionalLiveReloadServer       : Unable to start LiveReload server
2024-10-21T22:53:22.523+07:00  INFO 11796 --- [restartedMain] [account-service,,]DiscoveryClientOptionalArgsConfiguration : Eureka HTTP Client uses RestTemplate.
2024-10-21T22:53:22.561+07:00  WARN 11796 --- [restartedMain] [account-service,,]iguration$LoadBalancerCaffeineWarnLogger : Spring Cloud LoadBalancer is currently working with the default cache. While this cache implementation is useful for development and tests, it's recommended to use Caffeine cache in production.You can switch to using Caffeine cache, by adding it and org.springframework.cache.caffeine.CaffeineCacheManager to the classpath.
2024-10-21T22:53:22.586+07:00  INFO 11796 --- [restartedMain] [account-service,,]o.s.b.a.e.web.EndpointLinksResolver      : Exposing 26 endpoints beneath base path '/actuator'
2024-10-21T22:53:22.660+07:00  INFO 11796 --- [restartedMain] [account-service,,]o.s.c.n.eureka.InstanceInfoFactory       : Setting initial instance status as: STARTING
2024-10-21T22:53:22.685+07:00  INFO 11796 --- [restartedMain] [account-service,,]com.netflix.discovery.DiscoveryClient    : Initializing Eureka in region us-east-1
2024-10-21T22:53:22.688+07:00  INFO 11796 --- [restartedMain] [account-service,,]c.n.d.s.r.aws.ConfigClusterResolver      : Resolving eureka endpoints via configuration
2024-10-21T22:53:22.699+07:00  INFO 11796 --- [restartedMain] [account-service,,]com.netflix.discovery.DiscoveryClient    : Disable delta property : false
2024-10-21T22:53:22.699+07:00  INFO 11796 --- [restartedMain] [account-service,,]com.netflix.discovery.DiscoveryClient    : Single vip registry refresh property : null
2024-10-21T22:53:22.699+07:00  INFO 11796 --- [restartedMain] [account-service,,]com.netflix.discovery.DiscoveryClient    : Force full registry fetch : false
2024-10-21T22:53:22.699+07:00  INFO 11796 --- [restartedMain] [account-service,,]com.netflix.discovery.DiscoveryClient    : Application is null : false
2024-10-21T22:53:22.699+07:00  INFO 11796 --- [restartedMain] [account-service,,]com.netflix.discovery.DiscoveryClient    : Registered Applications size is zero : true
2024-10-21T22:53:22.699+07:00  INFO 11796 --- [restartedMain] [account-service,,]com.netflix.discovery.DiscoveryClient    : Application version is -1: true
2024-10-21T22:53:22.699+07:00  INFO 11796 --- [restartedMain] [account-service,,]com.netflix.discovery.DiscoveryClient    : Getting all instance registry info from the eureka server
2024-10-21T22:53:22.942+07:00  INFO 11796 --- [restartedMain] [account-service,,]com.netflix.discovery.DiscoveryClient    : The response status is 200
2024-10-21T22:53:22.943+07:00  INFO 11796 --- [restartedMain] [account-service,,]com.netflix.discovery.DiscoveryClient    : Starting heartbeat executor: renew interval is: 30
2024-10-21T22:53:22.945+07:00  INFO 11796 --- [restartedMain] [account-service,,]c.n.discovery.InstanceInfoReplicator     : InstanceInfoReplicator onDemand update allowed rate per min is 4
2024-10-21T22:53:22.948+07:00  INFO 11796 --- [restartedMain] [account-service,,]com.netflix.discovery.DiscoveryClient    : Discovery Client initialized at timestamp 1729526002947 with initial instances count: 0
2024-10-21T22:53:22.956+07:00  INFO 11796 --- [restartedMain] [account-service,,]o.s.c.n.e.s.EurekaServiceRegistry        : Registering application ACCOUNT-SERVICE with eureka with status UP
2024-10-21T22:53:22.957+07:00  INFO 11796 --- [restartedMain] [account-service,,]com.netflix.discovery.DiscoveryClient    : Saw local status change event StatusChangeEvent [timestamp=1729526002957, current=UP, previous=STARTING]
2024-10-21T22:53:22.958+07:00  INFO 11796 --- [DiscoveryClient-InstanceInfoReplicator-0] [account-service,,]com.netflix.discovery.DiscoveryClient    : DiscoveryClient_ACCOUNT-SERVICE/DESKTOP-GDQ5MDP:account-service:9080: registering service...
2024-10-21T22:53:22.970+07:00  INFO 11796 --- [restartedMain] [account-service,,]o.s.b.w.embedded.tomcat.TomcatWebServer  : Tomcat started on port 9080 (http) with context path '/'
2024-10-21T22:53:22.971+07:00  INFO 11796 --- [restartedMain] [account-service,,].s.c.n.e.s.EurekaAutoServiceRegistration : Updating port to 9080
2024-10-21T22:53:22.983+07:00  INFO 11796 --- [restartedMain] [account-service,,]j.i.a.AccountserviceApplication          : Started AccountserviceApplication in 5.793 seconds (process running for 6.24)
2024-10-21T22:53:23.006+07:00  INFO 17736 --- [http-nio-9999-exec-2] [discovery-service,,]c.n.e.registry.AbstractInstanceRegistry  : Registered instance ACCOUNT-SERVICE/DESKTOP-GDQ5MDP:account-service:9080 with status UP (replication=false)
2024-10-21T22:53:23.009+07:00  INFO 11796 --- [DiscoveryClient-InstanceInfoReplicator-0] [account-service,,]com.netflix.discovery.DiscoveryClient    : DiscoveryClient_ACCOUNT-SERVICE/DESKTOP-GDQ5MDP:account-service:9080 - registration status: 204
2024-10-21T22:53:23.408+07:00  INFO 11796 --- [RMI TCP Connection(1)-192.168.1.6] [account-service,,]o.a.c.c.C.[Tomcat].[localhost].[/]       : Initializing Spring DispatcherServlet 'dispatcherServlet'
2024-10-21T22:53:23.408+07:00  INFO 11796 --- [RMI TCP Connection(1)-192.168.1.6] [account-service,,]o.s.web.servlet.DispatcherServlet        : Initializing Servlet 'dispatcherServlet'
2024-10-21T22:53:23.409+07:00  INFO 11796 --- [RMI TCP Connection(1)-192.168.1.6] [account-service,,]o.s.web.servlet.DispatcherServlet        : Completed initialization in 1 ms
2024-10-21T22:53:23.598+07:00  INFO 17736 --- [http-nio-9999-exec-5] [discovery-service,,]c.n.e.registry.AbstractInstanceRegistry  : Registered instance ACCOUNT-SERVICE/DESKTOP-GDQ5MDP:account-service:9080 with status UP (replication=true)
2024-10-21T22:53:52.944+07:00  INFO 11796 --- [DiscoveryClient-CacheRefreshExecutor-0] [account-service,,]com.netflix.discovery.DiscoveryClient    : Disable delta property : false
2024-10-21T22:53:52.944+07:00  INFO 11796 --- [DiscoveryClient-CacheRefreshExecutor-0] [account-service,,]com.netflix.discovery.DiscoveryClient    : Single vip registry refresh property : null
2024-10-21T22:53:52.944+07:00  INFO 11796 --- [DiscoveryClient-CacheRefreshExecutor-0] [account-service,,]com.netflix.discovery.DiscoveryClient    : Force full registry fetch : false
2024-10-21T22:53:52.944+07:00  INFO 11796 --- [DiscoveryClient-CacheRefreshExecutor-0] [account-service,,]com.netflix.discovery.DiscoveryClient    : Application is null : false
2024-10-21T22:53:52.944+07:00  INFO 11796 --- [DiscoveryClient-CacheRefreshExecutor-0] [account-service,,]com.netflix.discovery.DiscoveryClient    : Registered Applications size is zero : true
2024-10-21T22:53:52.944+07:00  INFO 11796 --- [DiscoveryClient-CacheRefreshExecutor-0] [account-service,,]com.netflix.discovery.DiscoveryClient    : Application version is -1: false
2024-10-21T22:53:52.944+07:00  INFO 11796 --- [DiscoveryClient-CacheRefreshExecutor-0] [account-service,,]com.netflix.discovery.DiscoveryClient    : Getting all instance registry info from the eureka server
2024-10-21T22:53:52.970+07:00  INFO 11796 --- [DiscoveryClient-CacheRefreshExecutor-0] [account-service,,]com.netflix.discovery.DiscoveryClient    : The response status is 200
2024-10-21T22:54:01.189+07:00  INFO 11796 --- [http-nio-9080-exec-9] [account-service,67167919e63de78e62ee60fb3b884c7d,62ee60fb3b884c7d]o.springdoc.api.AbstractOpenApiResource  : Init duration for springdoc-openapi is: 172 ms
2024-10-21T22:54:04.525+07:00  INFO 17736 --- [Eureka-EvictionTimer] [discovery-service,,]c.n.e.registry.AbstractInstanceRegistry  : Running the evict task with compensationTime 10ms
2024-10-21T22:55:04.529+07:00  INFO 17736 --- [Eureka-EvictionTimer] [discovery-service,,]c.n.e.registry.AbstractInstanceRegistry  : Running the evict task with compensationTime 4ms
2024-10-21T22:56:04.542+07:00  INFO 17736 --- [Eureka-EvictionTimer] [discovery-service,,]c.n.e.registry.AbstractInstanceRegistry  : Running the evict task with compensationTime 12ms
2024-10-21T22:57:04.542+07:00  INFO 17736 --- [Eureka-EvictionTimer] [discovery-service,,]c.n.e.registry.AbstractInstanceRegistry  : Running the evict task with compensationTime 0ms
2024-10-21T22:58:04.554+07:00  INFO 17736 --- [Eureka-EvictionTimer] [discovery-service,,]c.n.e.registry.AbstractInstanceRegistry  : Running the evict task with compensationTime 12ms
2024-10-21T22:58:22.715+07:00  INFO 11796 --- [AsyncResolver-bootstrap-executor-0] [account-service,,]c.n.d.s.r.aws.ConfigClusterResolver      : Resolving eureka endpoints via configuration
2024-10-21T22:59:04.567+07:00  INFO 17736 --- [Eureka-EvictionTimer] [discovery-service,,]c.n.e.registry.AbstractInstanceRegistry  : Running the evict task with compensationTime 12ms
2024-10-21T23:00:04.567+07:00  INFO 17736 --- [Eureka-EvictionTimer] [discovery-service,,]c.n.e.registry.AbstractInstanceRegistry  : Running the evict task with compensationTime 0ms
2024-10-21T23:01:04.568+07:00  INFO 17736 --- [Eureka-EvictionTimer] [discovery-service,,]c.n.e.registry.AbstractInstanceRegistry  : Running the evict task with compensationTime 0ms
2024-10-21T23:02:04.568+07:00  INFO 17736 --- [Eureka-EvictionTimer] [discovery-service,,]c.n.e.registry.AbstractInstanceRegistry  : Running the evict task with compensationTime 0ms
2024-10-21T23:03:04.569+07:00  INFO 17736 --- [Eureka-EvictionTimer] [discovery-service,,]c.n.e.registry.AbstractInstanceRegistry  : Running the evict task with compensationTime 0ms
2024-10-21T23:03:22.717+07:00  INFO 11796 --- [AsyncResolver-bootstrap-executor-0] [account-service,,]c.n.d.s.r.aws.ConfigClusterResolver      : Resolving eureka endpoints via configuration
2024-10-21T23:04:04.570+07:00  INFO 17736 --- [Eureka-EvictionTimer] [discovery-service,,]c.n.e.registry.AbstractInstanceRegistry  : Running the evict task with compensationTime 1ms
2024-10-21T23:05:04.570+07:00  INFO 17736 --- [Eureka-EvictionTimer] [discovery-service,,]c.n.e.registry.AbstractInstanceRegistry  : Running the evict task with compensationTime 0ms
2024-10-21T23:06:04.571+07:00  INFO 17736 --- [Eureka-EvictionTimer] [discovery-service,,]c.n.e.registry.AbstractInstanceRegistry  : Running the evict task with compensationTime 0ms
2024-10-21T23:06:26.034+07:00  INFO 11796 --- [SpringApplicationShutdownHook] [account-service,,]o.s.c.n.e.s.EurekaServiceRegistry        : Unregistering application ACCOUNT-SERVICE with eureka with status DOWN
2024-10-21T23:06:26.034+07:00  INFO 11796 --- [SpringApplicationShutdownHook] [account-service,,]com.netflix.discovery.DiscoveryClient    : Saw local status change event StatusChangeEvent [timestamp=1729526786034, current=DOWN, previous=UP]
2024-10-21T23:06:26.034+07:00  INFO 11796 --- [DiscoveryClient-InstanceInfoReplicator-0] [account-service,,]com.netflix.discovery.DiscoveryClient    : DiscoveryClient_ACCOUNT-SERVICE/DESKTOP-GDQ5MDP:account-service:9080: registering service...
2024-10-21T23:06:26.044+07:00  INFO 11796 --- [SpringApplicationShutdownHook] [account-service,,]j.LocalContainerEntityManagerFactoryBean : Closing JPA EntityManagerFactory for persistence unit 'default'
2024-10-21T23:06:26.046+07:00  INFO 11796 --- [SpringApplicationShutdownHook] [account-service,,]com.zaxxer.hikari.HikariDataSource       : HikariPool-1 - Shutdown initiated...
2024-10-21T23:06:26.049+07:00  INFO 17736 --- [http-nio-9999-exec-6] [discovery-service,,]c.n.e.registry.AbstractInstanceRegistry  : Registered instance ACCOUNT-SERVICE/DESKTOP-GDQ5MDP:account-service:9080 with status DOWN (replication=false)
2024-10-21T23:06:26.051+07:00  INFO 11796 --- [DiscoveryClient-InstanceInfoReplicator-0] [account-service,,]com.netflix.discovery.DiscoveryClient    : DiscoveryClient_ACCOUNT-SERVICE/DESKTOP-GDQ5MDP:account-service:9080 - registration status: 204
2024-10-21T23:06:26.051+07:00  INFO 11796 --- [SpringApplicationShutdownHook] [account-service,,]com.zaxxer.hikari.HikariDataSource       : HikariPool-1 - Shutdown completed.
2024-10-21T23:06:26.052+07:00  INFO 11796 --- [SpringApplicationShutdownHook] [account-service,,]com.netflix.discovery.DiscoveryClient    : Shutting down DiscoveryClient ...
2024-10-21T23:06:26.558+07:00  INFO 17736 --- [http-nio-9999-exec-4] [discovery-service,,]c.n.e.registry.AbstractInstanceRegistry  : Registered instance ACCOUNT-SERVICE/DESKTOP-GDQ5MDP:account-service:9080 with status DOWN (replication=true)
2024-10-21T23:06:29.067+07:00  INFO 11796 --- [SpringApplicationShutdownHook] [account-service,,]com.netflix.discovery.DiscoveryClient    : Unregistering ...
2024-10-21T23:06:29.083+07:00  INFO 17736 --- [http-nio-9999-exec-2] [discovery-service,,]c.n.e.registry.AbstractInstanceRegistry  : Cancelled instance ACCOUNT-SERVICE/DESKTOP-GDQ5MDP:account-service:9080 (replication=false)
2024-10-21T23:06:29.089+07:00  INFO 11796 --- [SpringApplicationShutdownHook] [account-service,,]com.netflix.discovery.DiscoveryClient    : DiscoveryClient_ACCOUNT-SERVICE/DESKTOP-GDQ5MDP:account-service:9080 - deregister  status: 200
2024-10-21T23:06:29.091+07:00  INFO 11796 --- [SpringApplicationShutdownHook] [account-service,,]com.netflix.discovery.DiscoveryClient    : Completed shut down of DiscoveryClient
2024-10-21T23:06:29.596+07:00  WARN 17736 --- [http-nio-9999-exec-3] [discovery-service,,]c.n.e.registry.AbstractInstanceRegistry  : DS: Registry: cancel failed because Lease is not registered for: ACCOUNT-SERVICE/DESKTOP-GDQ5MDP:account-service:9080
2024-10-21T23:06:29.597+07:00  INFO 17736 --- [http-nio-9999-exec-3] [discovery-service,,]c.n.eureka.resources.InstanceResource    : Not Found (Cancel): ACCOUNT-SERVICE - DESKTOP-GDQ5MDP:account-service:9080
2024-10-21T23:06:29.598+07:00  WARN 17736 --- [TaskBatchingWorker-target_localhost-17] [discovery-service,,]c.n.eureka.cluster.ReplicationTask       : The replication of task ACCOUNT-SERVICE/DESKTOP-GDQ5MDP:account-service:9080:Cancel@localhost failed with response code 404
2024-10-21T23:06:29.598+07:00  WARN 17736 --- [TaskBatchingWorker-target_localhost-17] [discovery-service,,]c.netflix.eureka.cluster.PeerEurekaNode  : ACCOUNT-SERVICE/DESKTOP-GDQ5MDP:account-service:9080:Cancel@localhost: missing entry.
2024-10-21T23:06:30.988+07:00  INFO 23344 --- [restartedMain] [account-service,,]c.c.c.ConfigServicePropertySourceLocator : Fetching config from server at : http://localhost:8888
2024-10-21T23:06:30.998+07:00  INFO 23344 --- [restartedMain] [account-service,,]c.c.c.ConfigServicePropertySourceLocator : Located environment: name=account-service, profiles=[default], label=null, version=null, state=null
2024-10-21T23:06:30.999+07:00  INFO 23344 --- [restartedMain] [account-service,,]b.c.PropertySourceBootstrapConfiguration : Located property source: [BootstrapPropertySource {name='bootstrapProperties-configClient'}, BootstrapPropertySource {name='bootstrapProperties-classpath:/shared/account-service.properties'}, BootstrapPropertySource {name='bootstrapProperties-classpath:/shared/application.properties'}]
2024-10-21T23:06:31.008+07:00  INFO 23344 --- [restartedMain] [account-service,,]j.i.a.AccountserviceApplication          : No active profile set, falling back to 1 default profile: "default"
2024-10-21T23:06:31.020+07:00  INFO 23344 --- [restartedMain] [account-service,,]o.s.c.c.c.ConfigServerConfigDataLoader   : Fetching config from server at : http://localhost:8888
2024-10-21T23:06:31.021+07:00  INFO 23344 --- [restartedMain] [account-service,,]o.s.c.c.c.ConfigServerConfigDataLoader   : Located environment: name=account-service, profiles=[default], label=null, version=null, state=null
2024-10-21T23:06:31.641+07:00  INFO 23344 --- [restartedMain] [account-service,,].s.d.r.c.RepositoryConfigurationDelegate : Bootstrapping Spring Data JPA repositories in DEFAULT mode.
2024-10-21T23:06:31.712+07:00  INFO 23344 --- [restartedMain] [account-service,,].s.d.r.c.RepositoryConfigurationDelegate : Finished Spring Data repository scanning in 65 ms. Found 1 JPA repository interface.
2024-10-21T23:06:31.917+07:00  INFO 23344 --- [restartedMain] [account-service,,]o.s.cloud.context.scope.GenericScope     : BeanFactory id=d8284260-a3fb-388c-a2c4-a13431bc221d
2024-10-21T23:06:32.106+07:00  WARN 23344 --- [restartedMain] [account-service,,]trationDelegate$BeanPostProcessorChecker : Bean 'org.springframework.cloud.client.loadbalancer.LoadBalancerAutoConfiguration$DeferringLoadBalancerInterceptorConfig' of type [org.springframework.cloud.client.loadbalancer.LoadBalancerAutoConfiguration$DeferringLoadBalancerInterceptorConfig] is not eligible for getting processed by all BeanPostProcessors (for example: not eligible for auto-proxying). The currently created BeanPostProcessor [lbRestClientPostProcessor] is declared through a non-static factory method on that class; consider declaring it as static instead.
2024-10-21T23:06:32.110+07:00  WARN 23344 --- [restartedMain] [account-service,,]trationDelegate$BeanPostProcessorChecker : Bean 'deferringLoadBalancerInterceptor' of type [org.springframework.cloud.client.loadbalancer.DeferringLoadBalancerInterceptor] is not eligible for getting processed by all BeanPostProcessors (for example: not eligible for auto-proxying). Is this bean getting eagerly injected into a currently created BeanPostProcessor [lbRestClientPostProcessor]? Check the corresponding BeanPostProcessor declaration and its dependencies.
2024-10-21T23:06:32.392+07:00  INFO 23344 --- [restartedMain] [account-service,,]o.s.b.w.embedded.tomcat.TomcatWebServer  : Tomcat initialized with port 9080 (http)
2024-10-21T23:06:32.399+07:00  INFO 23344 --- [restartedMain] [account-service,,]o.apache.catalina.core.StandardService   : Starting service [Tomcat]
2024-10-21T23:06:32.399+07:00  INFO 23344 --- [restartedMain] [account-service,,]o.apache.catalina.core.StandardEngine    : Starting Servlet engine: [Apache Tomcat/10.1.25]
2024-10-21T23:06:32.438+07:00  INFO 23344 --- [restartedMain] [account-service,,]o.a.c.c.C.[Tomcat].[localhost].[/]       : Initializing Spring embedded WebApplicationContext
2024-10-21T23:06:32.438+07:00  INFO 23344 --- [restartedMain] [account-service,,]w.s.c.ServletWebServerApplicationContext : Root WebApplicationContext: initialization completed in 1417 ms
2024-10-21T23:06:32.803+07:00  INFO 23344 --- [restartedMain] [account-service,,]o.hibernate.jpa.internal.util.LogHelper  : HHH000204: Processing PersistenceUnitInfo [name: default]
2024-10-21T23:06:32.833+07:00  INFO 23344 --- [restartedMain] [account-service,,]org.hibernate.Version                    : HHH000412: Hibernate ORM core version 6.5.2.Final
2024-10-21T23:06:32.849+07:00  INFO 23344 --- [restartedMain] [account-service,,]o.h.c.internal.RegionFactoryInitiator    : HHH000026: Second-level cache disabled
2024-10-21T23:06:33.005+07:00  INFO 23344 --- [restartedMain] [account-service,,]o.s.o.j.p.SpringPersistenceUnitInfo      : No LoadTimeWeaver setup: ignoring JPA class transformer
2024-10-21T23:06:33.022+07:00  INFO 23344 --- [restartedMain] [account-service,,]com.zaxxer.hikari.HikariDataSource       : HikariPool-1 - Starting...
2024-10-21T23:06:33.193+07:00  INFO 23344 --- [restartedMain] [account-service,,]com.zaxxer.hikari.pool.HikariPool        : HikariPool-1 - Added connection com.mysql.cj.jdbc.ConnectionImpl@5f5b0093
2024-10-21T23:06:33.194+07:00  INFO 23344 --- [restartedMain] [account-service,,]com.zaxxer.hikari.HikariDataSource       : HikariPool-1 - Start completed.
2024-10-21T23:06:33.222+07:00  WARN 23344 --- [restartedMain] [account-service,,]org.hibernate.orm.deprecation            : HHH90000025: MySQL8Dialect does not need to be specified explicitly using 'hibernate.dialect' (remove the property setting and it will be selected by default)
2024-10-21T23:06:33.223+07:00  WARN 23344 --- [restartedMain] [account-service,,]org.hibernate.orm.deprecation            : HHH90000026: MySQL8Dialect has been deprecated; use org.hibernate.dialect.MySQLDialect instead
2024-10-21T23:06:33.715+07:00  INFO 23344 --- [restartedMain] [account-service,,]o.h.e.t.j.p.i.JtaPlatformInitiator       : HHH000489: No JTA platform available (set 'hibernate.transaction.jta.platform' to enable JTA platform integration)
2024-10-21T23:06:33.750+07:00  INFO 23344 --- [restartedMain] [account-service,,]j.LocalContainerEntityManagerFactoryBean : Initialized JPA EntityManagerFactory for persistence unit 'default'
2024-10-21T23:06:34.106+07:00  WARN 23344 --- [restartedMain] [account-service,,]JpaBaseConfiguration$JpaWebConfiguration : spring.jpa.open-in-view is enabled by default. Therefore, database queries may be performed during view rendering. Explicitly configure spring.jpa.open-in-view to disable this warning
2024-10-21T23:06:34.178+07:00  WARN 23344 --- [restartedMain] [account-service,,]o.s.b.d.a.OptionalLiveReloadServer       : Unable to start LiveReload server
2024-10-21T23:06:35.465+07:00  INFO 23344 --- [restartedMain] [account-service,,]DiscoveryClientOptionalArgsConfiguration : Eureka HTTP Client uses RestTemplate.
2024-10-21T23:06:35.510+07:00  WARN 23344 --- [restartedMain] [account-service,,]iguration$LoadBalancerCaffeineWarnLogger : Spring Cloud LoadBalancer is currently working with the default cache. While this cache implementation is useful for development and tests, it's recommended to use Caffeine cache in production.You can switch to using Caffeine cache, by adding it and org.springframework.cache.caffeine.CaffeineCacheManager to the classpath.
2024-10-21T23:06:35.532+07:00  INFO 23344 --- [restartedMain] [account-service,,]o.s.b.a.e.web.EndpointLinksResolver      : Exposing 26 endpoints beneath base path '/actuator'
2024-10-21T23:06:35.644+07:00  INFO 23344 --- [restartedMain] [account-service,,]o.s.c.n.eureka.InstanceInfoFactory       : Setting initial instance status as: STARTING
2024-10-21T23:06:35.682+07:00  INFO 23344 --- [restartedMain] [account-service,,]com.netflix.discovery.DiscoveryClient    : Initializing Eureka in region us-east-1
2024-10-21T23:06:35.686+07:00  INFO 23344 --- [restartedMain] [account-service,,]c.n.d.s.r.aws.ConfigClusterResolver      : Resolving eureka endpoints via configuration
2024-10-21T23:06:35.705+07:00  INFO 23344 --- [restartedMain] [account-service,,]com.netflix.discovery.DiscoveryClient    : Disable delta property : false
2024-10-21T23:06:35.706+07:00  INFO 23344 --- [restartedMain] [account-service,,]com.netflix.discovery.DiscoveryClient    : Single vip registry refresh property : null
2024-10-21T23:06:35.706+07:00  INFO 23344 --- [restartedMain] [account-service,,]com.netflix.discovery.DiscoveryClient    : Force full registry fetch : false
2024-10-21T23:06:35.706+07:00  INFO 23344 --- [restartedMain] [account-service,,]com.netflix.discovery.DiscoveryClient    : Application is null : false
2024-10-21T23:06:35.706+07:00  INFO 23344 --- [restartedMain] [account-service,,]com.netflix.discovery.DiscoveryClient    : Registered Applications size is zero : true
2024-10-21T23:06:35.706+07:00  INFO 23344 --- [restartedMain] [account-service,,]com.netflix.discovery.DiscoveryClient    : Application version is -1: true
2024-10-21T23:06:35.706+07:00  INFO 23344 --- [restartedMain] [account-service,,]com.netflix.discovery.DiscoveryClient    : Getting all instance registry info from the eureka server
2024-10-21T23:06:35.914+07:00  INFO 23344 --- [restartedMain] [account-service,,]com.netflix.discovery.DiscoveryClient    : The response status is 200
2024-10-21T23:06:35.916+07:00  INFO 23344 --- [restartedMain] [account-service,,]com.netflix.discovery.DiscoveryClient    : Starting heartbeat executor: renew interval is: 30
2024-10-21T23:06:35.939+07:00  INFO 23344 --- [restartedMain] [account-service,,]c.n.discovery.InstanceInfoReplicator     : InstanceInfoReplicator onDemand update allowed rate per min is 4
2024-10-21T23:06:35.943+07:00  INFO 23344 --- [restartedMain] [account-service,,]com.netflix.discovery.DiscoveryClient    : Discovery Client initialized at timestamp 1729526795942 with initial instances count: 0
2024-10-21T23:06:35.951+07:00  INFO 23344 --- [restartedMain] [account-service,,]o.s.c.n.e.s.EurekaServiceRegistry        : Registering application ACCOUNT-SERVICE with eureka with status UP
2024-10-21T23:06:35.951+07:00  INFO 23344 --- [restartedMain] [account-service,,]com.netflix.discovery.DiscoveryClient    : Saw local status change event StatusChangeEvent [timestamp=1729526795951, current=UP, previous=STARTING]
2024-10-21T23:06:35.953+07:00  INFO 23344 --- [DiscoveryClient-InstanceInfoReplicator-0] [account-service,,]com.netflix.discovery.DiscoveryClient    : DiscoveryClient_ACCOUNT-SERVICE/DESKTOP-GDQ5MDP:account-service:9080: registering service...
2024-10-21T23:06:35.966+07:00  INFO 23344 --- [restartedMain] [account-service,,]o.s.b.w.embedded.tomcat.TomcatWebServer  : Tomcat started on port 9080 (http) with context path '/'
2024-10-21T23:06:35.967+07:00  INFO 23344 --- [restartedMain] [account-service,,].s.c.n.e.s.EurekaAutoServiceRegistration : Updating port to 9080
2024-10-21T23:06:35.978+07:00  INFO 23344 --- [restartedMain] [account-service,,]j.i.a.AccountserviceApplication          : Started AccountserviceApplication in 5.532 seconds (process running for 6.014)
2024-10-21T23:06:35.979+07:00  INFO 17736 --- [http-nio-9999-exec-8] [discovery-service,,]c.n.e.registry.AbstractInstanceRegistry  : Registered instance ACCOUNT-SERVICE/DESKTOP-GDQ5MDP:account-service:9080 with status UP (replication=false)
2024-10-21T23:06:35.980+07:00  INFO 23344 --- [DiscoveryClient-InstanceInfoReplicator-0] [account-service,,]com.netflix.discovery.DiscoveryClient    : DiscoveryClient_ACCOUNT-SERVICE/DESKTOP-GDQ5MDP:account-service:9080 - registration status: 204
2024-10-21T23:06:36.146+07:00  INFO 23344 --- [RMI TCP Connection(2)-192.168.1.6] [account-service,,]o.a.c.c.C.[Tomcat].[localhost].[/]       : Initializing Spring DispatcherServlet 'dispatcherServlet'
2024-10-21T23:06:36.146+07:00  INFO 23344 --- [RMI TCP Connection(2)-192.168.1.6] [account-service,,]o.s.web.servlet.DispatcherServlet        : Initializing Servlet 'dispatcherServlet'
2024-10-21T23:06:36.147+07:00  INFO 23344 --- [RMI TCP Connection(2)-192.168.1.6] [account-service,,]o.s.web.servlet.DispatcherServlet        : Completed initialization in 1 ms
2024-10-21T23:06:36.491+07:00  INFO 17736 --- [http-nio-9999-exec-1] [discovery-service,,]c.n.e.registry.AbstractInstanceRegistry  : Registered instance ACCOUNT-SERVICE/DESKTOP-GDQ5MDP:account-service:9080 with status UP (replication=true)
2024-10-21T23:07:04.463+07:00  INFO 17736 --- [ReplicaAwareInstanceRegistry - RenewalThresholdUpdater] [discovery-service,,]c.n.e.r.PeerAwareInstanceRegistryImpl    : Current renewal threshold is : 3
2024-10-21T23:07:04.571+07:00  INFO 17736 --- [Eureka-EvictionTimer] [discovery-service,,]c.n.e.registry.AbstractInstanceRegistry  : Running the evict task with compensationTime 0ms
2024-10-21T23:07:05.919+07:00  INFO 23344 --- [DiscoveryClient-CacheRefreshExecutor-0] [account-service,,]com.netflix.discovery.DiscoveryClient    : Disable delta property : false
2024-10-21T23:07:05.919+07:00  INFO 23344 --- [DiscoveryClient-CacheRefreshExecutor-0] [account-service,,]com.netflix.discovery.DiscoveryClient    : Single vip registry refresh property : null
2024-10-21T23:07:05.919+07:00  INFO 23344 --- [DiscoveryClient-CacheRefreshExecutor-0] [account-service,,]com.netflix.discovery.DiscoveryClient    : Force full registry fetch : false
2024-10-21T23:07:05.919+07:00  INFO 23344 --- [DiscoveryClient-CacheRefreshExecutor-0] [account-service,,]com.netflix.discovery.DiscoveryClient    : Application is null : false
2024-10-21T23:07:05.919+07:00  INFO 23344 --- [DiscoveryClient-CacheRefreshExecutor-0] [account-service,,]com.netflix.discovery.DiscoveryClient    : Registered Applications size is zero : true
2024-10-21T23:07:05.919+07:00  INFO 23344 --- [DiscoveryClient-CacheRefreshExecutor-0] [account-service,,]com.netflix.discovery.DiscoveryClient    : Application version is -1: false
2024-10-21T23:07:05.919+07:00  INFO 23344 --- [DiscoveryClient-CacheRefreshExecutor-0] [account-service,,]com.netflix.discovery.DiscoveryClient    : Getting all instance registry info from the eureka server
2024-10-21T23:07:05.944+07:00  INFO 23344 --- [DiscoveryClient-CacheRefreshExecutor-0] [account-service,,]com.netflix.discovery.DiscoveryClient    : The response status is 200
2024-10-21T23:08:04.571+07:00  INFO 17736 --- [Eureka-EvictionTimer] [discovery-service,,]c.n.e.registry.AbstractInstanceRegistry  : Running the evict task with compensationTime 0ms
2024-10-21T23:09:04.571+07:00  INFO 17736 --- [Eureka-EvictionTimer] [discovery-service,,]c.n.e.registry.AbstractInstanceRegistry  : Running the evict task with compensationTime 0ms
2024-10-21T23:10:04.571+07:00  INFO 17736 --- [Eureka-EvictionTimer] [discovery-service,,]c.n.e.registry.AbstractInstanceRegistry  : Running the evict task with compensationTime 0ms
2024-10-21T23:11:04.572+07:00  INFO 17736 --- [Eureka-EvictionTimer] [discovery-service,,]c.n.e.registry.AbstractInstanceRegistry  : Running the evict task with compensationTime 0ms
2024-10-21T23:11:35.718+07:00  INFO 23344 --- [AsyncResolver-bootstrap-executor-0] [account-service,,]c.n.d.s.r.aws.ConfigClusterResolver      : Resolving eureka endpoints via configuration
2024-10-21T23:12:04.572+07:00  INFO 17736 --- [Eureka-EvictionTimer] [discovery-service,,]c.n.e.registry.AbstractInstanceRegistry  : Running the evict task with compensationTime 0ms
2024-10-21T23:13:04.572+07:00  INFO 17736 --- [Eureka-EvictionTimer] [discovery-service,,]c.n.e.registry.AbstractInstanceRegistry  : Running the evict task with compensationTime 0ms
2024-10-21T23:14:04.572+07:00  INFO 17736 --- [Eureka-EvictionTimer] [discovery-service,,]c.n.e.registry.AbstractInstanceRegistry  : Running the evict task with compensationTime 0ms
2024-10-21T23:15:04.573+07:00  INFO 17736 --- [Eureka-EvictionTimer] [discovery-service,,]c.n.e.registry.AbstractInstanceRegistry  : Running the evict task with compensationTime 0ms
2024-10-21T23:16:04.573+07:00  INFO 17736 --- [Eureka-EvictionTimer] [discovery-service,,]c.n.e.registry.AbstractInstanceRegistry  : Running the evict task with compensationTime 0ms
2024-10-21T23:16:35.726+07:00  INFO 23344 --- [AsyncResolver-bootstrap-executor-0] [account-service,,]c.n.d.s.r.aws.ConfigClusterResolver      : Resolving eureka endpoints via configuration
2024-10-21T23:17:04.573+07:00  INFO 17736 --- [Eureka-EvictionTimer] [discovery-service,,]c.n.e.registry.AbstractInstanceRegistry  : Running the evict task with compensationTime 0ms
2024-10-21T23:18:04.573+07:00  INFO 17736 --- [Eureka-EvictionTimer] [discovery-service,,]c.n.e.registry.AbstractInstanceRegistry  : Running the evict task with compensationTime 0ms
2024-10-21T23:19:04.573+07:00  INFO 17736 --- [Eureka-EvictionTimer] [discovery-service,,]c.n.e.registry.AbstractInstanceRegistry  : Running the evict task with compensationTime 0ms
2024-10-21T23:20:04.573+07:00  INFO 17736 --- [Eureka-EvictionTimer] [discovery-service,,]c.n.e.registry.AbstractInstanceRegistry  : Running the evict task with compensationTime 0ms
2024-10-21T23:21:04.573+07:00  INFO 17736 --- [Eureka-EvictionTimer] [discovery-service,,]c.n.e.registry.AbstractInstanceRegistry  : Running the evict task with compensationTime 0ms
2024-10-21T23:21:35.733+07:00  INFO 23344 --- [AsyncResolver-bootstrap-executor-0] [account-service,,]c.n.d.s.r.aws.ConfigClusterResolver      : Resolving eureka endpoints via configuration
2024-10-21T23:22:04.463+07:00  INFO 17736 --- [ReplicaAwareInstanceRegistry - RenewalThresholdUpdater] [discovery-service,,]c.n.e.r.PeerAwareInstanceRegistryImpl    : Current renewal threshold is : 3
2024-10-21T23:22:04.574+07:00  INFO 17736 --- [Eureka-EvictionTimer] [discovery-service,,]c.n.e.registry.AbstractInstanceRegistry  : Running the evict task with compensationTime 0ms
2024-10-21T23:23:04.574+07:00  INFO 17736 --- [Eureka-EvictionTimer] [discovery-service,,]c.n.e.registry.AbstractInstanceRegistry  : Running the evict task with compensationTime 0ms
2024-10-21T23:24:04.574+07:00  INFO 17736 --- [Eureka-EvictionTimer] [discovery-service,,]c.n.e.registry.AbstractInstanceRegistry  : Running the evict task with compensationTime 0ms
2024-10-21T23:25:04.575+07:00  INFO 17736 --- [Eureka-EvictionTimer] [discovery-service,,]c.n.e.registry.AbstractInstanceRegistry  : Running the evict task with compensationTime 0ms
2024-10-21T23:26:04.575+07:00  INFO 17736 --- [Eureka-EvictionTimer] [discovery-service,,]c.n.e.registry.AbstractInstanceRegistry  : Running the evict task with compensationTime 0ms
2024-10-21T23:26:35.746+07:00  INFO 23344 --- [AsyncResolver-bootstrap-executor-0] [account-service,,]c.n.d.s.r.aws.ConfigClusterResolver      : Resolving eureka endpoints via configuration
2024-10-21T23:27:04.575+07:00  INFO 17736 --- [Eureka-EvictionTimer] [discovery-service,,]c.n.e.registry.AbstractInstanceRegistry  : Running the evict task with compensationTime 0ms
2024-10-21T23:28:04.575+07:00  INFO 17736 --- [Eureka-EvictionTimer] [discovery-service,,]c.n.e.registry.AbstractInstanceRegistry  : Running the evict task with compensationTime 0ms
2024-10-21T23:28:05.360+07:00  INFO 24004 --- [restartedMain] [account-service,,]c.c.c.ConfigServicePropertySourceLocator : Fetching config from server at : http://localhost:8888
2024-10-21T23:28:05.374+07:00  INFO 24004 --- [restartedMain] [account-service,,]c.c.c.ConfigServicePropertySourceLocator : Located environment: name=account-service, profiles=[default], label=null, version=null, state=null
2024-10-21T23:28:05.375+07:00  INFO 24004 --- [restartedMain] [account-service,,]b.c.PropertySourceBootstrapConfiguration : Located property source: [BootstrapPropertySource {name='bootstrapProperties-configClient'}, BootstrapPropertySource {name='bootstrapProperties-classpath:/shared/account-service.properties'}, BootstrapPropertySource {name='bootstrapProperties-classpath:/shared/application.properties'}]
2024-10-21T23:28:05.385+07:00  INFO 24004 --- [restartedMain] [account-service,,]j.i.a.AccountserviceApplication          : No active profile set, falling back to 1 default profile: "default"
2024-10-21T23:28:05.396+07:00  INFO 24004 --- [restartedMain] [account-service,,]o.s.c.c.c.ConfigServerConfigDataLoader   : Fetching config from server at : http://localhost:8888
2024-10-21T23:28:05.396+07:00  INFO 24004 --- [restartedMain] [account-service,,]o.s.c.c.c.ConfigServerConfigDataLoader   : Located environment: name=account-service, profiles=[default], label=null, version=null, state=null
2024-10-21T23:28:06.002+07:00  INFO 24004 --- [restartedMain] [account-service,,].s.d.r.c.RepositoryConfigurationDelegate : Bootstrapping Spring Data JPA repositories in DEFAULT mode.
2024-10-21T23:28:06.076+07:00  INFO 24004 --- [restartedMain] [account-service,,].s.d.r.c.RepositoryConfigurationDelegate : Finished Spring Data repository scanning in 70 ms. Found 1 JPA repository interface.
2024-10-21T23:28:06.272+07:00  INFO 24004 --- [restartedMain] [account-service,,]o.s.cloud.context.scope.GenericScope     : BeanFactory id=d8284260-a3fb-388c-a2c4-a13431bc221d
2024-10-21T23:28:06.445+07:00  WARN 24004 --- [restartedMain] [account-service,,]trationDelegate$BeanPostProcessorChecker : Bean 'org.springframework.cloud.client.loadbalancer.LoadBalancerAutoConfiguration$DeferringLoadBalancerInterceptorConfig' of type [org.springframework.cloud.client.loadbalancer.LoadBalancerAutoConfiguration$DeferringLoadBalancerInterceptorConfig] is not eligible for getting processed by all BeanPostProcessors (for example: not eligible for auto-proxying). The currently created BeanPostProcessor [lbRestClientPostProcessor] is declared through a non-static factory method on that class; consider declaring it as static instead.
2024-10-21T23:28:06.447+07:00  WARN 24004 --- [restartedMain] [account-service,,]trationDelegate$BeanPostProcessorChecker : Bean 'deferringLoadBalancerInterceptor' of type [org.springframework.cloud.client.loadbalancer.DeferringLoadBalancerInterceptor] is not eligible for getting processed by all BeanPostProcessors (for example: not eligible for auto-proxying). Is this bean getting eagerly injected into a currently created BeanPostProcessor [lbRestClientPostProcessor]? Check the corresponding BeanPostProcessor declaration and its dependencies.
2024-10-21T23:28:06.713+07:00  INFO 24004 --- [restartedMain] [account-service,,]o.s.b.w.embedded.tomcat.TomcatWebServer  : Tomcat initialized with port 9080 (http)
2024-10-21T23:28:06.720+07:00  INFO 24004 --- [restartedMain] [account-service,,]o.apache.catalina.core.StandardService   : Starting service [Tomcat]
2024-10-21T23:28:06.721+07:00  INFO 24004 --- [restartedMain] [account-service,,]o.apache.catalina.core.StandardEngine    : Starting Servlet engine: [Apache Tomcat/10.1.25]
2024-10-21T23:28:06.755+07:00  INFO 24004 --- [restartedMain] [account-service,,]o.a.c.c.C.[Tomcat].[localhost].[/]       : Initializing Spring embedded WebApplicationContext
2024-10-21T23:28:06.755+07:00  INFO 24004 --- [restartedMain] [account-service,,]w.s.c.ServletWebServerApplicationContext : Root WebApplicationContext: initialization completed in 1358 ms
2024-10-21T23:28:07.111+07:00  INFO 24004 --- [restartedMain] [account-service,,]o.hibernate.jpa.internal.util.LogHelper  : HHH000204: Processing PersistenceUnitInfo [name: default]
2024-10-21T23:28:07.139+07:00  INFO 24004 --- [restartedMain] [account-service,,]org.hibernate.Version                    : HHH000412: Hibernate ORM core version 6.5.2.Final
2024-10-21T23:28:07.157+07:00  INFO 24004 --- [restartedMain] [account-service,,]o.h.c.internal.RegionFactoryInitiator    : HHH000026: Second-level cache disabled
2024-10-21T23:28:07.309+07:00  INFO 24004 --- [restartedMain] [account-service,,]o.s.o.j.p.SpringPersistenceUnitInfo      : No LoadTimeWeaver setup: ignoring JPA class transformer
2024-10-21T23:28:07.323+07:00  INFO 24004 --- [restartedMain] [account-service,,]com.zaxxer.hikari.HikariDataSource       : HikariPool-1 - Starting...
2024-10-21T23:28:07.484+07:00  INFO 24004 --- [restartedMain] [account-service,,]com.zaxxer.hikari.pool.HikariPool        : HikariPool-1 - Added connection com.mysql.cj.jdbc.ConnectionImpl@80c249c
2024-10-21T23:28:07.485+07:00  INFO 24004 --- [restartedMain] [account-service,,]com.zaxxer.hikari.HikariDataSource       : HikariPool-1 - Start completed.
2024-10-21T23:28:07.509+07:00  WARN 24004 --- [restartedMain] [account-service,,]org.hibernate.orm.deprecation            : HHH90000025: MySQL8Dialect does not need to be specified explicitly using 'hibernate.dialect' (remove the property setting and it will be selected by default)
2024-10-21T23:28:07.510+07:00  WARN 24004 --- [restartedMain] [account-service,,]org.hibernate.orm.deprecation            : HHH90000026: MySQL8Dialect has been deprecated; use org.hibernate.dialect.MySQLDialect instead
2024-10-21T23:28:07.996+07:00  INFO 24004 --- [restartedMain] [account-service,,]o.h.e.t.j.p.i.JtaPlatformInitiator       : HHH000489: No JTA platform available (set 'hibernate.transaction.jta.platform' to enable JTA platform integration)
2024-10-21T23:28:08.034+07:00  INFO 24004 --- [restartedMain] [account-service,,]j.LocalContainerEntityManagerFactoryBean : Initialized JPA EntityManagerFactory for persistence unit 'default'
2024-10-21T23:28:08.389+07:00  WARN 24004 --- [restartedMain] [account-service,,]JpaBaseConfiguration$JpaWebConfiguration : spring.jpa.open-in-view is enabled by default. Therefore, database queries may be performed during view rendering. Explicitly configure spring.jpa.open-in-view to disable this warning
2024-10-21T23:28:08.459+07:00  WARN 24004 --- [restartedMain] [account-service,,]o.s.b.d.a.OptionalLiveReloadServer       : Unable to start LiveReload server
2024-10-21T23:28:09.629+07:00  INFO 24004 --- [restartedMain] [account-service,,]DiscoveryClientOptionalArgsConfiguration : Eureka HTTP Client uses RestTemplate.
2024-10-21T23:28:09.668+07:00  WARN 24004 --- [restartedMain] [account-service,,]iguration$LoadBalancerCaffeineWarnLogger : Spring Cloud LoadBalancer is currently working with the default cache. While this cache implementation is useful for development and tests, it's recommended to use Caffeine cache in production.You can switch to using Caffeine cache, by adding it and org.springframework.cache.caffeine.CaffeineCacheManager to the classpath.
2024-10-21T23:28:09.685+07:00  INFO 24004 --- [restartedMain] [account-service,,]o.s.b.a.e.web.EndpointLinksResolver      : Exposing 26 endpoints beneath base path '/actuator'
2024-10-21T23:28:09.756+07:00  INFO 24004 --- [restartedMain] [account-service,,]o.s.c.n.eureka.InstanceInfoFactory       : Setting initial instance status as: STARTING
2024-10-21T23:28:09.777+07:00  INFO 24004 --- [restartedMain] [account-service,,]com.netflix.discovery.DiscoveryClient    : Initializing Eureka in region us-east-1
2024-10-21T23:28:09.779+07:00  INFO 24004 --- [restartedMain] [account-service,,]c.n.d.s.r.aws.ConfigClusterResolver      : Resolving eureka endpoints via configuration
2024-10-21T23:28:09.791+07:00  INFO 24004 --- [restartedMain] [account-service,,]com.netflix.discovery.DiscoveryClient    : Disable delta property : false
2024-10-21T23:28:09.791+07:00  INFO 24004 --- [restartedMain] [account-service,,]com.netflix.discovery.DiscoveryClient    : Single vip registry refresh property : null
2024-10-21T23:28:09.791+07:00  INFO 24004 --- [restartedMain] [account-service,,]com.netflix.discovery.DiscoveryClient    : Force full registry fetch : false
2024-10-21T23:28:09.791+07:00  INFO 24004 --- [restartedMain] [account-service,,]com.netflix.discovery.DiscoveryClient    : Application is null : false
2024-10-21T23:28:09.791+07:00  INFO 24004 --- [restartedMain] [account-service,,]com.netflix.discovery.DiscoveryClient    : Registered Applications size is zero : true
2024-10-21T23:28:09.791+07:00  INFO 24004 --- [restartedMain] [account-service,,]com.netflix.discovery.DiscoveryClient    : Application version is -1: true
2024-10-21T23:28:09.791+07:00  INFO 24004 --- [restartedMain] [account-service,,]com.netflix.discovery.DiscoveryClient    : Getting all instance registry info from the eureka server
2024-10-21T23:28:09.944+07:00  INFO 24004 --- [restartedMain] [account-service,,]com.netflix.discovery.DiscoveryClient    : The response status is 200
2024-10-21T23:28:09.949+07:00  INFO 24004 --- [restartedMain] [account-service,,]com.netflix.discovery.DiscoveryClient    : Starting heartbeat executor: renew interval is: 30
2024-10-21T23:28:09.951+07:00  INFO 24004 --- [restartedMain] [account-service,,]c.n.discovery.InstanceInfoReplicator     : InstanceInfoReplicator onDemand update allowed rate per min is 4
2024-10-21T23:28:09.953+07:00  INFO 24004 --- [restartedMain] [account-service,,]com.netflix.discovery.DiscoveryClient    : Discovery Client initialized at timestamp 1729528089953 with initial instances count: 1
2024-10-21T23:28:09.961+07:00  INFO 24004 --- [restartedMain] [account-service,,]o.s.c.n.e.s.EurekaServiceRegistry        : Registering application ACCOUNT-SERVICE with eureka with status UP
2024-10-21T23:28:09.961+07:00  INFO 24004 --- [restartedMain] [account-service,,]com.netflix.discovery.DiscoveryClient    : Saw local status change event StatusChangeEvent [timestamp=1729528089961, current=UP, previous=STARTING]
2024-10-21T23:28:09.962+07:00  INFO 24004 --- [DiscoveryClient-InstanceInfoReplicator-0] [account-service,,]com.netflix.discovery.DiscoveryClient    : DiscoveryClient_ACCOUNT-SERVICE/DESKTOP-GDQ5MDP:account-service:9080: registering service...
2024-10-21T23:28:09.965+07:00  INFO 24004 --- [restartedMain] [account-service,,]o.s.c.n.e.s.EurekaServiceRegistry        : Unregistering application ACCOUNT-SERVICE with eureka with status DOWN
2024-10-21T23:28:09.966+07:00  INFO 24004 --- [restartedMain] [account-service,,]com.netflix.discovery.DiscoveryClient    : Saw local status change event StatusChangeEvent [timestamp=1729528089966, current=DOWN, previous=UP]
2024-10-21T23:28:09.966+07:00  WARN 24004 --- [restartedMain] [account-service,,]ConfigServletWebServerApplicationContext : Exception encountered during context initialization - cancelling refresh attempt: org.springframework.context.ApplicationContextException: Failed to start bean 'webServerStartStop'
2024-10-21T23:28:09.969+07:00  INFO 24004 --- [restartedMain] [account-service,,]j.LocalContainerEntityManagerFactoryBean : Closing JPA EntityManagerFactory for persistence unit 'default'
2024-10-21T23:28:09.972+07:00  INFO 24004 --- [restartedMain] [account-service,,]com.zaxxer.hikari.HikariDataSource       : HikariPool-1 - Shutdown initiated...
2024-10-21T23:28:09.977+07:00  INFO 24004 --- [restartedMain] [account-service,,]com.zaxxer.hikari.HikariDataSource       : HikariPool-1 - Shutdown completed.
2024-10-21T23:28:09.978+07:00  INFO 24004 --- [restartedMain] [account-service,,]com.netflix.discovery.DiscoveryClient    : Shutting down DiscoveryClient ...
2024-10-21T23:28:09.984+07:00  INFO 17736 --- [http-nio-9999-exec-7] [discovery-service,,]c.n.e.registry.AbstractInstanceRegistry  : Registered instance ACCOUNT-SERVICE/DESKTOP-GDQ5MDP:account-service:9080 with status DOWN (replication=false)
2024-10-21T23:28:09.985+07:00  INFO 24004 --- [DiscoveryClient-InstanceInfoReplicator-0] [account-service,,]com.netflix.discovery.DiscoveryClient    : DiscoveryClient_ACCOUNT-SERVICE/DESKTOP-GDQ5MDP:account-service:9080 - registration status: 204
2024-10-21T23:28:09.985+07:00  INFO 24004 --- [DiscoveryClient-InstanceInfoReplicator-0] [account-service,,]com.netflix.discovery.DiscoveryClient    : DiscoveryClient_ACCOUNT-SERVICE/DESKTOP-GDQ5MDP:account-service:9080: registering service...
2024-10-21T23:28:09.987+07:00  INFO 17736 --- [http-nio-9999-exec-5] [discovery-service,,]c.n.e.registry.AbstractInstanceRegistry  : Registered instance ACCOUNT-SERVICE/DESKTOP-GDQ5MDP:account-service:9080 with status DOWN (replication=false)
2024-10-21T23:28:09.988+07:00  INFO 24004 --- [DiscoveryClient-InstanceInfoReplicator-0] [account-service,,]com.netflix.discovery.DiscoveryClient    : DiscoveryClient_ACCOUNT-SERVICE/DESKTOP-GDQ5MDP:account-service:9080 - registration status: 204
2024-10-21T23:28:09.989+07:00  INFO 24004 --- [restartedMain] [account-service,,]com.netflix.discovery.DiscoveryClient    : Unregistering ...
2024-10-21T23:28:09.991+07:00  INFO 17736 --- [http-nio-9999-exec-1] [discovery-service,,]c.n.e.registry.AbstractInstanceRegistry  : Cancelled instance ACCOUNT-SERVICE/DESKTOP-GDQ5MDP:account-service:9080 (replication=false)
2024-10-21T23:28:09.992+07:00  INFO 24004 --- [restartedMain] [account-service,,]com.netflix.discovery.DiscoveryClient    : DiscoveryClient_ACCOUNT-SERVICE/DESKTOP-GDQ5MDP:account-service:9080 - deregister  status: 200
2024-10-21T23:28:09.994+07:00  INFO 24004 --- [restartedMain] [account-service,,]com.netflix.discovery.DiscoveryClient    : Completed shut down of DiscoveryClient
2024-10-21T23:28:09.995+07:00  INFO 24004 --- [restartedMain] [account-service,,]o.apache.catalina.core.StandardService   : Stopping service [Tomcat]
2024-10-21T23:28:10.005+07:00  INFO 24004 --- [restartedMain] [account-service,,].s.b.a.l.ConditionEvaluationReportLogger : 

Error starting ApplicationContext. To display the condition evaluation report re-run your application with 'debug' enabled.
2024-10-21T23:28:10.027+07:00 ERROR 24004 --- [restartedMain] [account-service,,]o.s.b.d.LoggingFailureAnalysisReporter   : 

***************************
APPLICATION FAILED TO START
***************************

Description:

Web server failed to start. Port 9080 was already in use.

Action:

Identify and stop the process that's listening on port 9080 or configure this application to listen on another port.

2024-10-21T23:28:10.498+07:00  INFO 17736 --- [http-nio-9999-exec-4] [discovery-service,,]c.n.e.registry.AbstractInstanceRegistry  : Registered instance ACCOUNT-SERVICE/DESKTOP-GDQ5MDP:account-service:9080 with status DOWN (replication=true)
2024-10-21T23:28:10.498+07:00  INFO 17736 --- [http-nio-9999-exec-4] [discovery-service,,]c.n.e.registry.AbstractInstanceRegistry  : Cancelled instance ACCOUNT-SERVICE/DESKTOP-GDQ5MDP:account-service:9080 (replication=true)
2024-10-21T23:28:36.960+07:00  WARN 17736 --- [http-nio-9999-exec-8] [discovery-service,,]c.n.e.registry.AbstractInstanceRegistry  : DS: Registry: lease doesn't exist, registering resource: ACCOUNT-SERVICE - DESKTOP-GDQ5MDP:account-service:9080
2024-10-21T23:28:36.960+07:00  WARN 17736 --- [http-nio-9999-exec-8] [discovery-service,,]c.n.eureka.resources.InstanceResource    : Not Found (Renew): ACCOUNT-SERVICE - DESKTOP-GDQ5MDP:account-service:9080
2024-10-21T23:28:36.964+07:00  INFO 23344 --- [DiscoveryClient-HeartbeatExecutor-0] [account-service,,]com.netflix.discovery.DiscoveryClient    : DiscoveryClient_ACCOUNT-SERVICE/DESKTOP-GDQ5MDP:account-service:9080 - Re-registering apps/ACCOUNT-SERVICE
2024-10-21T23:28:36.965+07:00  INFO 23344 --- [DiscoveryClient-HeartbeatExecutor-0] [account-service,,]com.netflix.discovery.DiscoveryClient    : DiscoveryClient_ACCOUNT-SERVICE/DESKTOP-GDQ5MDP:account-service:9080: registering service...
2024-10-21T23:28:36.968+07:00  INFO 17736 --- [http-nio-9999-exec-10] [discovery-service,,]c.n.e.registry.AbstractInstanceRegistry  : Registered instance ACCOUNT-SERVICE/DESKTOP-GDQ5MDP:account-service:9080 with status UP (replication=false)
2024-10-21T23:28:36.969+07:00  INFO 23344 --- [DiscoveryClient-HeartbeatExecutor-0] [account-service,,]com.netflix.discovery.DiscoveryClient    : DiscoveryClient_ACCOUNT-SERVICE/DESKTOP-GDQ5MDP:account-service:9080 - registration status: 204
2024-10-21T23:28:37.473+07:00  INFO 17736 --- [http-nio-9999-exec-6] [discovery-service,,]c.n.e.registry.AbstractInstanceRegistry  : Registered instance ACCOUNT-SERVICE/DESKTOP-GDQ5MDP:account-service:9080 with status UP (replication=true)
2024-10-21T23:29:04.576+07:00  INFO 17736 --- [Eureka-EvictionTimer] [discovery-service,,]c.n.e.registry.AbstractInstanceRegistry  : Running the evict task with compensationTime 0ms
2024-10-21T23:29:06.990+07:00  INFO 23344 --- [DiscoveryClient-CacheRefreshExecutor-0] [account-service,,]com.netflix.discovery.DiscoveryClient    : Disable delta property : false
2024-10-21T23:29:06.990+07:00  INFO 23344 --- [DiscoveryClient-CacheRefreshExecutor-0] [account-service,,]com.netflix.discovery.DiscoveryClient    : Single vip registry refresh property : null
2024-10-21T23:29:06.990+07:00  INFO 23344 --- [DiscoveryClient-CacheRefreshExecutor-0] [account-service,,]com.netflix.discovery.DiscoveryClient    : Force full registry fetch : false
2024-10-21T23:29:06.990+07:00  INFO 23344 --- [DiscoveryClient-CacheRefreshExecutor-0] [account-service,,]com.netflix.discovery.DiscoveryClient    : Application is null : false
2024-10-21T23:29:06.990+07:00  INFO 23344 --- [DiscoveryClient-CacheRefreshExecutor-0] [account-service,,]com.netflix.discovery.DiscoveryClient    : Registered Applications size is zero : true
2024-10-21T23:29:06.990+07:00  INFO 23344 --- [DiscoveryClient-CacheRefreshExecutor-0] [account-service,,]com.netflix.discovery.DiscoveryClient    : Application version is -1: false
2024-10-21T23:29:06.990+07:00  INFO 23344 --- [DiscoveryClient-CacheRefreshExecutor-0] [account-service,,]com.netflix.discovery.DiscoveryClient    : Getting all instance registry info from the eureka server
2024-10-21T23:29:07.008+07:00  INFO 23344 --- [DiscoveryClient-CacheRefreshExecutor-0] [account-service,,]com.netflix.discovery.DiscoveryClient    : The response status is 200
2024-10-21T23:30:04.576+07:00  INFO 17736 --- [Eureka-EvictionTimer] [discovery-service,,]c.n.e.registry.AbstractInstanceRegistry  : Running the evict task with compensationTime 0ms
2024-10-21T23:30:24.999+07:00  INFO 8660 --- [restartedMain] [account-service,,]c.c.c.ConfigServicePropertySourceLocator : Fetching config from server at : http://localhost:8888
2024-10-21T23:30:25.009+07:00  INFO 8660 --- [restartedMain] [account-service,,]c.c.c.ConfigServicePropertySourceLocator : Located environment: name=account-service, profiles=[default], label=null, version=null, state=null
2024-10-21T23:30:25.011+07:00  INFO 8660 --- [restartedMain] [account-service,,]b.c.PropertySourceBootstrapConfiguration : Located property source: [BootstrapPropertySource {name='bootstrapProperties-configClient'}, BootstrapPropertySource {name='bootstrapProperties-classpath:/shared/account-service.properties'}, BootstrapPropertySource {name='bootstrapProperties-classpath:/shared/application.properties'}]
2024-10-21T23:30:25.019+07:00  INFO 8660 --- [restartedMain] [account-service,,]j.i.a.AccountserviceApplication          : No active profile set, falling back to 1 default profile: "default"
2024-10-21T23:30:25.027+07:00  INFO 8660 --- [restartedMain] [account-service,,]o.s.c.c.c.ConfigServerConfigDataLoader   : Fetching config from server at : http://localhost:8888
2024-10-21T23:30:25.027+07:00  INFO 8660 --- [restartedMain] [account-service,,]o.s.c.c.c.ConfigServerConfigDataLoader   : Located environment: name=account-service, profiles=[default], label=null, version=null, state=null
2024-10-21T23:30:25.640+07:00  INFO 8660 --- [restartedMain] [account-service,,].s.d.r.c.RepositoryConfigurationDelegate : Bootstrapping Spring Data JPA repositories in DEFAULT mode.
2024-10-21T23:30:25.714+07:00  INFO 8660 --- [restartedMain] [account-service,,].s.d.r.c.RepositoryConfigurationDelegate : Finished Spring Data repository scanning in 69 ms. Found 1 JPA repository interface.
2024-10-21T23:30:25.922+07:00  INFO 8660 --- [restartedMain] [account-service,,]o.s.cloud.context.scope.GenericScope     : BeanFactory id=d8284260-a3fb-388c-a2c4-a13431bc221d
2024-10-21T23:30:26.106+07:00  WARN 8660 --- [restartedMain] [account-service,,]trationDelegate$BeanPostProcessorChecker : Bean 'org.springframework.cloud.client.loadbalancer.LoadBalancerAutoConfiguration$DeferringLoadBalancerInterceptorConfig' of type [org.springframework.cloud.client.loadbalancer.LoadBalancerAutoConfiguration$DeferringLoadBalancerInterceptorConfig] is not eligible for getting processed by all BeanPostProcessors (for example: not eligible for auto-proxying). The currently created BeanPostProcessor [lbRestClientPostProcessor] is declared through a non-static factory method on that class; consider declaring it as static instead.
2024-10-21T23:30:26.109+07:00  WARN 8660 --- [restartedMain] [account-service,,]trationDelegate$BeanPostProcessorChecker : Bean 'deferringLoadBalancerInterceptor' of type [org.springframework.cloud.client.loadbalancer.DeferringLoadBalancerInterceptor] is not eligible for getting processed by all BeanPostProcessors (for example: not eligible for auto-proxying). Is this bean getting eagerly injected into a currently created BeanPostProcessor [lbRestClientPostProcessor]? Check the corresponding BeanPostProcessor declaration and its dependencies.
2024-10-21T23:30:26.389+07:00  INFO 8660 --- [restartedMain] [account-service,,]o.s.b.w.embedded.tomcat.TomcatWebServer  : Tomcat initialized with port 9080 (http)
2024-10-21T23:30:26.397+07:00  INFO 8660 --- [restartedMain] [account-service,,]o.apache.catalina.core.StandardService   : Starting service [Tomcat]
2024-10-21T23:30:26.397+07:00  INFO 8660 --- [restartedMain] [account-service,,]o.apache.catalina.core.StandardEngine    : Starting Servlet engine: [Apache Tomcat/10.1.25]
2024-10-21T23:30:26.430+07:00  INFO 8660 --- [restartedMain] [account-service,,]o.a.c.c.C.[Tomcat].[localhost].[/]       : Initializing Spring embedded WebApplicationContext
2024-10-21T23:30:26.430+07:00  INFO 8660 --- [restartedMain] [account-service,,]w.s.c.ServletWebServerApplicationContext : Root WebApplicationContext: initialization completed in 1403 ms
2024-10-21T23:30:26.799+07:00  INFO 8660 --- [restartedMain] [account-service,,]o.hibernate.jpa.internal.util.LogHelper  : HHH000204: Processing PersistenceUnitInfo [name: default]
2024-10-21T23:30:26.829+07:00  INFO 8660 --- [restartedMain] [account-service,,]org.hibernate.Version                    : HHH000412: Hibernate ORM core version 6.5.2.Final
2024-10-21T23:30:26.847+07:00  INFO 8660 --- [restartedMain] [account-service,,]o.h.c.internal.RegionFactoryInitiator    : HHH000026: Second-level cache disabled
2024-10-21T23:30:27.005+07:00  INFO 8660 --- [restartedMain] [account-service,,]o.s.o.j.p.SpringPersistenceUnitInfo      : No LoadTimeWeaver setup: ignoring JPA class transformer
2024-10-21T23:30:27.019+07:00  INFO 8660 --- [restartedMain] [account-service,,]com.zaxxer.hikari.HikariDataSource       : HikariPool-1 - Starting...
2024-10-21T23:30:27.184+07:00  INFO 8660 --- [restartedMain] [account-service,,]com.zaxxer.hikari.pool.HikariPool        : HikariPool-1 - Added connection com.mysql.cj.jdbc.ConnectionImpl@168b9599
2024-10-21T23:30:27.185+07:00  INFO 8660 --- [restartedMain] [account-service,,]com.zaxxer.hikari.HikariDataSource       : HikariPool-1 - Start completed.
2024-10-21T23:30:27.208+07:00  WARN 8660 --- [restartedMain] [account-service,,]org.hibernate.orm.deprecation            : HHH90000025: MySQL8Dialect does not need to be specified explicitly using 'hibernate.dialect' (remove the property setting and it will be selected by default)
2024-10-21T23:30:27.209+07:00  WARN 8660 --- [restartedMain] [account-service,,]org.hibernate.orm.deprecation            : HHH90000026: MySQL8Dialect has been deprecated; use org.hibernate.dialect.MySQLDialect instead
2024-10-21T23:30:27.693+07:00  INFO 8660 --- [restartedMain] [account-service,,]o.h.e.t.j.p.i.JtaPlatformInitiator       : HHH000489: No JTA platform available (set 'hibernate.transaction.jta.platform' to enable JTA platform integration)
2024-10-21T23:30:27.727+07:00  INFO 8660 --- [restartedMain] [account-service,,]j.LocalContainerEntityManagerFactoryBean : Initialized JPA EntityManagerFactory for persistence unit 'default'
2024-10-21T23:30:28.076+07:00  WARN 8660 --- [restartedMain] [account-service,,]JpaBaseConfiguration$JpaWebConfiguration : spring.jpa.open-in-view is enabled by default. Therefore, database queries may be performed during view rendering. Explicitly configure spring.jpa.open-in-view to disable this warning
2024-10-21T23:30:28.148+07:00  WARN 8660 --- [restartedMain] [account-service,,]o.s.b.d.a.OptionalLiveReloadServer       : Unable to start LiveReload server
2024-10-21T23:30:29.461+07:00  INFO 8660 --- [restartedMain] [account-service,,]DiscoveryClientOptionalArgsConfiguration : Eureka HTTP Client uses RestTemplate.
2024-10-21T23:30:29.544+07:00  WARN 8660 --- [restartedMain] [account-service,,]iguration$LoadBalancerCaffeineWarnLogger : Spring Cloud LoadBalancer is currently working with the default cache. While this cache implementation is useful for development and tests, it's recommended to use Caffeine cache in production.You can switch to using Caffeine cache, by adding it and org.springframework.cache.caffeine.CaffeineCacheManager to the classpath.
2024-10-21T23:30:29.563+07:00  INFO 8660 --- [restartedMain] [account-service,,]o.s.b.a.e.web.EndpointLinksResolver      : Exposing 26 endpoints beneath base path '/actuator'
2024-10-21T23:30:29.634+07:00  INFO 8660 --- [restartedMain] [account-service,,]o.s.c.n.eureka.InstanceInfoFactory       : Setting initial instance status as: STARTING
2024-10-21T23:30:29.659+07:00  INFO 8660 --- [restartedMain] [account-service,,]com.netflix.discovery.DiscoveryClient    : Initializing Eureka in region us-east-1
2024-10-21T23:30:29.662+07:00  INFO 8660 --- [restartedMain] [account-service,,]c.n.d.s.r.aws.ConfigClusterResolver      : Resolving eureka endpoints via configuration
2024-10-21T23:30:29.674+07:00  INFO 8660 --- [restartedMain] [account-service,,]com.netflix.discovery.DiscoveryClient    : Disable delta property : false
2024-10-21T23:30:29.674+07:00  INFO 8660 --- [restartedMain] [account-service,,]com.netflix.discovery.DiscoveryClient    : Single vip registry refresh property : null
2024-10-21T23:30:29.674+07:00  INFO 8660 --- [restartedMain] [account-service,,]com.netflix.discovery.DiscoveryClient    : Force full registry fetch : false
2024-10-21T23:30:29.675+07:00  INFO 8660 --- [restartedMain] [account-service,,]com.netflix.discovery.DiscoveryClient    : Application is null : false
2024-10-21T23:30:29.675+07:00  INFO 8660 --- [restartedMain] [account-service,,]com.netflix.discovery.DiscoveryClient    : Registered Applications size is zero : true
2024-10-21T23:30:29.675+07:00  INFO 8660 --- [restartedMain] [account-service,,]com.netflix.discovery.DiscoveryClient    : Application version is -1: true
2024-10-21T23:30:29.675+07:00  INFO 8660 --- [restartedMain] [account-service,,]com.netflix.discovery.DiscoveryClient    : Getting all instance registry info from the eureka server
2024-10-21T23:30:29.840+07:00  INFO 8660 --- [restartedMain] [account-service,,]com.netflix.discovery.DiscoveryClient    : The response status is 200
2024-10-21T23:30:29.842+07:00  INFO 8660 --- [restartedMain] [account-service,,]com.netflix.discovery.DiscoveryClient    : Starting heartbeat executor: renew interval is: 30
2024-10-21T23:30:29.844+07:00  INFO 8660 --- [restartedMain] [account-service,,]c.n.discovery.InstanceInfoReplicator     : InstanceInfoReplicator onDemand update allowed rate per min is 4
2024-10-21T23:30:29.846+07:00  INFO 8660 --- [restartedMain] [account-service,,]com.netflix.discovery.DiscoveryClient    : Discovery Client initialized at timestamp 1729528229846 with initial instances count: 1
2024-10-21T23:30:29.854+07:00  INFO 8660 --- [restartedMain] [account-service,,]o.s.c.n.e.s.EurekaServiceRegistry        : Registering application ACCOUNT-SERVICE with eureka with status UP
2024-10-21T23:30:29.854+07:00  INFO 8660 --- [restartedMain] [account-service,,]com.netflix.discovery.DiscoveryClient    : Saw local status change event StatusChangeEvent [timestamp=1729528229854, current=UP, previous=STARTING]
2024-10-21T23:30:29.855+07:00  INFO 8660 --- [DiscoveryClient-InstanceInfoReplicator-0] [account-service,,]com.netflix.discovery.DiscoveryClient    : DiscoveryClient_ACCOUNT-SERVICE/DESKTOP-GDQ5MDP:account-service:9080: registering service...
2024-10-21T23:30:29.859+07:00  INFO 8660 --- [restartedMain] [account-service,,]o.s.c.n.e.s.EurekaServiceRegistry        : Unregistering application ACCOUNT-SERVICE with eureka with status DOWN
2024-10-21T23:30:29.859+07:00  INFO 8660 --- [restartedMain] [account-service,,]com.netflix.discovery.DiscoveryClient    : Saw local status change event StatusChangeEvent [timestamp=1729528229859, current=DOWN, previous=UP]
2024-10-21T23:30:29.859+07:00  WARN 8660 --- [restartedMain] [account-service,,]ConfigServletWebServerApplicationContext : Exception encountered during context initialization - cancelling refresh attempt: org.springframework.context.ApplicationContextException: Failed to start bean 'webServerStartStop'
2024-10-21T23:30:29.864+07:00  INFO 8660 --- [restartedMain] [account-service,,]j.LocalContainerEntityManagerFactoryBean : Closing JPA EntityManagerFactory for persistence unit 'default'
2024-10-21T23:30:29.865+07:00  INFO 8660 --- [restartedMain] [account-service,,]com.zaxxer.hikari.HikariDataSource       : HikariPool-1 - Shutdown initiated...
2024-10-21T23:30:29.871+07:00  INFO 8660 --- [restartedMain] [account-service,,]com.zaxxer.hikari.HikariDataSource       : HikariPool-1 - Shutdown completed.
2024-10-21T23:30:29.872+07:00  INFO 8660 --- [restartedMain] [account-service,,]com.netflix.discovery.DiscoveryClient    : Shutting down DiscoveryClient ...
2024-10-21T23:30:29.879+07:00  INFO 17736 --- [http-nio-9999-exec-7] [discovery-service,,]c.n.e.registry.AbstractInstanceRegistry  : Registered instance ACCOUNT-SERVICE/DESKTOP-GDQ5MDP:account-service:9080 with status DOWN (replication=false)
2024-10-21T23:30:29.881+07:00  INFO 8660 --- [DiscoveryClient-InstanceInfoReplicator-0] [account-service,,]com.netflix.discovery.DiscoveryClient    : DiscoveryClient_ACCOUNT-SERVICE/DESKTOP-GDQ5MDP:account-service:9080 - registration status: 204
2024-10-21T23:30:29.881+07:00  INFO 8660 --- [DiscoveryClient-InstanceInfoReplicator-0] [account-service,,]com.netflix.discovery.DiscoveryClient    : DiscoveryClient_ACCOUNT-SERVICE/DESKTOP-GDQ5MDP:account-service:9080: registering service...
2024-10-21T23:30:29.884+07:00  INFO 17736 --- [http-nio-9999-exec-5] [discovery-service,,]c.n.e.registry.AbstractInstanceRegistry  : Registered instance ACCOUNT-SERVICE/DESKTOP-GDQ5MDP:account-service:9080 with status DOWN (replication=false)
2024-10-21T23:30:29.885+07:00  INFO 8660 --- [DiscoveryClient-InstanceInfoReplicator-0] [account-service,,]com.netflix.discovery.DiscoveryClient    : DiscoveryClient_ACCOUNT-SERVICE/DESKTOP-GDQ5MDP:account-service:9080 - registration status: 204
2024-10-21T23:30:29.886+07:00  INFO 8660 --- [restartedMain] [account-service,,]com.netflix.discovery.DiscoveryClient    : Unregistering ...
2024-10-21T23:30:29.889+07:00  INFO 17736 --- [http-nio-9999-exec-1] [discovery-service,,]c.n.e.registry.AbstractInstanceRegistry  : Cancelled instance ACCOUNT-SERVICE/DESKTOP-GDQ5MDP:account-service:9080 (replication=false)
2024-10-21T23:30:29.891+07:00  INFO 8660 --- [restartedMain] [account-service,,]com.netflix.discovery.DiscoveryClient    : DiscoveryClient_ACCOUNT-SERVICE/DESKTOP-GDQ5MDP:account-service:9080 - deregister  status: 200
2024-10-21T23:30:29.894+07:00  INFO 8660 --- [restartedMain] [account-service,,]com.netflix.discovery.DiscoveryClient    : Completed shut down of DiscoveryClient
2024-10-21T23:30:29.895+07:00  INFO 8660 --- [restartedMain] [account-service,,]o.apache.catalina.core.StandardService   : Stopping service [Tomcat]
2024-10-21T23:30:29.904+07:00  INFO 8660 --- [restartedMain] [account-service,,].s.b.a.l.ConditionEvaluationReportLogger : 

Error starting ApplicationContext. To display the condition evaluation report re-run your application with 'debug' enabled.
2024-10-21T23:30:29.917+07:00 ERROR 8660 --- [restartedMain] [account-service,,]o.s.b.d.LoggingFailureAnalysisReporter   : 

***************************
APPLICATION FAILED TO START
***************************

Description:

Web server failed to start. Port 9080 was already in use.

Action:

Identify and stop the process that's listening on port 9080 or configure this application to listen on another port.

2024-10-21T23:30:30.394+07:00  INFO 17736 --- [http-nio-9999-exec-4] [discovery-service,,]c.n.e.registry.AbstractInstanceRegistry  : Registered instance ACCOUNT-SERVICE/DESKTOP-GDQ5MDP:account-service:9080 with status DOWN (replication=true)
2024-10-21T23:30:30.394+07:00  INFO 17736 --- [http-nio-9999-exec-4] [discovery-service,,]c.n.e.registry.AbstractInstanceRegistry  : Cancelled instance ACCOUNT-SERVICE/DESKTOP-GDQ5MDP:account-service:9080 (replication=true)
2024-10-21T23:30:37.074+07:00  WARN 17736 --- [http-nio-9999-exec-8] [discovery-service,,]c.n.e.registry.AbstractInstanceRegistry  : DS: Registry: lease doesn't exist, registering resource: ACCOUNT-SERVICE - DESKTOP-GDQ5MDP:account-service:9080
2024-10-21T23:30:37.074+07:00  WARN 17736 --- [http-nio-9999-exec-8] [discovery-service,,]c.n.eureka.resources.InstanceResource    : Not Found (Renew): ACCOUNT-SERVICE - DESKTOP-GDQ5MDP:account-service:9080
2024-10-21T23:30:37.076+07:00  INFO 23344 --- [DiscoveryClient-HeartbeatExecutor-0] [account-service,,]com.netflix.discovery.DiscoveryClient    : DiscoveryClient_ACCOUNT-SERVICE/DESKTOP-GDQ5MDP:account-service:9080 - Re-registering apps/ACCOUNT-SERVICE
2024-10-21T23:30:37.076+07:00  INFO 23344 --- [DiscoveryClient-HeartbeatExecutor-0] [account-service,,]com.netflix.discovery.DiscoveryClient    : DiscoveryClient_ACCOUNT-SERVICE/DESKTOP-GDQ5MDP:account-service:9080: registering service...
2024-10-21T23:30:37.078+07:00  INFO 17736 --- [http-nio-9999-exec-10] [discovery-service,,]c.n.e.registry.AbstractInstanceRegistry  : Registered instance ACCOUNT-SERVICE/DESKTOP-GDQ5MDP:account-service:9080 with status UP (replication=false)
2024-10-21T23:30:37.079+07:00  INFO 23344 --- [DiscoveryClient-HeartbeatExecutor-0] [account-service,,]com.netflix.discovery.DiscoveryClient    : DiscoveryClient_ACCOUNT-SERVICE/DESKTOP-GDQ5MDP:account-service:9080 - registration status: 204
2024-10-21T23:30:37.584+07:00  INFO 17736 --- [http-nio-9999-exec-6] [discovery-service,,]c.n.e.registry.AbstractInstanceRegistry  : Registered instance ACCOUNT-SERVICE/DESKTOP-GDQ5MDP:account-service:9080 with status UP (replication=true)
2024-10-21T23:31:04.576+07:00  INFO 17736 --- [Eureka-EvictionTimer] [discovery-service,,]c.n.e.registry.AbstractInstanceRegistry  : Running the evict task with compensationTime 0ms
2024-10-21T23:31:07.102+07:00  INFO 23344 --- [DiscoveryClient-CacheRefreshExecutor-0] [account-service,,]com.netflix.discovery.DiscoveryClient    : Disable delta property : false
2024-10-21T23:31:07.102+07:00  INFO 23344 --- [DiscoveryClient-CacheRefreshExecutor-0] [account-service,,]com.netflix.discovery.DiscoveryClient    : Single vip registry refresh property : null
2024-10-21T23:31:07.102+07:00  INFO 23344 --- [DiscoveryClient-CacheRefreshExecutor-0] [account-service,,]com.netflix.discovery.DiscoveryClient    : Force full registry fetch : false
2024-10-21T23:31:07.102+07:00  INFO 23344 --- [DiscoveryClient-CacheRefreshExecutor-0] [account-service,,]com.netflix.discovery.DiscoveryClient    : Application is null : false
2024-10-21T23:31:07.102+07:00  INFO 23344 --- [DiscoveryClient-CacheRefreshExecutor-0] [account-service,,]com.netflix.discovery.DiscoveryClient    : Registered Applications size is zero : true
2024-10-21T23:31:07.102+07:00  INFO 23344 --- [DiscoveryClient-CacheRefreshExecutor-0] [account-service,,]com.netflix.discovery.DiscoveryClient    : Application version is -1: false
2024-10-21T23:31:07.102+07:00  INFO 23344 --- [DiscoveryClient-CacheRefreshExecutor-0] [account-service,,]com.netflix.discovery.DiscoveryClient    : Getting all instance registry info from the eureka server
2024-10-21T23:31:07.111+07:00  INFO 23344 --- [DiscoveryClient-CacheRefreshExecutor-0] [account-service,,]com.netflix.discovery.DiscoveryClient    : The response status is 200
2024-10-21T23:31:35.754+07:00  INFO 23344 --- [AsyncResolver-bootstrap-executor-0] [account-service,,]c.n.d.s.r.aws.ConfigClusterResolver      : Resolving eureka endpoints via configuration
2024-10-21T23:31:41.901+07:00  INFO 17216 --- [restartedMain] [account-service,,]c.c.c.ConfigServicePropertySourceLocator : Fetching config from server at : http://localhost:8888
2024-10-21T23:31:41.910+07:00  INFO 17216 --- [restartedMain] [account-service,,]c.c.c.ConfigServicePropertySourceLocator : Located environment: name=account-service, profiles=[default], label=null, version=null, state=null
2024-10-21T23:31:41.911+07:00  INFO 17216 --- [restartedMain] [account-service,,]b.c.PropertySourceBootstrapConfiguration : Located property source: [BootstrapPropertySource {name='bootstrapProperties-configClient'}, BootstrapPropertySource {name='bootstrapProperties-classpath:/shared/account-service.properties'}, BootstrapPropertySource {name='bootstrapProperties-classpath:/shared/application.properties'}]
2024-10-21T23:31:41.923+07:00  INFO 17216 --- [restartedMain] [account-service,,]j.i.a.AccountserviceApplication          : No active profile set, falling back to 1 default profile: "default"
2024-10-21T23:31:41.932+07:00  INFO 17216 --- [restartedMain] [account-service,,]o.s.c.c.c.ConfigServerConfigDataLoader   : Fetching config from server at : http://localhost:8888
2024-10-21T23:31:41.932+07:00  INFO 17216 --- [restartedMain] [account-service,,]o.s.c.c.c.ConfigServerConfigDataLoader   : Located environment: name=account-service, profiles=[default], label=null, version=null, state=null
2024-10-21T23:31:42.521+07:00  INFO 17216 --- [restartedMain] [account-service,,].s.d.r.c.RepositoryConfigurationDelegate : Bootstrapping Spring Data JPA repositories in DEFAULT mode.
2024-10-21T23:31:42.590+07:00  INFO 17216 --- [restartedMain] [account-service,,].s.d.r.c.RepositoryConfigurationDelegate : Finished Spring Data repository scanning in 65 ms. Found 1 JPA repository interface.
2024-10-21T23:31:42.783+07:00  INFO 17216 --- [restartedMain] [account-service,,]o.s.cloud.context.scope.GenericScope     : BeanFactory id=d8284260-a3fb-388c-a2c4-a13431bc221d
2024-10-21T23:31:42.959+07:00  WARN 17216 --- [restartedMain] [account-service,,]trationDelegate$BeanPostProcessorChecker : Bean 'org.springframework.cloud.client.loadbalancer.LoadBalancerAutoConfiguration$DeferringLoadBalancerInterceptorConfig' of type [org.springframework.cloud.client.loadbalancer.LoadBalancerAutoConfiguration$DeferringLoadBalancerInterceptorConfig] is not eligible for getting processed by all BeanPostProcessors (for example: not eligible for auto-proxying). The currently created BeanPostProcessor [lbRestClientPostProcessor] is declared through a non-static factory method on that class; consider declaring it as static instead.
2024-10-21T23:31:42.963+07:00  WARN 17216 --- [restartedMain] [account-service,,]trationDelegate$BeanPostProcessorChecker : Bean 'deferringLoadBalancerInterceptor' of type [org.springframework.cloud.client.loadbalancer.DeferringLoadBalancerInterceptor] is not eligible for getting processed by all BeanPostProcessors (for example: not eligible for auto-proxying). Is this bean getting eagerly injected into a currently created BeanPostProcessor [lbRestClientPostProcessor]? Check the corresponding BeanPostProcessor declaration and its dependencies.
2024-10-21T23:31:43.233+07:00  INFO 17216 --- [restartedMain] [account-service,,]o.s.b.w.embedded.tomcat.TomcatWebServer  : Tomcat initialized with port 9080 (http)
2024-10-21T23:31:43.241+07:00  INFO 17216 --- [restartedMain] [account-service,,]o.apache.catalina.core.StandardService   : Starting service [Tomcat]
2024-10-21T23:31:43.241+07:00  INFO 17216 --- [restartedMain] [account-service,,]o.apache.catalina.core.StandardEngine    : Starting Servlet engine: [Apache Tomcat/10.1.25]
2024-10-21T23:31:43.281+07:00  INFO 17216 --- [restartedMain] [account-service,,]o.a.c.c.C.[Tomcat].[localhost].[/]       : Initializing Spring embedded WebApplicationContext
2024-10-21T23:31:43.282+07:00  INFO 17216 --- [restartedMain] [account-service,,]w.s.c.ServletWebServerApplicationContext : Root WebApplicationContext: initialization completed in 1350 ms
2024-10-21T23:31:43.650+07:00  INFO 17216 --- [restartedMain] [account-service,,]o.hibernate.jpa.internal.util.LogHelper  : HHH000204: Processing PersistenceUnitInfo [name: default]
2024-10-21T23:31:43.679+07:00  INFO 17216 --- [restartedMain] [account-service,,]org.hibernate.Version                    : HHH000412: Hibernate ORM core version 6.5.2.Final
2024-10-21T23:31:43.699+07:00  INFO 17216 --- [restartedMain] [account-service,,]o.h.c.internal.RegionFactoryInitiator    : HHH000026: Second-level cache disabled
2024-10-21T23:31:43.844+07:00  INFO 17216 --- [restartedMain] [account-service,,]o.s.o.j.p.SpringPersistenceUnitInfo      : No LoadTimeWeaver setup: ignoring JPA class transformer
2024-10-21T23:31:43.859+07:00  INFO 17216 --- [restartedMain] [account-service,,]com.zaxxer.hikari.HikariDataSource       : HikariPool-1 - Starting...
2024-10-21T23:31:44.019+07:00  INFO 17216 --- [restartedMain] [account-service,,]com.zaxxer.hikari.pool.HikariPool        : HikariPool-1 - Added connection com.mysql.cj.jdbc.ConnectionImpl@3216db72
2024-10-21T23:31:44.019+07:00  INFO 17216 --- [restartedMain] [account-service,,]com.zaxxer.hikari.HikariDataSource       : HikariPool-1 - Start completed.
2024-10-21T23:31:44.045+07:00  WARN 17216 --- [restartedMain] [account-service,,]org.hibernate.orm.deprecation            : HHH90000025: MySQL8Dialect does not need to be specified explicitly using 'hibernate.dialect' (remove the property setting and it will be selected by default)
2024-10-21T23:31:44.046+07:00  WARN 17216 --- [restartedMain] [account-service,,]org.hibernate.orm.deprecation            : HHH90000026: MySQL8Dialect has been deprecated; use org.hibernate.dialect.MySQLDialect instead
2024-10-21T23:31:44.527+07:00  INFO 17216 --- [restartedMain] [account-service,,]o.h.e.t.j.p.i.JtaPlatformInitiator       : HHH000489: No JTA platform available (set 'hibernate.transaction.jta.platform' to enable JTA platform integration)
2024-10-21T23:31:44.566+07:00  INFO 17216 --- [restartedMain] [account-service,,]j.LocalContainerEntityManagerFactoryBean : Initialized JPA EntityManagerFactory for persistence unit 'default'
2024-10-21T23:31:44.924+07:00  WARN 17216 --- [restartedMain] [account-service,,]JpaBaseConfiguration$JpaWebConfiguration : spring.jpa.open-in-view is enabled by default. Therefore, database queries may be performed during view rendering. Explicitly configure spring.jpa.open-in-view to disable this warning
2024-10-21T23:31:45.002+07:00  WARN 17216 --- [restartedMain] [account-service,,]o.s.b.d.a.OptionalLiveReloadServer       : Unable to start LiveReload server
2024-10-21T23:31:46.231+07:00  INFO 17216 --- [restartedMain] [account-service,,]DiscoveryClientOptionalArgsConfiguration : Eureka HTTP Client uses RestTemplate.
2024-10-21T23:31:46.292+07:00  WARN 17216 --- [restartedMain] [account-service,,]iguration$LoadBalancerCaffeineWarnLogger : Spring Cloud LoadBalancer is currently working with the default cache. While this cache implementation is useful for development and tests, it's recommended to use Caffeine cache in production.You can switch to using Caffeine cache, by adding it and org.springframework.cache.caffeine.CaffeineCacheManager to the classpath.
2024-10-21T23:31:46.314+07:00  INFO 17216 --- [restartedMain] [account-service,,]o.s.b.a.e.web.EndpointLinksResolver      : Exposing 26 endpoints beneath base path '/actuator'
2024-10-21T23:31:46.386+07:00  INFO 17216 --- [restartedMain] [account-service,,]o.s.c.n.eureka.InstanceInfoFactory       : Setting initial instance status as: STARTING
2024-10-21T23:31:46.406+07:00  INFO 17216 --- [restartedMain] [account-service,,]com.netflix.discovery.DiscoveryClient    : Initializing Eureka in region us-east-1
2024-10-21T23:31:46.414+07:00  INFO 17216 --- [restartedMain] [account-service,,]c.n.d.s.r.aws.ConfigClusterResolver      : Resolving eureka endpoints via configuration
2024-10-21T23:31:46.426+07:00  INFO 17216 --- [restartedMain] [account-service,,]com.netflix.discovery.DiscoveryClient    : Disable delta property : false
2024-10-21T23:31:46.426+07:00  INFO 17216 --- [restartedMain] [account-service,,]com.netflix.discovery.DiscoveryClient    : Single vip registry refresh property : null
2024-10-21T23:31:46.426+07:00  INFO 17216 --- [restartedMain] [account-service,,]com.netflix.discovery.DiscoveryClient    : Force full registry fetch : false
2024-10-21T23:31:46.426+07:00  INFO 17216 --- [restartedMain] [account-service,,]com.netflix.discovery.DiscoveryClient    : Application is null : false
2024-10-21T23:31:46.426+07:00  INFO 17216 --- [restartedMain] [account-service,,]com.netflix.discovery.DiscoveryClient    : Registered Applications size is zero : true
2024-10-21T23:31:46.426+07:00  INFO 17216 --- [restartedMain] [account-service,,]com.netflix.discovery.DiscoveryClient    : Application version is -1: true
2024-10-21T23:31:46.426+07:00  INFO 17216 --- [restartedMain] [account-service,,]com.netflix.discovery.DiscoveryClient    : Getting all instance registry info from the eureka server
2024-10-21T23:31:46.589+07:00  INFO 17216 --- [restartedMain] [account-service,,]com.netflix.discovery.DiscoveryClient    : The response status is 200
2024-10-21T23:31:46.590+07:00  INFO 17216 --- [restartedMain] [account-service,,]com.netflix.discovery.DiscoveryClient    : Starting heartbeat executor: renew interval is: 30
2024-10-21T23:31:46.592+07:00  INFO 17216 --- [restartedMain] [account-service,,]c.n.discovery.InstanceInfoReplicator     : InstanceInfoReplicator onDemand update allowed rate per min is 4
2024-10-21T23:31:46.594+07:00  INFO 17216 --- [restartedMain] [account-service,,]com.netflix.discovery.DiscoveryClient    : Discovery Client initialized at timestamp 1729528306594 with initial instances count: 1
2024-10-21T23:31:46.602+07:00  INFO 17216 --- [restartedMain] [account-service,,]o.s.c.n.e.s.EurekaServiceRegistry        : Registering application ACCOUNT-SERVICE with eureka with status UP
2024-10-21T23:31:46.602+07:00  INFO 17216 --- [restartedMain] [account-service,,]com.netflix.discovery.DiscoveryClient    : Saw local status change event StatusChangeEvent [timestamp=1729528306602, current=UP, previous=STARTING]
2024-10-21T23:31:46.603+07:00  INFO 17216 --- [DiscoveryClient-InstanceInfoReplicator-0] [account-service,,]com.netflix.discovery.DiscoveryClient    : DiscoveryClient_ACCOUNT-SERVICE/DESKTOP-GDQ5MDP:account-service:9080: registering service...
2024-10-21T23:31:46.607+07:00  INFO 17216 --- [restartedMain] [account-service,,]o.s.c.n.e.s.EurekaServiceRegistry        : Unregistering application ACCOUNT-SERVICE with eureka with status DOWN
2024-10-21T23:31:46.607+07:00  INFO 17216 --- [restartedMain] [account-service,,]com.netflix.discovery.DiscoveryClient    : Saw local status change event StatusChangeEvent [timestamp=1729528306607, current=DOWN, previous=UP]
2024-10-21T23:31:46.607+07:00  WARN 17216 --- [restartedMain] [account-service,,]ConfigServletWebServerApplicationContext : Exception encountered during context initialization - cancelling refresh attempt: org.springframework.context.ApplicationContextException: Failed to start bean 'webServerStartStop'
2024-10-21T23:31:46.611+07:00  INFO 17216 --- [restartedMain] [account-service,,]j.LocalContainerEntityManagerFactoryBean : Closing JPA EntityManagerFactory for persistence unit 'default'
2024-10-21T23:31:46.614+07:00  INFO 17216 --- [restartedMain] [account-service,,]com.zaxxer.hikari.HikariDataSource       : HikariPool-1 - Shutdown initiated...
2024-10-21T23:31:46.621+07:00  INFO 17216 --- [restartedMain] [account-service,,]com.zaxxer.hikari.HikariDataSource       : HikariPool-1 - Shutdown completed.
2024-10-21T23:31:46.622+07:00  INFO 17216 --- [restartedMain] [account-service,,]com.netflix.discovery.DiscoveryClient    : Shutting down DiscoveryClient ...
2024-10-21T23:31:46.630+07:00  INFO 17736 --- [http-nio-9999-exec-3] [discovery-service,,]c.n.e.registry.AbstractInstanceRegistry  : Registered instance ACCOUNT-SERVICE/DESKTOP-GDQ5MDP:account-service:9080 with status DOWN (replication=false)
2024-10-21T23:31:46.630+07:00  INFO 17216 --- [DiscoveryClient-InstanceInfoReplicator-0] [account-service,,]com.netflix.discovery.DiscoveryClient    : DiscoveryClient_ACCOUNT-SERVICE/DESKTOP-GDQ5MDP:account-service:9080 - registration status: 204
2024-10-21T23:31:46.631+07:00  INFO 17216 --- [DiscoveryClient-InstanceInfoReplicator-0] [account-service,,]com.netflix.discovery.DiscoveryClient    : DiscoveryClient_ACCOUNT-SERVICE/DESKTOP-GDQ5MDP:account-service:9080: registering service...
2024-10-21T23:31:46.633+07:00  INFO 17736 --- [http-nio-9999-exec-6] [discovery-service,,]c.n.e.registry.AbstractInstanceRegistry  : Registered instance ACCOUNT-SERVICE/DESKTOP-GDQ5MDP:account-service:9080 with status DOWN (replication=false)
2024-10-21T23:31:46.633+07:00  INFO 17216 --- [DiscoveryClient-InstanceInfoReplicator-0] [account-service,,]com.netflix.discovery.DiscoveryClient    : DiscoveryClient_ACCOUNT-SERVICE/DESKTOP-GDQ5MDP:account-service:9080 - registration status: 204
2024-10-21T23:31:46.634+07:00  INFO 17216 --- [restartedMain] [account-service,,]com.netflix.discovery.DiscoveryClient    : Unregistering ...
2024-10-21T23:31:46.636+07:00  INFO 17736 --- [http-nio-9999-exec-7] [discovery-service,,]c.n.e.registry.AbstractInstanceRegistry  : Cancelled instance ACCOUNT-SERVICE/DESKTOP-GDQ5MDP:account-service:9080 (replication=false)
2024-10-21T23:31:46.637+07:00  INFO 17216 --- [restartedMain] [account-service,,]com.netflix.discovery.DiscoveryClient    : DiscoveryClient_ACCOUNT-SERVICE/DESKTOP-GDQ5MDP:account-service:9080 - deregister  status: 200
2024-10-21T23:31:46.640+07:00  INFO 17216 --- [restartedMain] [account-service,,]com.netflix.discovery.DiscoveryClient    : Completed shut down of DiscoveryClient
2024-10-21T23:31:46.640+07:00  INFO 17216 --- [restartedMain] [account-service,,]o.apache.catalina.core.StandardService   : Stopping service [Tomcat]
2024-10-21T23:31:46.651+07:00  INFO 17216 --- [restartedMain] [account-service,,].s.b.a.l.ConditionEvaluationReportLogger : 

Error starting ApplicationContext. To display the condition evaluation report re-run your application with 'debug' enabled.
2024-10-21T23:31:46.662+07:00 ERROR 17216 --- [restartedMain] [account-service,,]o.s.b.d.LoggingFailureAnalysisReporter   : 

***************************
APPLICATION FAILED TO START
***************************

Description:

Web server failed to start. Port 9080 was already in use.

Action:

Identify and stop the process that's listening on port 9080 or configure this application to listen on another port.

2024-10-21T23:31:47.138+07:00  INFO 17736 --- [http-nio-9999-exec-5] [discovery-service,,]c.n.e.registry.AbstractInstanceRegistry  : Registered instance ACCOUNT-SERVICE/DESKTOP-GDQ5MDP:account-service:9080 with status DOWN (replication=true)
2024-10-21T23:31:47.138+07:00  INFO 17736 --- [http-nio-9999-exec-5] [discovery-service,,]c.n.e.registry.AbstractInstanceRegistry  : Cancelled instance ACCOUNT-SERVICE/DESKTOP-GDQ5MDP:account-service:9080 (replication=true)
2024-10-21T23:32:04.576+07:00  INFO 17736 --- [Eureka-EvictionTimer] [discovery-service,,]c.n.e.registry.AbstractInstanceRegistry  : Running the evict task with compensationTime 0ms
2024-10-21T23:32:07.149+07:00  WARN 17736 --- [http-nio-9999-exec-9] [discovery-service,,]c.n.e.registry.AbstractInstanceRegistry  : DS: Registry: lease doesn't exist, registering resource: ACCOUNT-SERVICE - DESKTOP-GDQ5MDP:account-service:9080
2024-10-21T23:32:07.149+07:00  WARN 17736 --- [http-nio-9999-exec-9] [discovery-service,,]c.n.eureka.resources.InstanceResource    : Not Found (Renew): ACCOUNT-SERVICE - DESKTOP-GDQ5MDP:account-service:9080
2024-10-21T23:32:07.151+07:00  INFO 23344 --- [DiscoveryClient-HeartbeatExecutor-0] [account-service,,]com.netflix.discovery.DiscoveryClient    : DiscoveryClient_ACCOUNT-SERVICE/DESKTOP-GDQ5MDP:account-service:9080 - Re-registering apps/ACCOUNT-SERVICE
2024-10-21T23:32:07.151+07:00  INFO 23344 --- [DiscoveryClient-HeartbeatExecutor-0] [account-service,,]com.netflix.discovery.DiscoveryClient    : DiscoveryClient_ACCOUNT-SERVICE/DESKTOP-GDQ5MDP:account-service:9080: registering service...
2024-10-21T23:32:07.153+07:00  INFO 17736 --- [http-nio-9999-exec-8] [discovery-service,,]c.n.e.registry.AbstractInstanceRegistry  : Registered instance ACCOUNT-SERVICE/DESKTOP-GDQ5MDP:account-service:9080 with status UP (replication=false)
2024-10-21T23:32:07.154+07:00  INFO 23344 --- [DiscoveryClient-HeartbeatExecutor-0] [account-service,,]com.netflix.discovery.DiscoveryClient    : DiscoveryClient_ACCOUNT-SERVICE/DESKTOP-GDQ5MDP:account-service:9080 - registration status: 204
2024-10-21T23:32:07.660+07:00  INFO 17736 --- [http-nio-9999-exec-10] [discovery-service,,]c.n.e.registry.AbstractInstanceRegistry  : Registered instance ACCOUNT-SERVICE/DESKTOP-GDQ5MDP:account-service:9080 with status UP (replication=true)
2024-10-21T23:32:23.688+07:00  INFO 23160 --- [restartedMain] [account-service,,]c.c.c.ConfigServicePropertySourceLocator : Fetching config from server at : http://localhost:8888
2024-10-21T23:32:23.697+07:00  INFO 23160 --- [restartedMain] [account-service,,]c.c.c.ConfigServicePropertySourceLocator : Located environment: name=account-service, profiles=[default], label=null, version=null, state=null
2024-10-21T23:32:23.698+07:00  INFO 23160 --- [restartedMain] [account-service,,]b.c.PropertySourceBootstrapConfiguration : Located property source: [BootstrapPropertySource {name='bootstrapProperties-configClient'}, BootstrapPropertySource {name='bootstrapProperties-classpath:/shared/account-service.properties'}, BootstrapPropertySource {name='bootstrapProperties-classpath:/shared/application.properties'}]
2024-10-21T23:32:23.707+07:00  INFO 23160 --- [restartedMain] [account-service,,]j.i.a.AccountserviceApplication          : No active profile set, falling back to 1 default profile: "default"
2024-10-21T23:32:23.717+07:00  INFO 23160 --- [restartedMain] [account-service,,]o.s.c.c.c.ConfigServerConfigDataLoader   : Fetching config from server at : http://localhost:8888
2024-10-21T23:32:23.717+07:00  INFO 23160 --- [restartedMain] [account-service,,]o.s.c.c.c.ConfigServerConfigDataLoader   : Located environment: name=account-service, profiles=[default], label=null, version=null, state=null
2024-10-21T23:32:24.308+07:00  INFO 23160 --- [restartedMain] [account-service,,].s.d.r.c.RepositoryConfigurationDelegate : Bootstrapping Spring Data JPA repositories in DEFAULT mode.
2024-10-21T23:32:24.376+07:00  INFO 23160 --- [restartedMain] [account-service,,].s.d.r.c.RepositoryConfigurationDelegate : Finished Spring Data repository scanning in 64 ms. Found 1 JPA repository interface.
2024-10-21T23:32:24.572+07:00  INFO 23160 --- [restartedMain] [account-service,,]o.s.cloud.context.scope.GenericScope     : BeanFactory id=d8284260-a3fb-388c-a2c4-a13431bc221d
2024-10-21T23:32:24.747+07:00  WARN 23160 --- [restartedMain] [account-service,,]trationDelegate$BeanPostProcessorChecker : Bean 'org.springframework.cloud.client.loadbalancer.LoadBalancerAutoConfiguration$DeferringLoadBalancerInterceptorConfig' of type [org.springframework.cloud.client.loadbalancer.LoadBalancerAutoConfiguration$DeferringLoadBalancerInterceptorConfig] is not eligible for getting processed by all BeanPostProcessors (for example: not eligible for auto-proxying). The currently created BeanPostProcessor [lbRestClientPostProcessor] is declared through a non-static factory method on that class; consider declaring it as static instead.
2024-10-21T23:32:24.749+07:00  WARN 23160 --- [restartedMain] [account-service,,]trationDelegate$BeanPostProcessorChecker : Bean 'deferringLoadBalancerInterceptor' of type [org.springframework.cloud.client.loadbalancer.DeferringLoadBalancerInterceptor] is not eligible for getting processed by all BeanPostProcessors (for example: not eligible for auto-proxying). Is this bean getting eagerly injected into a currently created BeanPostProcessor [lbRestClientPostProcessor]? Check the corresponding BeanPostProcessor declaration and its dependencies.
2024-10-21T23:32:25.019+07:00  INFO 23160 --- [restartedMain] [account-service,,]o.s.b.w.embedded.tomcat.TomcatWebServer  : Tomcat initialized with port 9080 (http)
2024-10-21T23:32:25.026+07:00  INFO 23160 --- [restartedMain] [account-service,,]o.apache.catalina.core.StandardService   : Starting service [Tomcat]
2024-10-21T23:32:25.026+07:00  INFO 23160 --- [restartedMain] [account-service,,]o.apache.catalina.core.StandardEngine    : Starting Servlet engine: [Apache Tomcat/10.1.25]
2024-10-21T23:32:25.068+07:00  INFO 23160 --- [restartedMain] [account-service,,]o.a.c.c.C.[Tomcat].[localhost].[/]       : Initializing Spring embedded WebApplicationContext
2024-10-21T23:32:25.068+07:00  INFO 23160 --- [restartedMain] [account-service,,]w.s.c.ServletWebServerApplicationContext : Root WebApplicationContext: initialization completed in 1351 ms
2024-10-21T23:32:25.412+07:00  INFO 23160 --- [restartedMain] [account-service,,]o.hibernate.jpa.internal.util.LogHelper  : HHH000204: Processing PersistenceUnitInfo [name: default]
2024-10-21T23:32:25.441+07:00  INFO 23160 --- [restartedMain] [account-service,,]org.hibernate.Version                    : HHH000412: Hibernate ORM core version 6.5.2.Final
2024-10-21T23:32:25.457+07:00  INFO 23160 --- [restartedMain] [account-service,,]o.h.c.internal.RegionFactoryInitiator    : HHH000026: Second-level cache disabled
2024-10-21T23:32:25.604+07:00  INFO 23160 --- [restartedMain] [account-service,,]o.s.o.j.p.SpringPersistenceUnitInfo      : No LoadTimeWeaver setup: ignoring JPA class transformer
2024-10-21T23:32:25.620+07:00  INFO 23160 --- [restartedMain] [account-service,,]com.zaxxer.hikari.HikariDataSource       : HikariPool-1 - Starting...
2024-10-21T23:32:25.778+07:00  INFO 23160 --- [restartedMain] [account-service,,]com.zaxxer.hikari.pool.HikariPool        : HikariPool-1 - Added connection com.mysql.cj.jdbc.ConnectionImpl@168b9599
2024-10-21T23:32:25.779+07:00  INFO 23160 --- [restartedMain] [account-service,,]com.zaxxer.hikari.HikariDataSource       : HikariPool-1 - Start completed.
2024-10-21T23:32:25.802+07:00  WARN 23160 --- [restartedMain] [account-service,,]org.hibernate.orm.deprecation            : HHH90000025: MySQL8Dialect does not need to be specified explicitly using 'hibernate.dialect' (remove the property setting and it will be selected by default)
2024-10-21T23:32:25.803+07:00  WARN 23160 --- [restartedMain] [account-service,,]org.hibernate.orm.deprecation            : HHH90000026: MySQL8Dialect has been deprecated; use org.hibernate.dialect.MySQLDialect instead
2024-10-21T23:32:26.270+07:00  INFO 23160 --- [restartedMain] [account-service,,]o.h.e.t.j.p.i.JtaPlatformInitiator       : HHH000489: No JTA platform available (set 'hibernate.transaction.jta.platform' to enable JTA platform integration)
2024-10-21T23:32:26.305+07:00  INFO 23160 --- [restartedMain] [account-service,,]j.LocalContainerEntityManagerFactoryBean : Initialized JPA EntityManagerFactory for persistence unit 'default'
2024-10-21T23:32:26.663+07:00  WARN 23160 --- [restartedMain] [account-service,,]JpaBaseConfiguration$JpaWebConfiguration : spring.jpa.open-in-view is enabled by default. Therefore, database queries may be performed during view rendering. Explicitly configure spring.jpa.open-in-view to disable this warning
2024-10-21T23:32:26.744+07:00  WARN 23160 --- [restartedMain] [account-service,,]o.s.b.d.a.OptionalLiveReloadServer       : Unable to start LiveReload server
2024-10-21T23:32:28.081+07:00  INFO 23160 --- [restartedMain] [account-service,,]DiscoveryClientOptionalArgsConfiguration : Eureka HTTP Client uses RestTemplate.
2024-10-21T23:32:28.121+07:00  WARN 23160 --- [restartedMain] [account-service,,]iguration$LoadBalancerCaffeineWarnLogger : Spring Cloud LoadBalancer is currently working with the default cache. While this cache implementation is useful for development and tests, it's recommended to use Caffeine cache in production.You can switch to using Caffeine cache, by adding it and org.springframework.cache.caffeine.CaffeineCacheManager to the classpath.
2024-10-21T23:32:28.150+07:00  INFO 23160 --- [restartedMain] [account-service,,]o.s.b.a.e.web.EndpointLinksResolver      : Exposing 26 endpoints beneath base path '/actuator'
2024-10-21T23:32:28.220+07:00  INFO 23160 --- [restartedMain] [account-service,,]o.s.c.n.eureka.InstanceInfoFactory       : Setting initial instance status as: STARTING
2024-10-21T23:32:28.239+07:00  INFO 23160 --- [restartedMain] [account-service,,]com.netflix.discovery.DiscoveryClient    : Initializing Eureka in region us-east-1
2024-10-21T23:32:28.242+07:00  INFO 23160 --- [restartedMain] [account-service,,]c.n.d.s.r.aws.ConfigClusterResolver      : Resolving eureka endpoints via configuration
2024-10-21T23:32:28.254+07:00  INFO 23160 --- [restartedMain] [account-service,,]com.netflix.discovery.DiscoveryClient    : Disable delta property : false
2024-10-21T23:32:28.255+07:00  INFO 23160 --- [restartedMain] [account-service,,]com.netflix.discovery.DiscoveryClient    : Single vip registry refresh property : null
2024-10-21T23:32:28.255+07:00  INFO 23160 --- [restartedMain] [account-service,,]com.netflix.discovery.DiscoveryClient    : Force full registry fetch : false
2024-10-21T23:32:28.255+07:00  INFO 23160 --- [restartedMain] [account-service,,]com.netflix.discovery.DiscoveryClient    : Application is null : false
2024-10-21T23:32:28.255+07:00  INFO 23160 --- [restartedMain] [account-service,,]com.netflix.discovery.DiscoveryClient    : Registered Applications size is zero : true
2024-10-21T23:32:28.255+07:00  INFO 23160 --- [restartedMain] [account-service,,]com.netflix.discovery.DiscoveryClient    : Application version is -1: true
2024-10-21T23:32:28.255+07:00  INFO 23160 --- [restartedMain] [account-service,,]com.netflix.discovery.DiscoveryClient    : Getting all instance registry info from the eureka server
2024-10-21T23:32:28.406+07:00  INFO 23160 --- [restartedMain] [account-service,,]com.netflix.discovery.DiscoveryClient    : The response status is 200
2024-10-21T23:32:28.407+07:00  INFO 23160 --- [restartedMain] [account-service,,]com.netflix.discovery.DiscoveryClient    : Starting heartbeat executor: renew interval is: 30
2024-10-21T23:32:28.408+07:00  INFO 23160 --- [restartedMain] [account-service,,]c.n.discovery.InstanceInfoReplicator     : InstanceInfoReplicator onDemand update allowed rate per min is 4
2024-10-21T23:32:28.411+07:00  INFO 23160 --- [restartedMain] [account-service,,]com.netflix.discovery.DiscoveryClient    : Discovery Client initialized at timestamp 1729528348411 with initial instances count: 0
2024-10-21T23:32:28.418+07:00  INFO 23160 --- [restartedMain] [account-service,,]o.s.c.n.e.s.EurekaServiceRegistry        : Registering application ACCOUNT-SERVICE with eureka with status UP
2024-10-21T23:32:28.419+07:00  INFO 23160 --- [restartedMain] [account-service,,]com.netflix.discovery.DiscoveryClient    : Saw local status change event StatusChangeEvent [timestamp=1729528348418, current=UP, previous=STARTING]
2024-10-21T23:32:28.419+07:00  INFO 23160 --- [DiscoveryClient-InstanceInfoReplicator-0] [account-service,,]com.netflix.discovery.DiscoveryClient    : DiscoveryClient_ACCOUNT-SERVICE/DESKTOP-GDQ5MDP:account-service:9080: registering service...
2024-10-21T23:32:28.423+07:00  INFO 23160 --- [restartedMain] [account-service,,]o.s.c.n.e.s.EurekaServiceRegistry        : Unregistering application ACCOUNT-SERVICE with eureka with status DOWN
2024-10-21T23:32:28.423+07:00  INFO 23160 --- [restartedMain] [account-service,,]com.netflix.discovery.DiscoveryClient    : Saw local status change event StatusChangeEvent [timestamp=1729528348423, current=DOWN, previous=UP]
2024-10-21T23:32:28.424+07:00  WARN 23160 --- [restartedMain] [account-service,,]ConfigServletWebServerApplicationContext : Exception encountered during context initialization - cancelling refresh attempt: org.springframework.context.ApplicationContextException: Failed to start bean 'webServerStartStop'
2024-10-21T23:32:28.428+07:00  INFO 23160 --- [restartedMain] [account-service,,]j.LocalContainerEntityManagerFactoryBean : Closing JPA EntityManagerFactory for persistence unit 'default'
2024-10-21T23:32:28.429+07:00  INFO 23160 --- [restartedMain] [account-service,,]com.zaxxer.hikari.HikariDataSource       : HikariPool-1 - Shutdown initiated...
2024-10-21T23:32:28.435+07:00  INFO 23160 --- [restartedMain] [account-service,,]com.zaxxer.hikari.HikariDataSource       : HikariPool-1 - Shutdown completed.
2024-10-21T23:32:28.436+07:00  INFO 23160 --- [restartedMain] [account-service,,]com.netflix.discovery.DiscoveryClient    : Shutting down DiscoveryClient ...
2024-10-21T23:32:28.444+07:00  INFO 17736 --- [http-nio-9999-exec-6] [discovery-service,,]c.n.e.registry.AbstractInstanceRegistry  : Registered instance ACCOUNT-SERVICE/DESKTOP-GDQ5MDP:account-service:9080 with status DOWN (replication=false)
2024-10-21T23:32:28.445+07:00  INFO 23160 --- [DiscoveryClient-InstanceInfoReplicator-0] [account-service,,]com.netflix.discovery.DiscoveryClient    : DiscoveryClient_ACCOUNT-SERVICE/DESKTOP-GDQ5MDP:account-service:9080 - registration status: 204
2024-10-21T23:32:28.446+07:00  INFO 23160 --- [DiscoveryClient-InstanceInfoReplicator-0] [account-service,,]com.netflix.discovery.DiscoveryClient    : DiscoveryClient_ACCOUNT-SERVICE/DESKTOP-GDQ5MDP:account-service:9080: registering service...
2024-10-21T23:32:28.448+07:00  INFO 17736 --- [http-nio-9999-exec-7] [discovery-service,,]c.n.e.registry.AbstractInstanceRegistry  : Registered instance ACCOUNT-SERVICE/DESKTOP-GDQ5MDP:account-service:9080 with status DOWN (replication=false)
2024-10-21T23:32:28.449+07:00  INFO 23160 --- [DiscoveryClient-InstanceInfoReplicator-0] [account-service,,]com.netflix.discovery.DiscoveryClient    : DiscoveryClient_ACCOUNT-SERVICE/DESKTOP-GDQ5MDP:account-service:9080 - registration status: 204
2024-10-21T23:32:28.449+07:00  INFO 23160 --- [restartedMain] [account-service,,]com.netflix.discovery.DiscoveryClient    : Unregistering ...
2024-10-21T23:32:28.452+07:00  INFO 17736 --- [http-nio-9999-exec-5] [discovery-service,,]c.n.e.registry.AbstractInstanceRegistry  : Cancelled instance ACCOUNT-SERVICE/DESKTOP-GDQ5MDP:account-service:9080 (replication=false)
2024-10-21T23:32:28.454+07:00  INFO 23160 --- [restartedMain] [account-service,,]com.netflix.discovery.DiscoveryClient    : DiscoveryClient_ACCOUNT-SERVICE/DESKTOP-GDQ5MDP:account-service:9080 - deregister  status: 200
2024-10-21T23:32:28.456+07:00  INFO 23160 --- [restartedMain] [account-service,,]com.netflix.discovery.DiscoveryClient    : Completed shut down of DiscoveryClient
2024-10-21T23:32:28.457+07:00  INFO 23160 --- [restartedMain] [account-service,,]o.apache.catalina.core.StandardService   : Stopping service [Tomcat]
2024-10-21T23:32:28.468+07:00  INFO 23160 --- [restartedMain] [account-service,,].s.b.a.l.ConditionEvaluationReportLogger : 

Error starting ApplicationContext. To display the condition evaluation report re-run your application with 'debug' enabled.
2024-10-21T23:32:28.479+07:00 ERROR 23160 --- [restartedMain] [account-service,,]o.s.b.d.LoggingFailureAnalysisReporter   : 

***************************
APPLICATION FAILED TO START
***************************

Description:

Web server failed to start. Port 9080 was already in use.

Action:

Identify and stop the process that's listening on port 9080 or configure this application to listen on another port.

2024-10-21T23:32:28.954+07:00  INFO 17736 --- [http-nio-9999-exec-4] [discovery-service,,]c.n.e.registry.AbstractInstanceRegistry  : Registered instance ACCOUNT-SERVICE/DESKTOP-GDQ5MDP:account-service:9080 with status DOWN (replication=true)
2024-10-21T23:32:28.954+07:00  INFO 17736 --- [http-nio-9999-exec-4] [discovery-service,,]c.n.e.registry.AbstractInstanceRegistry  : Cancelled instance ACCOUNT-SERVICE/DESKTOP-GDQ5MDP:account-service:9080 (replication=true)
2024-10-21T23:32:36.001+07:00  INFO 17736 --- [SpringApplicationShutdownHook] [discovery-service,,]o.s.c.n.e.s.EurekaServiceRegistry        : Unregistering application DISCOVERY-SERVICE with eureka with status DOWN
2024-10-21T23:32:36.003+07:00  INFO 23344 --- [SpringApplicationShutdownHook] [account-service,,]o.s.c.n.e.s.EurekaServiceRegistry        : Unregistering application ACCOUNT-SERVICE with eureka with status DOWN
2024-10-21T23:32:36.003+07:00  INFO 23344 --- [SpringApplicationShutdownHook] [account-service,,]com.netflix.discovery.DiscoveryClient    : Saw local status change event StatusChangeEvent [timestamp=1729528356003, current=DOWN, previous=UP]
2024-10-21T23:32:36.003+07:00  INFO 23344 --- [DiscoveryClient-InstanceInfoReplicator-0] [account-service,,]com.netflix.discovery.DiscoveryClient    : DiscoveryClient_ACCOUNT-SERVICE/DESKTOP-GDQ5MDP:account-service:9080: registering service...
2024-10-21T23:32:36.011+07:00  INFO 17736 --- [SpringApplicationShutdownHook] [discovery-service,,]o.s.c.n.e.server.EurekaServerBootstrap   : Shutting down Eureka Server..
2024-10-21T23:32:36.011+07:00  INFO 17736 --- [SpringApplicationShutdownHook] [discovery-service,,]c.n.eureka.DefaultEurekaServerContext    : Shutting down ...
2024-10-21T23:32:36.011+07:00  INFO 23344 --- [DiscoveryClient-InstanceInfoReplicator-0] [account-service,,]c.n.d.s.t.d.RedirectingEurekaHttpClient  : Request execution error. endpoint=DefaultEndpoint{ serviceUrl='http://localhost:9999/eureka/} exception=I/O error on POST request for "http://localhost:9999/eureka/apps/ACCOUNT-SERVICE": localhost:9999 failed to respond stacktrace=org.springframework.web.client.ResourceAccessException: I/O error on POST request for "http://localhost:9999/eureka/apps/ACCOUNT-SERVICE": localhost:9999 failed to respond
	at org.springframework.web.client.RestTemplate.createResourceAccessException(RestTemplate.java:915)
	at org.springframework.web.client.RestTemplate.doExecute(RestTemplate.java:895)
	at org.springframework.web.client.RestTemplate.execute(RestTemplate.java:790)
	at org.springframework.web.client.RestTemplate.exchange(RestTemplate.java:672)
	at org.springframework.cloud.netflix.eureka.http.RestTemplateEurekaHttpClient.register(RestTemplateEurekaHttpClient.java:77)
	at com.netflix.discovery.shared.transport.decorator.EurekaHttpClientDecorator$1.execute(EurekaHttpClientDecorator.java:59)
	at com.netflix.discovery.shared.transport.decorator.RedirectingEurekaHttpClient.execute(RedirectingEurekaHttpClient.java:91)
	at com.netflix.discovery.shared.transport.decorator.EurekaHttpClientDecorator.register(EurekaHttpClientDecorator.java:56)
	at com.netflix.discovery.shared.transport.decorator.EurekaHttpClientDecorator$1.execute(EurekaHttpClientDecorator.java:59)
	at com.netflix.discovery.shared.transport.decorator.RetryableEurekaHttpClient.execute(RetryableEurekaHttpClient.java:120)
	at com.netflix.discovery.shared.transport.decorator.EurekaHttpClientDecorator.register(EurekaHttpClientDecorator.java:56)
	at com.netflix.discovery.shared.transport.decorator.EurekaHttpClientDecorator$1.execute(EurekaHttpClientDecorator.java:59)
	at com.netflix.discovery.shared.transport.decorator.SessionedEurekaHttpClient.execute(SessionedEurekaHttpClient.java:77)
	at com.netflix.discovery.shared.transport.decorator.EurekaHttpClientDecorator.register(EurekaHttpClientDecorator.java:56)
	at com.netflix.discovery.DiscoveryClient.register(DiscoveryClient.java:820)
	at com.netflix.discovery.InstanceInfoReplicator.run(InstanceInfoReplicator.java:121)
	at com.netflix.discovery.InstanceInfoReplicator$1.run(InstanceInfoReplicator.java:101)
	at java.base/java.util.concurrent.Executors$RunnableAdapter.call(Executors.java:572)
	at java.base/java.util.concurrent.FutureTask.run(FutureTask.java:317)
	at java.base/java.util.concurrent.ScheduledThreadPoolExecutor$ScheduledFutureTask.run(ScheduledThreadPoolExecutor.java:304)
	at java.base/java.util.concurrent.ThreadPoolExecutor.runWorker(ThreadPoolExecutor.java:1144)
	at java.base/java.util.concurrent.ThreadPoolExecutor$Worker.run(ThreadPoolExecutor.java:642)
	at java.base/java.lang.Thread.run(Thread.java:1583)
Caused by: org.apache.hc.core5.http.NoHttpResponseException: localhost:9999 failed to respond
	at org.apache.hc.core5.http.impl.io.DefaultBHttpClientConnection.receiveResponseHeader(DefaultBHttpClientConnection.java:301)
	at org.apache.hc.core5.http.impl.io.HttpRequestExecutor.execute(HttpRequestExecutor.java:175)
	at org.apache.hc.core5.http.impl.io.HttpRequestExecutor.execute(HttpRequestExecutor.java:218)
	at org.apache.hc.client5.http.impl.io.PoolingHttpClientConnectionManager$InternalConnectionEndpoint.execute(PoolingHttpClientConnectionManager.java:717)
	at org.apache.hc.client5.http.impl.classic.InternalExecRuntime.execute(InternalExecRuntime.java:216)
	at org.apache.hc.client5.http.impl.classic.MainClientExec.execute(MainClientExec.java:116)
	at org.apache.hc.client5.http.impl.classic.ExecChainElement.execute(ExecChainElement.java:51)
	at org.apache.hc.client5.http.impl.classic.ConnectExec.execute(ConnectExec.java:188)
	at org.apache.hc.client5.http.impl.classic.ExecChainElement.execute(ExecChainElement.java:51)
	at org.apache.hc.client5.http.impl.classic.ProtocolExec.execute(ProtocolExec.java:192)
	at org.apache.hc.client5.http.impl.classic.ExecChainElement.execute(ExecChainElement.java:51)
	at org.apache.hc.client5.http.impl.classic.HttpRequestRetryExec.execute(HttpRequestRetryExec.java:113)
	at org.apache.hc.client5.http.impl.classic.ExecChainElement.execute(ExecChainElement.java:51)
	at org.apache.hc.client5.http.impl.classic.ContentCompressionExec.execute(ContentCompressionExec.java:152)
	at org.apache.hc.client5.http.impl.classic.ExecChainElement.execute(ExecChainElement.java:51)
	at org.apache.hc.client5.http.impl.classic.RedirectExec.execute(RedirectExec.java:116)
	at org.apache.hc.client5.http.impl.classic.ExecChainElement.execute(ExecChainElement.java:51)
	at org.apache.hc.client5.http.impl.classic.InternalHttpClient.doExecute(InternalHttpClient.java:170)
	at org.apache.hc.client5.http.impl.classic.CloseableHttpClient.execute(CloseableHttpClient.java:87)
	at org.apache.hc.client5.http.impl.classic.CloseableHttpClient.execute(CloseableHttpClient.java:55)
	at org.apache.hc.client5.http.classic.HttpClient.executeOpen(HttpClient.java:183)
	at org.springframework.http.client.HttpComponentsClientHttpRequest.executeInternal(HttpComponentsClientHttpRequest.java:99)
	at org.springframework.http.client.AbstractStreamingClientHttpRequest.executeInternal(AbstractStreamingClientHttpRequest.java:70)
	at org.springframework.http.client.AbstractClientHttpRequest.execute(AbstractClientHttpRequest.java:66)
	at org.springframework.http.client.InterceptingClientHttpRequest$InterceptingRequestExecution.execute(InterceptingClientHttpRequest.java:112)
	at org.springframework.cloud.netflix.eureka.http.RestTemplateTransportClientFactory.lambda$restTemplate$3(RestTemplateTransportClientFactory.java:170)
	at org.springframework.http.client.InterceptingClientHttpRequest$InterceptingRequestExecution.execute(InterceptingClientHttpRequest.java:88)
	at org.springframework.http.client.InterceptingClientHttpRequest.executeInternal(InterceptingClientHttpRequest.java:72)
	at org.springframework.http.client.AbstractBufferingClientHttpRequest.executeInternal(AbstractBufferingClientHttpRequest.java:48)
	at org.springframework.http.client.AbstractClientHttpRequest.execute(AbstractClientHttpRequest.java:66)
	at org.springframework.web.client.RestTemplate.doExecute(RestTemplate.java:889)
	... 21 more

2024-10-21T23:32:36.011+07:00  WARN 23344 --- [DiscoveryClient-InstanceInfoReplicator-0] [account-service,,]c.n.d.s.t.d.RetryableEurekaHttpClient    : Request execution failed with message: I/O error on POST request for "http://localhost:9999/eureka/apps/ACCOUNT-SERVICE": localhost:9999 failed to respond
2024-10-21T23:32:36.014+07:00  INFO 17736 --- [SpringApplicationShutdownHook] [discovery-service,,]c.n.eureka.DefaultEurekaServerContext    : Shut down
2024-10-21T23:32:36.015+07:00  INFO 17736 --- [SpringApplicationShutdownHook] [discovery-service,,]o.s.c.n.e.server.EurekaServerBootstrap   : Eureka Service is now shutdown...
2024-10-21T23:32:36.015+07:00  INFO 23344 --- [SpringApplicationShutdownHook] [account-service,,]j.LocalContainerEntityManagerFactoryBean : Closing JPA EntityManagerFactory for persistence unit 'default'
2024-10-21T23:32:36.015+07:00  INFO 17736 --- [SpringApplicationShutdownHook] [discovery-service,,]c.n.eureka.DefaultEurekaServerContext    : Shutting down ...
2024-10-21T23:32:36.015+07:00  INFO 17736 --- [SpringApplicationShutdownHook] [discovery-service,,]c.n.eureka.DefaultEurekaServerContext    : Shut down
2024-10-21T23:32:36.018+07:00  INFO 23344 --- [SpringApplicationShutdownHook] [account-service,,]com.zaxxer.hikari.HikariDataSource       : HikariPool-1 - Shutdown initiated...
2024-10-21T23:32:36.018+07:00  INFO 23344 --- [DiscoveryClient-InstanceInfoReplicator-0] [account-service,,]c.n.d.s.t.d.RedirectingEurekaHttpClient  : Request execution error. endpoint=DefaultEndpoint{ serviceUrl='http://localhost:9999/eureka/}, exception=I/O error on POST request for "http://localhost:9999/eureka/apps/ACCOUNT-SERVICE": Connect to http://localhost:9999 [localhost/127.0.0.1, localhost/0:0:0:0:0:0:0:1] failed: Connection refused: getsockopt stacktrace=org.springframework.web.client.ResourceAccessException: I/O error on POST request for "http://localhost:9999/eureka/apps/ACCOUNT-SERVICE": Connect to http://localhost:9999 [localhost/127.0.0.1, localhost/0:0:0:0:0:0:0:1] failed: Connection refused: getsockopt
	at org.springframework.web.client.RestTemplate.createResourceAccessException(RestTemplate.java:915)
	at org.springframework.web.client.RestTemplate.doExecute(RestTemplate.java:895)
	at org.springframework.web.client.RestTemplate.execute(RestTemplate.java:790)
	at org.springframework.web.client.RestTemplate.exchange(RestTemplate.java:672)
	at org.springframework.cloud.netflix.eureka.http.RestTemplateEurekaHttpClient.register(RestTemplateEurekaHttpClient.java:77)
	at com.netflix.discovery.shared.transport.decorator.EurekaHttpClientDecorator$1.execute(EurekaHttpClientDecorator.java:59)
	at com.netflix.discovery.shared.transport.decorator.RedirectingEurekaHttpClient.executeOnNewServer(RedirectingEurekaHttpClient.java:121)
	at com.netflix.discovery.shared.transport.decorator.RedirectingEurekaHttpClient.execute(RedirectingEurekaHttpClient.java:80)
	at com.netflix.discovery.shared.transport.decorator.EurekaHttpClientDecorator.register(EurekaHttpClientDecorator.java:56)
	at com.netflix.discovery.shared.transport.decorator.EurekaHttpClientDecorator$1.execute(EurekaHttpClientDecorator.java:59)
	at com.netflix.discovery.shared.transport.decorator.RetryableEurekaHttpClient.execute(RetryableEurekaHttpClient.java:120)
	at com.netflix.discovery.shared.transport.decorator.EurekaHttpClientDecorator.register(EurekaHttpClientDecorator.java:56)
	at com.netflix.discovery.shared.transport.decorator.EurekaHttpClientDecorator$1.execute(EurekaHttpClientDecorator.java:59)
	at com.netflix.discovery.shared.transport.decorator.SessionedEurekaHttpClient.execute(SessionedEurekaHttpClient.java:77)
	at com.netflix.discovery.shared.transport.decorator.EurekaHttpClientDecorator.register(EurekaHttpClientDecorator.java:56)
	at com.netflix.discovery.DiscoveryClient.register(DiscoveryClient.java:820)
	at com.netflix.discovery.InstanceInfoReplicator.run(InstanceInfoReplicator.java:121)
	at com.netflix.discovery.InstanceInfoReplicator$1.run(InstanceInfoReplicator.java:101)
	at java.base/java.util.concurrent.Executors$RunnableAdapter.call(Executors.java:572)
	at java.base/java.util.concurrent.FutureTask.run(FutureTask.java:317)
	at java.base/java.util.concurrent.ScheduledThreadPoolExecutor$ScheduledFutureTask.run(ScheduledThreadPoolExecutor.java:304)
	at java.base/java.util.concurrent.ThreadPoolExecutor.runWorker(ThreadPoolExecutor.java:1144)
	at java.base/java.util.concurrent.ThreadPoolExecutor$Worker.run(ThreadPoolExecutor.java:642)
	at java.base/java.lang.Thread.run(Thread.java:1583)
Caused by: org.apache.hc.client5.http.HttpHostConnectException: Connect to http://localhost:9999 [localhost/127.0.0.1, localhost/0:0:0:0:0:0:0:1] failed: Connection refused: getsockopt
	at java.base/sun.nio.ch.Net.pollConnect(Native Method)
	at java.base/sun.nio.ch.Net.pollConnectNow(Net.java:682)
	at java.base/sun.nio.ch.NioSocketImpl.timedFinishConnect(NioSocketImpl.java:542)
	at java.base/sun.nio.ch.NioSocketImpl.connect(NioSocketImpl.java:592)
	at java.base/java.net.SocksSocketImpl.connect(SocksSocketImpl.java:327)
	at java.base/java.net.Socket.connect(Socket.java:751)
	at org.apache.hc.client5.http.socket.PlainConnectionSocketFactory.lambda$connectSocket$0(PlainConnectionSocketFactory.java:91)
	at java.base/java.security.AccessController.doPrivileged(AccessController.java:571)
	at org.apache.hc.client5.http.socket.PlainConnectionSocketFactory.connectSocket(PlainConnectionSocketFactory.java:90)
	at org.apache.hc.client5.http.socket.ConnectionSocketFactory.connectSocket(ConnectionSocketFactory.java:123)
	at org.apache.hc.client5.http.impl.io.DefaultHttpClientConnectionOperator.connect(DefaultHttpClientConnectionOperator.java:189)
	at org.apache.hc.client5.http.impl.io.PoolingHttpClientConnectionManager.connect(PoolingHttpClientConnectionManager.java:450)
	at org.apache.hc.client5.http.impl.classic.InternalExecRuntime.connectEndpoint(InternalExecRuntime.java:162)
	at org.apache.hc.client5.http.impl.classic.InternalExecRuntime.connectEndpoint(InternalExecRuntime.java:172)
	at org.apache.hc.client5.http.impl.classic.ConnectExec.execute(ConnectExec.java:142)
	at org.apache.hc.client5.http.impl.classic.ExecChainElement.execute(ExecChainElement.java:51)
	at org.apache.hc.client5.http.impl.classic.ProtocolExec.execute(ProtocolExec.java:192)
	at org.apache.hc.client5.http.impl.classic.ExecChainElement.execute(ExecChainElement.java:51)
	at org.apache.hc.client5.http.impl.classic.HttpRequestRetryExec.execute(HttpRequestRetryExec.java:113)
	at org.apache.hc.client5.http.impl.classic.ExecChainElement.execute(ExecChainElement.java:51)
	at org.apache.hc.client5.http.impl.classic.ContentCompressionExec.execute(ContentCompressionExec.java:152)
	at org.apache.hc.client5.http.impl.classic.ExecChainElement.execute(ExecChainElement.java:51)
	at org.apache.hc.client5.http.impl.classic.RedirectExec.execute(RedirectExec.java:116)
	at org.apache.hc.client5.http.impl.classic.ExecChainElement.execute(ExecChainElement.java:51)
	at org.apache.hc.client5.http.impl.classic.InternalHttpClient.doExecute(InternalHttpClient.java:170)
	at org.apache.hc.client5.http.impl.classic.CloseableHttpClient.execute(CloseableHttpClient.java:87)
	at org.apache.hc.client5.http.impl.classic.CloseableHttpClient.execute(CloseableHttpClient.java:55)
	at org.apache.hc.client5.http.classic.HttpClient.executeOpen(HttpClient.java:183)
	at org.springframework.http.client.HttpComponentsClientHttpRequest.executeInternal(HttpComponentsClientHttpRequest.java:99)
	at org.springframework.http.client.AbstractStreamingClientHttpRequest.executeInternal(AbstractStreamingClientHttpRequest.java:70)
	at org.springframework.http.client.AbstractClientHttpRequest.execute(AbstractClientHttpRequest.java:66)
	at org.springframework.http.client.InterceptingClientHttpRequest$InterceptingRequestExecution.execute(InterceptingClientHttpRequest.java:112)
	at org.springframework.cloud.netflix.eureka.http.RestTemplateTransportClientFactory.lambda$restTemplate$3(RestTemplateTransportClientFactory.java:170)
	at org.springframework.http.client.InterceptingClientHttpRequest$InterceptingRequestExecution.execute(InterceptingClientHttpRequest.java:88)
	at org.springframework.http.client.InterceptingClientHttpRequest.executeInternal(InterceptingClientHttpRequest.java:72)
	at org.springframework.http.client.AbstractBufferingClientHttpRequest.executeInternal(AbstractBufferingClientHttpRequest.java:48)
	at org.springframework.http.client.AbstractClientHttpRequest.execute(AbstractClientHttpRequest.java:66)
	at org.springframework.web.client.RestTemplate.doExecute(RestTemplate.java:889)
	... 22 more

2024-10-21T23:32:36.018+07:00  WARN 23344 --- [DiscoveryClient-InstanceInfoReplicator-0] [account-service,,]c.n.d.s.t.d.RetryableEurekaHttpClient    : Request execution failed with message: I/O error on POST request for "http://localhost:9999/eureka/apps/ACCOUNT-SERVICE": Connect to http://localhost:9999 [localhost/127.0.0.1, localhost/0:0:0:0:0:0:0:1] failed: Connection refused: getsockopt
2024-10-21T23:32:36.019+07:00  INFO 17736 --- [SpringApplicationShutdownHook] [discovery-service,,]com.netflix.discovery.DiscoveryClient    : Shutting down DiscoveryClient ...
2024-10-21T23:32:36.019+07:00  INFO 17736 --- [SpringApplicationShutdownHook] [discovery-service,,]com.netflix.discovery.DiscoveryClient    : Completed shut down of DiscoveryClient
2024-10-21T23:32:36.018+07:00  WARN 23344 --- [DiscoveryClient-InstanceInfoReplicator-0] [account-service,,]com.netflix.discovery.DiscoveryClient    : DiscoveryClient_ACCOUNT-SERVICE/DESKTOP-GDQ5MDP:account-service:9080 - registration failed Cannot execute request on any known server

com.netflix.discovery.shared.transport.TransportException: Cannot execute request on any known server
	at com.netflix.discovery.shared.transport.decorator.RetryableEurekaHttpClient.execute(RetryableEurekaHttpClient.java:112) ~[eureka-client-2.0.2.jar:2.0.2]
	at com.netflix.discovery.shared.transport.decorator.EurekaHttpClientDecorator.register(EurekaHttpClientDecorator.java:56) ~[eureka-client-2.0.2.jar:2.0.2]
	at com.netflix.discovery.shared.transport.decorator.EurekaHttpClientDecorator$1.execute(EurekaHttpClientDecorator.java:59) ~[eureka-client-2.0.2.jar:2.0.2]
	at com.netflix.discovery.shared.transport.decorator.SessionedEurekaHttpClient.execute(SessionedEurekaHttpClient.java:77) ~[eureka-client-2.0.2.jar:2.0.2]
	at com.netflix.discovery.shared.transport.decorator.EurekaHttpClientDecorator.register(EurekaHttpClientDecorator.java:56) ~[eureka-client-2.0.2.jar:2.0.2]
	at com.netflix.discovery.DiscoveryClient.register(DiscoveryClient.java:820) ~[eureka-client-2.0.2.jar:2.0.2]
	at com.netflix.discovery.InstanceInfoReplicator.run(InstanceInfoReplicator.java:121) ~[eureka-client-2.0.2.jar:2.0.2]
	at com.netflix.discovery.InstanceInfoReplicator$1.run(InstanceInfoReplicator.java:101) ~[eureka-client-2.0.2.jar:2.0.2]
	at java.base/java.util.concurrent.Executors$RunnableAdapter.call(Executors.java:572) ~[na:na]
	at java.base/java.util.concurrent.FutureTask.run(FutureTask.java:317) ~[na:na]
	at java.base/java.util.concurrent.ScheduledThreadPoolExecutor$ScheduledFutureTask.run(ScheduledThreadPoolExecutor.java:304) ~[na:na]
	at java.base/java.util.concurrent.ThreadPoolExecutor.runWorker(ThreadPoolExecutor.java:1144) ~[na:na]
	at java.base/java.util.concurrent.ThreadPoolExecutor$Worker.run(ThreadPoolExecutor.java:642) ~[na:na]
	at java.base/java.lang.Thread.run(Thread.java:1583) ~[na:na]

2024-10-21T23:32:36.021+07:00  WARN 23344 --- [DiscoveryClient-InstanceInfoReplicator-0] [account-service,,]c.n.discovery.InstanceInfoReplicator     : There was a problem with the instance info replicator

com.netflix.discovery.shared.transport.TransportException: Cannot execute request on any known server
	at com.netflix.discovery.shared.transport.decorator.RetryableEurekaHttpClient.execute(RetryableEurekaHttpClient.java:112) ~[eureka-client-2.0.2.jar:2.0.2]
	at com.netflix.discovery.shared.transport.decorator.EurekaHttpClientDecorator.register(EurekaHttpClientDecorator.java:56) ~[eureka-client-2.0.2.jar:2.0.2]
	at com.netflix.discovery.shared.transport.decorator.EurekaHttpClientDecorator$1.execute(EurekaHttpClientDecorator.java:59) ~[eureka-client-2.0.2.jar:2.0.2]
	at com.netflix.discovery.shared.transport.decorator.SessionedEurekaHttpClient.execute(SessionedEurekaHttpClient.java:77) ~[eureka-client-2.0.2.jar:2.0.2]
	at com.netflix.discovery.shared.transport.decorator.EurekaHttpClientDecorator.register(EurekaHttpClientDecorator.java:56) ~[eureka-client-2.0.2.jar:2.0.2]
	at com.netflix.discovery.DiscoveryClient.register(DiscoveryClient.java:820) ~[eureka-client-2.0.2.jar:2.0.2]
	at com.netflix.discovery.InstanceInfoReplicator.run(InstanceInfoReplicator.java:121) ~[eureka-client-2.0.2.jar:2.0.2]
	at com.netflix.discovery.InstanceInfoReplicator$1.run(InstanceInfoReplicator.java:101) ~[eureka-client-2.0.2.jar:2.0.2]
	at java.base/java.util.concurrent.Executors$RunnableAdapter.call(Executors.java:572) ~[na:na]
	at java.base/java.util.concurrent.FutureTask.run(FutureTask.java:317) ~[na:na]
	at java.base/java.util.concurrent.ScheduledThreadPoolExecutor$ScheduledFutureTask.run(ScheduledThreadPoolExecutor.java:304) ~[na:na]
	at java.base/java.util.concurrent.ThreadPoolExecutor.runWorker(ThreadPoolExecutor.java:1144) ~[na:na]
	at java.base/java.util.concurrent.ThreadPoolExecutor$Worker.run(ThreadPoolExecutor.java:642) ~[na:na]
	at java.base/java.lang.Thread.run(Thread.java:1583) ~[na:na]

2024-10-21T23:32:36.024+07:00  INFO 23344 --- [SpringApplicationShutdownHook] [account-service,,]com.zaxxer.hikari.HikariDataSource       : HikariPool-1 - Shutdown completed.
2024-10-21T23:32:36.025+07:00  INFO 23344 --- [SpringApplicationShutdownHook] [account-service,,]com.netflix.discovery.DiscoveryClient    : Shutting down DiscoveryClient ...
2024-10-21T23:32:37.173+07:00  INFO 23344 --- [DiscoveryClient-CacheRefreshExecutor-0] [account-service,,]com.netflix.discovery.DiscoveryClient    : Disable delta property : false
2024-10-21T23:32:37.173+07:00  INFO 23344 --- [DiscoveryClient-CacheRefreshExecutor-0] [account-service,,]com.netflix.discovery.DiscoveryClient    : Single vip registry refresh property : null
2024-10-21T23:32:37.173+07:00  INFO 23344 --- [DiscoveryClient-CacheRefreshExecutor-0] [account-service,,]com.netflix.discovery.DiscoveryClient    : Force full registry fetch : false
2024-10-21T23:32:37.173+07:00  INFO 23344 --- [DiscoveryClient-CacheRefreshExecutor-0] [account-service,,]com.netflix.discovery.DiscoveryClient    : Application is null : false
2024-10-21T23:32:37.173+07:00  INFO 23344 --- [DiscoveryClient-CacheRefreshExecutor-0] [account-service,,]com.netflix.discovery.DiscoveryClient    : Registered Applications size is zero : true
2024-10-21T23:32:37.173+07:00  INFO 23344 --- [DiscoveryClient-CacheRefreshExecutor-0] [account-service,,]com.netflix.discovery.DiscoveryClient    : Application version is -1: false
2024-10-21T23:32:37.173+07:00  INFO 23344 --- [DiscoveryClient-CacheRefreshExecutor-0] [account-service,,]com.netflix.discovery.DiscoveryClient    : Getting all instance registry info from the eureka server
2024-10-21T23:32:37.174+07:00  INFO 23344 --- [DiscoveryClient-CacheRefreshExecutor-0] [account-service,,]c.n.d.s.t.d.RedirectingEurekaHttpClient  : Request execution error. endpoint=DefaultEndpoint{ serviceUrl='http://localhost:9999/eureka/} exception=I/O error on GET request for "http://localhost:9999/eureka/apps/": Connect to http://localhost:9999 [localhost/127.0.0.1, localhost/0:0:0:0:0:0:0:1] failed: Connection refused: getsockopt stacktrace=org.springframework.web.client.ResourceAccessException: I/O error on GET request for "http://localhost:9999/eureka/apps/": Connect to http://localhost:9999 [localhost/127.0.0.1, localhost/0:0:0:0:0:0:0:1] failed: Connection refused: getsockopt
	at org.springframework.web.client.RestTemplate.createResourceAccessException(RestTemplate.java:915)
	at org.springframework.web.client.RestTemplate.doExecute(RestTemplate.java:895)
	at org.springframework.web.client.RestTemplate.execute(RestTemplate.java:790)
	at org.springframework.web.client.RestTemplate.exchange(RestTemplate.java:672)
	at org.springframework.cloud.netflix.eureka.http.RestTemplateEurekaHttpClient.getApplicationsInternal(RestTemplateEurekaHttpClient.java:145)
	at org.springframework.cloud.netflix.eureka.http.RestTemplateEurekaHttpClient.getApplications(RestTemplateEurekaHttpClient.java:135)
	at com.netflix.discovery.shared.transport.decorator.EurekaHttpClientDecorator$6.execute(EurekaHttpClientDecorator.java:137)
	at com.netflix.discovery.shared.transport.decorator.RedirectingEurekaHttpClient.execute(RedirectingEurekaHttpClient.java:91)
	at com.netflix.discovery.shared.transport.decorator.EurekaHttpClientDecorator.getApplications(EurekaHttpClientDecorator.java:134)
	at com.netflix.discovery.shared.transport.decorator.EurekaHttpClientDecorator$6.execute(EurekaHttpClientDecorator.java:137)
	at com.netflix.discovery.shared.transport.decorator.RetryableEurekaHttpClient.execute(RetryableEurekaHttpClient.java:120)
	at com.netflix.discovery.shared.transport.decorator.EurekaHttpClientDecorator.getApplications(EurekaHttpClientDecorator.java:134)
	at com.netflix.discovery.shared.transport.decorator.EurekaHttpClientDecorator$6.execute(EurekaHttpClientDecorator.java:137)
	at com.netflix.discovery.shared.transport.decorator.SessionedEurekaHttpClient.execute(SessionedEurekaHttpClient.java:77)
	at com.netflix.discovery.shared.transport.decorator.EurekaHttpClientDecorator.getApplications(EurekaHttpClientDecorator.java:134)
	at com.netflix.discovery.DiscoveryClient.getAndStoreFullRegistry(DiscoveryClient.java:1045)
	at com.netflix.discovery.DiscoveryClient.fetchRegistry(DiscoveryClient.java:958)
	at com.netflix.discovery.DiscoveryClient.refreshRegistry(DiscoveryClient.java:1475)
	at com.netflix.discovery.DiscoveryClient$CacheRefreshThread.run(DiscoveryClient.java:1442)
	at java.base/java.util.concurrent.Executors$RunnableAdapter.call(Executors.java:572)
	at java.base/java.util.concurrent.FutureTask.run(FutureTask.java:317)
	at java.base/java.util.concurrent.ThreadPoolExecutor.runWorker(ThreadPoolExecutor.java:1144)
	at java.base/java.util.concurrent.ThreadPoolExecutor$Worker.run(ThreadPoolExecutor.java:642)
	at java.base/java.lang.Thread.run(Thread.java:1583)
Caused by: org.apache.hc.client5.http.HttpHostConnectException: Connect to http://localhost:9999 [localhost/127.0.0.1, localhost/0:0:0:0:0:0:0:1] failed: Connection refused: getsockopt
	at java.base/sun.nio.ch.Net.pollConnect(Native Method)
	at java.base/sun.nio.ch.Net.pollConnectNow(Net.java:682)
	at java.base/sun.nio.ch.NioSocketImpl.timedFinishConnect(NioSocketImpl.java:542)
	at java.base/sun.nio.ch.NioSocketImpl.connect(NioSocketImpl.java:592)
	at java.base/java.net.SocksSocketImpl.connect(SocksSocketImpl.java:327)
	at java.base/java.net.Socket.connect(Socket.java:751)
	at org.apache.hc.client5.http.socket.PlainConnectionSocketFactory.lambda$connectSocket$0(PlainConnectionSocketFactory.java:91)
	at java.base/java.security.AccessController.doPrivileged(AccessController.java:571)
	at org.apache.hc.client5.http.socket.PlainConnectionSocketFactory.connectSocket(PlainConnectionSocketFactory.java:90)
	at org.apache.hc.client5.http.socket.ConnectionSocketFactory.connectSocket(ConnectionSocketFactory.java:123)
	at org.apache.hc.client5.http.impl.io.DefaultHttpClientConnectionOperator.connect(DefaultHttpClientConnectionOperator.java:189)
	at org.apache.hc.client5.http.impl.io.PoolingHttpClientConnectionManager.connect(PoolingHttpClientConnectionManager.java:450)
	at org.apache.hc.client5.http.impl.classic.InternalExecRuntime.connectEndpoint(InternalExecRuntime.java:162)
	at org.apache.hc.client5.http.impl.classic.InternalExecRuntime.connectEndpoint(InternalExecRuntime.java:172)
	at org.apache.hc.client5.http.impl.classic.ConnectExec.execute(ConnectExec.java:142)
	at org.apache.hc.client5.http.impl.classic.ExecChainElement.execute(ExecChainElement.java:51)
	at org.apache.hc.client5.http.impl.classic.ProtocolExec.execute(ProtocolExec.java:192)
	at org.apache.hc.client5.http.impl.classic.ExecChainElement.execute(ExecChainElement.java:51)
	at org.apache.hc.client5.http.impl.classic.HttpRequestRetryExec.execute(HttpRequestRetryExec.java:113)
	at org.apache.hc.client5.http.impl.classic.ExecChainElement.execute(ExecChainElement.java:51)
	at org.apache.hc.client5.http.impl.classic.ContentCompressionExec.execute(ContentCompressionExec.java:152)
	at org.apache.hc.client5.http.impl.classic.ExecChainElement.execute(ExecChainElement.java:51)
	at org.apache.hc.client5.http.impl.classic.RedirectExec.execute(RedirectExec.java:116)
	at org.apache.hc.client5.http.impl.classic.ExecChainElement.execute(ExecChainElement.java:51)
	at org.apache.hc.client5.http.impl.classic.InternalHttpClient.doExecute(InternalHttpClient.java:170)
	at org.apache.hc.client5.http.impl.classic.CloseableHttpClient.execute(CloseableHttpClient.java:87)
	at org.apache.hc.client5.http.impl.classic.CloseableHttpClient.execute(CloseableHttpClient.java:55)
	at org.apache.hc.client5.http.classic.HttpClient.executeOpen(HttpClient.java:183)
	at org.springframework.http.client.HttpComponentsClientHttpRequest.executeInternal(HttpComponentsClientHttpRequest.java:99)
	at org.springframework.http.client.AbstractStreamingClientHttpRequest.executeInternal(AbstractStreamingClientHttpRequest.java:70)
	at org.springframework.http.client.AbstractClientHttpRequest.execute(AbstractClientHttpRequest.java:66)
	at org.springframework.http.client.InterceptingClientHttpRequest$InterceptingRequestExecution.execute(InterceptingClientHttpRequest.java:112)
	at org.springframework.cloud.netflix.eureka.http.RestTemplateTransportClientFactory.lambda$restTemplate$3(RestTemplateTransportClientFactory.java:170)
	at org.springframework.http.client.InterceptingClientHttpRequest$InterceptingRequestExecution.execute(InterceptingClientHttpRequest.java:88)
	at org.springframework.http.client.InterceptingClientHttpRequest.executeInternal(InterceptingClientHttpRequest.java:72)
	at org.springframework.http.client.AbstractBufferingClientHttpRequest.executeInternal(AbstractBufferingClientHttpRequest.java:48)
	at org.springframework.http.client.AbstractClientHttpRequest.execute(AbstractClientHttpRequest.java:66)
	at org.springframework.web.client.RestTemplate.doExecute(RestTemplate.java:889)
	... 22 more

2024-10-21T23:32:37.175+07:00  WARN 23344 --- [DiscoveryClient-CacheRefreshExecutor-0] [account-service,,]c.n.d.s.t.d.RetryableEurekaHttpClient    : Request execution failed with message: I/O error on GET request for "http://localhost:9999/eureka/apps/": Connect to http://localhost:9999 [localhost/127.0.0.1, localhost/0:0:0:0:0:0:0:1] failed: Connection refused: getsockopt
2024-10-21T23:32:37.179+07:00  INFO 23344 --- [DiscoveryClient-CacheRefreshExecutor-0] [account-service,,]c.n.d.s.t.d.RedirectingEurekaHttpClient  : Request execution error. endpoint=DefaultEndpoint{ serviceUrl='http://localhost:9999/eureka/}, exception=I/O error on GET request for "http://localhost:9999/eureka/apps/": Connect to http://localhost:9999 [localhost/127.0.0.1, localhost/0:0:0:0:0:0:0:1] failed: Connection refused: getsockopt stacktrace=org.springframework.web.client.ResourceAccessException: I/O error on GET request for "http://localhost:9999/eureka/apps/": Connect to http://localhost:9999 [localhost/127.0.0.1, localhost/0:0:0:0:0:0:0:1] failed: Connection refused: getsockopt
	at org.springframework.web.client.RestTemplate.createResourceAccessException(RestTemplate.java:915)
	at org.springframework.web.client.RestTemplate.doExecute(RestTemplate.java:895)
	at org.springframework.web.client.RestTemplate.execute(RestTemplate.java:790)
	at org.springframework.web.client.RestTemplate.exchange(RestTemplate.java:672)
	at org.springframework.cloud.netflix.eureka.http.RestTemplateEurekaHttpClient.getApplicationsInternal(RestTemplateEurekaHttpClient.java:145)
	at org.springframework.cloud.netflix.eureka.http.RestTemplateEurekaHttpClient.getApplications(RestTemplateEurekaHttpClient.java:135)
	at com.netflix.discovery.shared.transport.decorator.EurekaHttpClientDecorator$6.execute(EurekaHttpClientDecorator.java:137)
	at com.netflix.discovery.shared.transport.decorator.RedirectingEurekaHttpClient.executeOnNewServer(RedirectingEurekaHttpClient.java:121)
	at com.netflix.discovery.shared.transport.decorator.RedirectingEurekaHttpClient.execute(RedirectingEurekaHttpClient.java:80)
	at com.netflix.discovery.shared.transport.decorator.EurekaHttpClientDecorator.getApplications(EurekaHttpClientDecorator.java:134)
	at com.netflix.discovery.shared.transport.decorator.EurekaHttpClientDecorator$6.execute(EurekaHttpClientDecorator.java:137)
	at com.netflix.discovery.shared.transport.decorator.RetryableEurekaHttpClient.execute(RetryableEurekaHttpClient.java:120)
	at com.netflix.discovery.shared.transport.decorator.EurekaHttpClientDecorator.getApplications(EurekaHttpClientDecorator.java:134)
	at com.netflix.discovery.shared.transport.decorator.EurekaHttpClientDecorator$6.execute(EurekaHttpClientDecorator.java:137)
	at com.netflix.discovery.shared.transport.decorator.SessionedEurekaHttpClient.execute(SessionedEurekaHttpClient.java:77)
	at com.netflix.discovery.shared.transport.decorator.EurekaHttpClientDecorator.getApplications(EurekaHttpClientDecorator.java:134)
	at com.netflix.discovery.DiscoveryClient.getAndStoreFullRegistry(DiscoveryClient.java:1045)
	at com.netflix.discovery.DiscoveryClient.fetchRegistry(DiscoveryClient.java:958)
	at com.netflix.discovery.DiscoveryClient.refreshRegistry(DiscoveryClient.java:1475)
	at com.netflix.discovery.DiscoveryClient$CacheRefreshThread.run(DiscoveryClient.java:1442)
	at java.base/java.util.concurrent.Executors$RunnableAdapter.call(Executors.java:572)
	at java.base/java.util.concurrent.FutureTask.run(FutureTask.java:317)
	at java.base/java.util.concurrent.ThreadPoolExecutor.runWorker(ThreadPoolExecutor.java:1144)
	at java.base/java.util.concurrent.ThreadPoolExecutor$Worker.run(ThreadPoolExecutor.java:642)
	at java.base/java.lang.Thread.run(Thread.java:1583)
Caused by: org.apache.hc.client5.http.HttpHostConnectException: Connect to http://localhost:9999 [localhost/127.0.0.1, localhost/0:0:0:0:0:0:0:1] failed: Connection refused: getsockopt
	at java.base/sun.nio.ch.Net.pollConnect(Native Method)
	at java.base/sun.nio.ch.Net.pollConnectNow(Net.java:682)
	at java.base/sun.nio.ch.NioSocketImpl.timedFinishConnect(NioSocketImpl.java:542)
	at java.base/sun.nio.ch.NioSocketImpl.connect(NioSocketImpl.java:592)
	at java.base/java.net.SocksSocketImpl.connect(SocksSocketImpl.java:327)
	at java.base/java.net.Socket.connect(Socket.java:751)
	at org.apache.hc.client5.http.socket.PlainConnectionSocketFactory.lambda$connectSocket$0(PlainConnectionSocketFactory.java:91)
	at java.base/java.security.AccessController.doPrivileged(AccessController.java:571)
	at org.apache.hc.client5.http.socket.PlainConnectionSocketFactory.connectSocket(PlainConnectionSocketFactory.java:90)
	at org.apache.hc.client5.http.socket.ConnectionSocketFactory.connectSocket(ConnectionSocketFactory.java:123)
	at org.apache.hc.client5.http.impl.io.DefaultHttpClientConnectionOperator.connect(DefaultHttpClientConnectionOperator.java:189)
	at org.apache.hc.client5.http.impl.io.PoolingHttpClientConnectionManager.connect(PoolingHttpClientConnectionManager.java:450)
	at org.apache.hc.client5.http.impl.classic.InternalExecRuntime.connectEndpoint(InternalExecRuntime.java:162)
	at org.apache.hc.client5.http.impl.classic.InternalExecRuntime.connectEndpoint(InternalExecRuntime.java:172)
	at org.apache.hc.client5.http.impl.classic.ConnectExec.execute(ConnectExec.java:142)
	at org.apache.hc.client5.http.impl.classic.ExecChainElement.execute(ExecChainElement.java:51)
	at org.apache.hc.client5.http.impl.classic.ProtocolExec.execute(ProtocolExec.java:192)
	at org.apache.hc.client5.http.impl.classic.ExecChainElement.execute(ExecChainElement.java:51)
	at org.apache.hc.client5.http.impl.classic.HttpRequestRetryExec.execute(HttpRequestRetryExec.java:113)
	at org.apache.hc.client5.http.impl.classic.ExecChainElement.execute(ExecChainElement.java:51)
	at org.apache.hc.client5.http.impl.classic.ContentCompressionExec.execute(ContentCompressionExec.java:152)
	at org.apache.hc.client5.http.impl.classic.ExecChainElement.execute(ExecChainElement.java:51)
	at org.apache.hc.client5.http.impl.classic.RedirectExec.execute(RedirectExec.java:116)
	at org.apache.hc.client5.http.impl.classic.ExecChainElement.execute(ExecChainElement.java:51)
	at org.apache.hc.client5.http.impl.classic.InternalHttpClient.doExecute(InternalHttpClient.java:170)
	at org.apache.hc.client5.http.impl.classic.CloseableHttpClient.execute(CloseableHttpClient.java:87)
	at org.apache.hc.client5.http.impl.classic.CloseableHttpClient.execute(CloseableHttpClient.java:55)
	at org.apache.hc.client5.http.classic.HttpClient.executeOpen(HttpClient.java:183)
	at org.springframework.http.client.HttpComponentsClientHttpRequest.executeInternal(HttpComponentsClientHttpRequest.java:99)
	at org.springframework.http.client.AbstractStreamingClientHttpRequest.executeInternal(AbstractStreamingClientHttpRequest.java:70)
	at org.springframework.http.client.AbstractClientHttpRequest.execute(AbstractClientHttpRequest.java:66)
	at org.springframework.http.client.InterceptingClientHttpRequest$InterceptingRequestExecution.execute(InterceptingClientHttpRequest.java:112)
	at org.springframework.cloud.netflix.eureka.http.RestTemplateTransportClientFactory.lambda$restTemplate$3(RestTemplateTransportClientFactory.java:170)
	at org.springframework.http.client.InterceptingClientHttpRequest$InterceptingRequestExecution.execute(InterceptingClientHttpRequest.java:88)
	at org.springframework.http.client.InterceptingClientHttpRequest.executeInternal(InterceptingClientHttpRequest.java:72)
	at org.springframework.http.client.AbstractBufferingClientHttpRequest.executeInternal(AbstractBufferingClientHttpRequest.java:48)
	at org.springframework.http.client.AbstractClientHttpRequest.execute(AbstractClientHttpRequest.java:66)
	at org.springframework.web.client.RestTemplate.doExecute(RestTemplate.java:889)
	... 23 more

2024-10-21T23:32:37.179+07:00  WARN 23344 --- [DiscoveryClient-CacheRefreshExecutor-0] [account-service,,]c.n.d.s.t.d.RetryableEurekaHttpClient    : Request execution failed with message: I/O error on GET request for "http://localhost:9999/eureka/apps/": Connect to http://localhost:9999 [localhost/127.0.0.1, localhost/0:0:0:0:0:0:0:1] failed: Connection refused: getsockopt
2024-10-21T23:32:37.179+07:00  INFO 23344 --- [DiscoveryClient-CacheRefreshExecutor-0] [account-service,,]com.netflix.discovery.DiscoveryClient    : DiscoveryClient_ACCOUNT-SERVICE/DESKTOP-GDQ5MDP:account-service:9080 - was unable to refresh its cache! This periodic background refresh will be retried in 30 seconds. status = Cannot execute request on any known server stacktrace = com.netflix.discovery.shared.transport.TransportException: Cannot execute request on any known server
	at com.netflix.discovery.shared.transport.decorator.RetryableEurekaHttpClient.execute(RetryableEurekaHttpClient.java:112)
	at com.netflix.discovery.shared.transport.decorator.EurekaHttpClientDecorator.getApplications(EurekaHttpClientDecorator.java:134)
	at com.netflix.discovery.shared.transport.decorator.EurekaHttpClientDecorator$6.execute(EurekaHttpClientDecorator.java:137)
	at com.netflix.discovery.shared.transport.decorator.SessionedEurekaHttpClient.execute(SessionedEurekaHttpClient.java:77)
	at com.netflix.discovery.shared.transport.decorator.EurekaHttpClientDecorator.getApplications(EurekaHttpClientDecorator.java:134)
	at com.netflix.discovery.DiscoveryClient.getAndStoreFullRegistry(DiscoveryClient.java:1045)
	at com.netflix.discovery.DiscoveryClient.fetchRegistry(DiscoveryClient.java:958)
	at com.netflix.discovery.DiscoveryClient.refreshRegistry(DiscoveryClient.java:1475)
	at com.netflix.discovery.DiscoveryClient$CacheRefreshThread.run(DiscoveryClient.java:1442)
	at java.base/java.util.concurrent.Executors$RunnableAdapter.call(Executors.java:572)
	at java.base/java.util.concurrent.FutureTask.run(FutureTask.java:317)
	at java.base/java.util.concurrent.ThreadPoolExecutor.runWorker(ThreadPoolExecutor.java:1144)
	at java.base/java.util.concurrent.ThreadPoolExecutor$Worker.run(ThreadPoolExecutor.java:642)
	at java.base/java.lang.Thread.run(Thread.java:1583)

2024-10-21T23:32:37.189+07:00  INFO 23344 --- [DiscoveryClient-HeartbeatExecutor-0] [account-service,,]c.n.d.s.t.d.RedirectingEurekaHttpClient  : Request execution error. endpoint=DefaultEndpoint{ serviceUrl='http://localhost:9999/eureka/}, exception=I/O error on PUT request for "http://localhost:9999/eureka/apps/ACCOUNT-SERVICE/DESKTOP-GDQ5MDP:account-service:9080": Connect to http://localhost:9999 [localhost/127.0.0.1, localhost/0:0:0:0:0:0:0:1] failed: Connection refused: getsockopt stacktrace=org.springframework.web.client.ResourceAccessException: I/O error on PUT request for "http://localhost:9999/eureka/apps/ACCOUNT-SERVICE/DESKTOP-GDQ5MDP:account-service:9080": Connect to http://localhost:9999 [localhost/127.0.0.1, localhost/0:0:0:0:0:0:0:1] failed: Connection refused: getsockopt
	at org.springframework.web.client.RestTemplate.createResourceAccessException(RestTemplate.java:915)
	at org.springframework.web.client.RestTemplate.doExecute(RestTemplate.java:895)
	at org.springframework.web.client.RestTemplate.execute(RestTemplate.java:790)
	at org.springframework.web.client.RestTemplate.exchange(RestTemplate.java:672)
	at org.springframework.cloud.netflix.eureka.http.RestTemplateEurekaHttpClient.sendHeartBeat(RestTemplateEurekaHttpClient.java:99)
	at com.netflix.discovery.shared.transport.decorator.EurekaHttpClientDecorator$3.execute(EurekaHttpClientDecorator.java:92)
	at com.netflix.discovery.shared.transport.decorator.RedirectingEurekaHttpClient.executeOnNewServer(RedirectingEurekaHttpClient.java:121)
	at com.netflix.discovery.shared.transport.decorator.RedirectingEurekaHttpClient.execute(RedirectingEurekaHttpClient.java:80)
	at com.netflix.discovery.shared.transport.decorator.EurekaHttpClientDecorator.sendHeartBeat(EurekaHttpClientDecorator.java:89)
	at com.netflix.discovery.shared.transport.decorator.EurekaHttpClientDecorator$3.execute(EurekaHttpClientDecorator.java:92)
	at com.netflix.discovery.shared.transport.decorator.RetryableEurekaHttpClient.execute(RetryableEurekaHttpClient.java:120)
	at com.netflix.discovery.shared.transport.decorator.EurekaHttpClientDecorator.sendHeartBeat(EurekaHttpClientDecorator.java:89)
	at com.netflix.discovery.shared.transport.decorator.EurekaHttpClientDecorator$3.execute(EurekaHttpClientDecorator.java:92)
	at com.netflix.discovery.shared.transport.decorator.SessionedEurekaHttpClient.execute(SessionedEurekaHttpClient.java:77)
	at com.netflix.discovery.shared.transport.decorator.EurekaHttpClientDecorator.sendHeartBeat(EurekaHttpClientDecorator.java:89)
	at com.netflix.discovery.DiscoveryClient.renew(DiscoveryClient.java:837)
	at com.netflix.discovery.DiscoveryClient$HeartbeatThread.run(DiscoveryClient.java:1401)
	at java.base/java.util.concurrent.Executors$RunnableAdapter.call(Executors.java:572)
	at java.base/java.util.concurrent.FutureTask.run(FutureTask.java:317)
	at java.base/java.util.concurrent.ThreadPoolExecutor.runWorker(ThreadPoolExecutor.java:1144)
	at java.base/java.util.concurrent.ThreadPoolExecutor$Worker.run(ThreadPoolExecutor.java:642)
	at java.base/java.lang.Thread.run(Thread.java:1583)
Caused by: org.apache.hc.client5.http.HttpHostConnectException: Connect to http://localhost:9999 [localhost/127.0.0.1, localhost/0:0:0:0:0:0:0:1] failed: Connection refused: getsockopt
	at java.base/sun.nio.ch.Net.pollConnect(Native Method)
	at java.base/sun.nio.ch.Net.pollConnectNow(Net.java:682)
	at java.base/sun.nio.ch.NioSocketImpl.timedFinishConnect(NioSocketImpl.java:542)
	at java.base/sun.nio.ch.NioSocketImpl.connect(NioSocketImpl.java:592)
	at java.base/java.net.SocksSocketImpl.connect(SocksSocketImpl.java:327)
	at java.base/java.net.Socket.connect(Socket.java:751)
	at org.apache.hc.client5.http.socket.PlainConnectionSocketFactory.lambda$connectSocket$0(PlainConnectionSocketFactory.java:91)
	at java.base/java.security.AccessController.doPrivileged(AccessController.java:571)
	at org.apache.hc.client5.http.socket.PlainConnectionSocketFactory.connectSocket(PlainConnectionSocketFactory.java:90)
	at org.apache.hc.client5.http.socket.ConnectionSocketFactory.connectSocket(ConnectionSocketFactory.java:123)
	at org.apache.hc.client5.http.impl.io.DefaultHttpClientConnectionOperator.connect(DefaultHttpClientConnectionOperator.java:189)
	at org.apache.hc.client5.http.impl.io.PoolingHttpClientConnectionManager.connect(PoolingHttpClientConnectionManager.java:450)
	at org.apache.hc.client5.http.impl.classic.InternalExecRuntime.connectEndpoint(InternalExecRuntime.java:162)
	at org.apache.hc.client5.http.impl.classic.InternalExecRuntime.connectEndpoint(InternalExecRuntime.java:172)
	at org.apache.hc.client5.http.impl.classic.ConnectExec.execute(ConnectExec.java:142)
	at org.apache.hc.client5.http.impl.classic.ExecChainElement.execute(ExecChainElement.java:51)
	at org.apache.hc.client5.http.impl.classic.ProtocolExec.execute(ProtocolExec.java:192)
	at org.apache.hc.client5.http.impl.classic.ExecChainElement.execute(ExecChainElement.java:51)
	at org.apache.hc.client5.http.impl.classic.HttpRequestRetryExec.execute(HttpRequestRetryExec.java:113)
	at org.apache.hc.client5.http.impl.classic.ExecChainElement.execute(ExecChainElement.java:51)
	at org.apache.hc.client5.http.impl.classic.ContentCompressionExec.execute(ContentCompressionExec.java:152)
	at org.apache.hc.client5.http.impl.classic.ExecChainElement.execute(ExecChainElement.java:51)
	at org.apache.hc.client5.http.impl.classic.RedirectExec.execute(RedirectExec.java:116)
	at org.apache.hc.client5.http.impl.classic.ExecChainElement.execute(ExecChainElement.java:51)
	at org.apache.hc.client5.http.impl.classic.InternalHttpClient.doExecute(InternalHttpClient.java:170)
	at org.apache.hc.client5.http.impl.classic.CloseableHttpClient.execute(CloseableHttpClient.java:87)
	at org.apache.hc.client5.http.impl.classic.CloseableHttpClient.execute(CloseableHttpClient.java:55)
	at org.apache.hc.client5.http.classic.HttpClient.executeOpen(HttpClient.java:183)
	at org.springframework.http.client.HttpComponentsClientHttpRequest.executeInternal(HttpComponentsClientHttpRequest.java:99)
	at org.springframework.http.client.AbstractStreamingClientHttpRequest.executeInternal(AbstractStreamingClientHttpRequest.java:70)
	at org.springframework.http.client.AbstractClientHttpRequest.execute(AbstractClientHttpRequest.java:66)
	at org.springframework.http.client.InterceptingClientHttpRequest$InterceptingRequestExecution.execute(InterceptingClientHttpRequest.java:112)
	at org.springframework.cloud.netflix.eureka.http.RestTemplateTransportClientFactory.lambda$restTemplate$3(RestTemplateTransportClientFactory.java:170)
	at org.springframework.http.client.InterceptingClientHttpRequest$InterceptingRequestExecution.execute(InterceptingClientHttpRequest.java:88)
	at org.springframework.http.client.InterceptingClientHttpRequest.executeInternal(InterceptingClientHttpRequest.java:72)
	at org.springframework.http.client.AbstractBufferingClientHttpRequest.executeInternal(AbstractBufferingClientHttpRequest.java:48)
	at org.springframework.http.client.AbstractClientHttpRequest.execute(AbstractClientHttpRequest.java:66)
	at org.springframework.web.client.RestTemplate.doExecute(RestTemplate.java:889)
	... 20 more

2024-10-21T23:32:37.189+07:00  WARN 23344 --- [DiscoveryClient-HeartbeatExecutor-0] [account-service,,]c.n.d.s.t.d.RetryableEurekaHttpClient    : Request execution failed with message: I/O error on PUT request for "http://localhost:9999/eureka/apps/ACCOUNT-SERVICE/DESKTOP-GDQ5MDP:account-service:9080": Connect to http://localhost:9999 [localhost/127.0.0.1, localhost/0:0:0:0:0:0:0:1] failed: Connection refused: getsockopt
2024-10-21T23:32:37.189+07:00 ERROR 23344 --- [DiscoveryClient-HeartbeatExecutor-0] [account-service,,]com.netflix.discovery.DiscoveryClient    : DiscoveryClient_ACCOUNT-SERVICE/DESKTOP-GDQ5MDP:account-service:9080 - was unable to send heartbeat!

com.netflix.discovery.shared.transport.TransportException: Cannot execute request on any known server
	at com.netflix.discovery.shared.transport.decorator.RetryableEurekaHttpClient.execute(RetryableEurekaHttpClient.java:112) ~[eureka-client-2.0.2.jar:2.0.2]
	at com.netflix.discovery.shared.transport.decorator.EurekaHttpClientDecorator.sendHeartBeat(EurekaHttpClientDecorator.java:89) ~[eureka-client-2.0.2.jar:2.0.2]
	at com.netflix.discovery.shared.transport.decorator.EurekaHttpClientDecorator$3.execute(EurekaHttpClientDecorator.java:92) ~[eureka-client-2.0.2.jar:2.0.2]
	at com.netflix.discovery.shared.transport.decorator.SessionedEurekaHttpClient.execute(SessionedEurekaHttpClient.java:77) ~[eureka-client-2.0.2.jar:2.0.2]
	at com.netflix.discovery.shared.transport.decorator.EurekaHttpClientDecorator.sendHeartBeat(EurekaHttpClientDecorator.java:89) ~[eureka-client-2.0.2.jar:2.0.2]
	at com.netflix.discovery.DiscoveryClient.renew(DiscoveryClient.java:837) ~[eureka-client-2.0.2.jar:2.0.2]
	at com.netflix.discovery.DiscoveryClient$HeartbeatThread.run(DiscoveryClient.java:1401) ~[eureka-client-2.0.2.jar:2.0.2]
	at java.base/java.util.concurrent.Executors$RunnableAdapter.call(Executors.java:572) ~[na:na]
	at java.base/java.util.concurrent.FutureTask.run(FutureTask.java:317) ~[na:na]
	at java.base/java.util.concurrent.ThreadPoolExecutor.runWorker(ThreadPoolExecutor.java:1144) ~[na:na]
	at java.base/java.util.concurrent.ThreadPoolExecutor$Worker.run(ThreadPoolExecutor.java:642) ~[na:na]
	at java.base/java.lang.Thread.run(Thread.java:1583) ~[na:na]

2024-10-21T23:32:39.035+07:00  INFO 23344 --- [SpringApplicationShutdownHook] [account-service,,]com.netflix.discovery.DiscoveryClient    : Unregistering ...
2024-10-21T23:32:39.039+07:00  INFO 23344 --- [SpringApplicationShutdownHook] [account-service,,]c.n.d.s.t.d.RedirectingEurekaHttpClient  : Request execution error. endpoint=DefaultEndpoint{ serviceUrl='http://localhost:9999/eureka/}, exception=I/O error on DELETE request for "http://localhost:9999/eureka/apps/ACCOUNT-SERVICE/DESKTOP-GDQ5MDP:account-service:9080": Connect to http://localhost:9999 [localhost/127.0.0.1, localhost/0:0:0:0:0:0:0:1] failed: Connection refused: getsockopt stacktrace=org.springframework.web.client.ResourceAccessException: I/O error on DELETE request for "http://localhost:9999/eureka/apps/ACCOUNT-SERVICE/DESKTOP-GDQ5MDP:account-service:9080": Connect to http://localhost:9999 [localhost/127.0.0.1, localhost/0:0:0:0:0:0:0:1] failed: Connection refused: getsockopt
	at org.springframework.web.client.RestTemplate.createResourceAccessException(RestTemplate.java:915)
	at org.springframework.web.client.RestTemplate.doExecute(RestTemplate.java:895)
	at org.springframework.web.client.RestTemplate.execute(RestTemplate.java:790)
	at org.springframework.web.client.RestTemplate.exchange(RestTemplate.java:672)
	at org.springframework.cloud.netflix.eureka.http.RestTemplateEurekaHttpClient.cancel(RestTemplateEurekaHttpClient.java:87)
	at com.netflix.discovery.shared.transport.decorator.EurekaHttpClientDecorator$2.execute(EurekaHttpClientDecorator.java:74)
	at com.netflix.discovery.shared.transport.decorator.RedirectingEurekaHttpClient.executeOnNewServer(RedirectingEurekaHttpClient.java:121)
	at com.netflix.discovery.shared.transport.decorator.RedirectingEurekaHttpClient.execute(RedirectingEurekaHttpClient.java:80)
	at com.netflix.discovery.shared.transport.decorator.EurekaHttpClientDecorator.cancel(EurekaHttpClientDecorator.java:71)
	at com.netflix.discovery.shared.transport.decorator.EurekaHttpClientDecorator$2.execute(EurekaHttpClientDecorator.java:74)
	at com.netflix.discovery.shared.transport.decorator.RetryableEurekaHttpClient.execute(RetryableEurekaHttpClient.java:120)
	at com.netflix.discovery.shared.transport.decorator.EurekaHttpClientDecorator.cancel(EurekaHttpClientDecorator.java:71)
	at com.netflix.discovery.shared.transport.decorator.EurekaHttpClientDecorator$2.execute(EurekaHttpClientDecorator.java:74)
	at com.netflix.discovery.shared.transport.decorator.SessionedEurekaHttpClient.execute(SessionedEurekaHttpClient.java:77)
	at com.netflix.discovery.shared.transport.decorator.EurekaHttpClientDecorator.cancel(EurekaHttpClientDecorator.java:71)
	at com.netflix.discovery.DiscoveryClient.unregister(DiscoveryClient.java:916)
	at com.netflix.discovery.DiscoveryClient.shutdown(DiscoveryClient.java:892)
	at java.base/jdk.internal.reflect.DirectMethodHandleAccessor.invoke(DirectMethodHandleAccessor.java:103)
	at java.base/java.lang.reflect.Method.invoke(Method.java:580)
	at org.springframework.beans.factory.annotation.InitDestroyAnnotationBeanPostProcessor$LifecycleMethod.invoke(InitDestroyAnnotationBeanPostProcessor.java:457)
	at org.springframework.beans.factory.annotation.InitDestroyAnnotationBeanPostProcessor$LifecycleMetadata.invokeDestroyMethods(InitDestroyAnnotationBeanPostProcessor.java:415)
	at org.springframework.beans.factory.annotation.InitDestroyAnnotationBeanPostProcessor.postProcessBeforeDestruction(InitDestroyAnnotationBeanPostProcessor.java:239)
	at org.springframework.beans.factory.support.DisposableBeanAdapter.destroy(DisposableBeanAdapter.java:202)
	at org.springframework.beans.factory.support.DisposableBeanAdapter.run(DisposableBeanAdapter.java:195)
	at org.springframework.cloud.context.scope.GenericScope$BeanLifecycleWrapper.destroy(GenericScope.java:389)
	at org.springframework.cloud.context.scope.GenericScope.destroy(GenericScope.java:136)
	at org.springframework.beans.factory.support.DisposableBeanAdapter.destroy(DisposableBeanAdapter.java:211)
	at org.springframework.beans.factory.support.DefaultSingletonBeanRegistry.destroyBean(DefaultSingletonBeanRegistry.java:587)
	at org.springframework.beans.factory.support.DefaultSingletonBeanRegistry.destroySingleton(DefaultSingletonBeanRegistry.java:559)
	at org.springframework.beans.factory.support.DefaultListableBeanFactory.destroySingleton(DefaultListableBeanFactory.java:1202)
	at org.springframework.beans.factory.support.DefaultSingletonBeanRegistry.destroySingletons(DefaultSingletonBeanRegistry.java:520)
	at org.springframework.beans.factory.support.DefaultListableBeanFactory.destroySingletons(DefaultListableBeanFactory.java:1195)
	at org.springframework.context.support.AbstractApplicationContext.destroyBeans(AbstractApplicationContext.java:1186)
	at org.springframework.context.support.AbstractApplicationContext.doClose(AbstractApplicationContext.java:1147)
	at org.springframework.boot.web.servlet.context.ServletWebServerApplicationContext.doClose(ServletWebServerApplicationContext.java:174)
	at org.springframework.context.support.AbstractApplicationContext.close(AbstractApplicationContext.java:1093)
	at org.springframework.boot.SpringApplicationShutdownHook.closeAndWait(SpringApplicationShutdownHook.java:145)
	at java.base/java.lang.Iterable.forEach(Iterable.java:75)
	at org.springframework.boot.SpringApplicationShutdownHook.run(SpringApplicationShutdownHook.java:114)
	at java.base/java.lang.Thread.run(Thread.java:1583)
Caused by: org.apache.hc.client5.http.HttpHostConnectException: Connect to http://localhost:9999 [localhost/127.0.0.1, localhost/0:0:0:0:0:0:0:1] failed: Connection refused: getsockopt
	at java.base/sun.nio.ch.Net.pollConnect(Native Method)
	at java.base/sun.nio.ch.Net.pollConnectNow(Net.java:682)
	at java.base/sun.nio.ch.NioSocketImpl.timedFinishConnect(NioSocketImpl.java:542)
	at java.base/sun.nio.ch.NioSocketImpl.connect(NioSocketImpl.java:592)
	at java.base/java.net.SocksSocketImpl.connect(SocksSocketImpl.java:327)
	at java.base/java.net.Socket.connect(Socket.java:751)
	at org.apache.hc.client5.http.socket.PlainConnectionSocketFactory.lambda$connectSocket$0(PlainConnectionSocketFactory.java:91)
	at java.base/java.security.AccessController.doPrivileged(AccessController.java:571)
	at org.apache.hc.client5.http.socket.PlainConnectionSocketFactory.connectSocket(PlainConnectionSocketFactory.java:90)
	at org.apache.hc.client5.http.socket.ConnectionSocketFactory.connectSocket(ConnectionSocketFactory.java:123)
	at org.apache.hc.client5.http.impl.io.DefaultHttpClientConnectionOperator.connect(DefaultHttpClientConnectionOperator.java:189)
	at org.apache.hc.client5.http.impl.io.PoolingHttpClientConnectionManager.connect(PoolingHttpClientConnectionManager.java:450)
	at org.apache.hc.client5.http.impl.classic.InternalExecRuntime.connectEndpoint(InternalExecRuntime.java:162)
	at org.apache.hc.client5.http.impl.classic.InternalExecRuntime.connectEndpoint(InternalExecRuntime.java:172)
	at org.apache.hc.client5.http.impl.classic.ConnectExec.execute(ConnectExec.java:142)
	at org.apache.hc.client5.http.impl.classic.ExecChainElement.execute(ExecChainElement.java:51)
	at org.apache.hc.client5.http.impl.classic.ProtocolExec.execute(ProtocolExec.java:192)
	at org.apache.hc.client5.http.impl.classic.ExecChainElement.execute(ExecChainElement.java:51)
	at org.apache.hc.client5.http.impl.classic.HttpRequestRetryExec.execute(HttpRequestRetryExec.java:113)
	at org.apache.hc.client5.http.impl.classic.ExecChainElement.execute(ExecChainElement.java:51)
	at org.apache.hc.client5.http.impl.classic.ContentCompressionExec.execute(ContentCompressionExec.java:152)
	at org.apache.hc.client5.http.impl.classic.ExecChainElement.execute(ExecChainElement.java:51)
	at org.apache.hc.client5.http.impl.classic.RedirectExec.execute(RedirectExec.java:116)
	at org.apache.hc.client5.http.impl.classic.ExecChainElement.execute(ExecChainElement.java:51)
	at org.apache.hc.client5.http.impl.classic.InternalHttpClient.doExecute(InternalHttpClient.java:170)
	at org.apache.hc.client5.http.impl.classic.CloseableHttpClient.execute(CloseableHttpClient.java:87)
	at org.apache.hc.client5.http.impl.classic.CloseableHttpClient.execute(CloseableHttpClient.java:55)
	at org.apache.hc.client5.http.classic.HttpClient.executeOpen(HttpClient.java:183)
	at org.springframework.http.client.HttpComponentsClientHttpRequest.executeInternal(HttpComponentsClientHttpRequest.java:99)
	at org.springframework.http.client.AbstractStreamingClientHttpRequest.executeInternal(AbstractStreamingClientHttpRequest.java:70)
	at org.springframework.http.client.AbstractClientHttpRequest.execute(AbstractClientHttpRequest.java:66)
	at org.springframework.http.client.InterceptingClientHttpRequest$InterceptingRequestExecution.execute(InterceptingClientHttpRequest.java:112)
	at org.springframework.cloud.netflix.eureka.http.RestTemplateTransportClientFactory.lambda$restTemplate$3(RestTemplateTransportClientFactory.java:170)
	at org.springframework.http.client.InterceptingClientHttpRequest$InterceptingRequestExecution.execute(InterceptingClientHttpRequest.java:88)
	at org.springframework.http.client.InterceptingClientHttpRequest.executeInternal(InterceptingClientHttpRequest.java:72)
	at org.springframework.http.client.AbstractBufferingClientHttpRequest.executeInternal(AbstractBufferingClientHttpRequest.java:48)
	at org.springframework.http.client.AbstractClientHttpRequest.execute(AbstractClientHttpRequest.java:66)
	at org.springframework.web.client.RestTemplate.doExecute(RestTemplate.java:889)
	... 38 more

2024-10-21T23:32:39.039+07:00  WARN 23344 --- [SpringApplicationShutdownHook] [account-service,,]c.n.d.s.t.d.RetryableEurekaHttpClient    : Request execution failed with message: I/O error on DELETE request for "http://localhost:9999/eureka/apps/ACCOUNT-SERVICE/DESKTOP-GDQ5MDP:account-service:9080": Connect to http://localhost:9999 [localhost/127.0.0.1, localhost/0:0:0:0:0:0:0:1] failed: Connection refused: getsockopt
2024-10-21T23:32:39.039+07:00 ERROR 23344 --- [SpringApplicationShutdownHook] [account-service,,]com.netflix.discovery.DiscoveryClient    : DiscoveryClient_ACCOUNT-SERVICE/DESKTOP-GDQ5MDP:account-service:9080 - de-registration failedCannot execute request on any known server

com.netflix.discovery.shared.transport.TransportException: Cannot execute request on any known server
	at com.netflix.discovery.shared.transport.decorator.RetryableEurekaHttpClient.execute(RetryableEurekaHttpClient.java:112) ~[eureka-client-2.0.2.jar:2.0.2]
	at com.netflix.discovery.shared.transport.decorator.EurekaHttpClientDecorator.cancel(EurekaHttpClientDecorator.java:71) ~[eureka-client-2.0.2.jar:2.0.2]
	at com.netflix.discovery.shared.transport.decorator.EurekaHttpClientDecorator$2.execute(EurekaHttpClientDecorator.java:74) ~[eureka-client-2.0.2.jar:2.0.2]
	at com.netflix.discovery.shared.transport.decorator.SessionedEurekaHttpClient.execute(SessionedEurekaHttpClient.java:77) ~[eureka-client-2.0.2.jar:2.0.2]
	at com.netflix.discovery.shared.transport.decorator.EurekaHttpClientDecorator.cancel(EurekaHttpClientDecorator.java:71) ~[eureka-client-2.0.2.jar:2.0.2]
	at com.netflix.discovery.DiscoveryClient.unregister(DiscoveryClient.java:916) ~[eureka-client-2.0.2.jar:2.0.2]
	at com.netflix.discovery.DiscoveryClient.shutdown(DiscoveryClient.java:892) ~[eureka-client-2.0.2.jar:2.0.2]
	at java.base/jdk.internal.reflect.DirectMethodHandleAccessor.invoke(DirectMethodHandleAccessor.java:103) ~[na:na]
	at java.base/java.lang.reflect.Method.invoke(Method.java:580) ~[na:na]
	at org.springframework.beans.factory.annotation.InitDestroyAnnotationBeanPostProcessor$LifecycleMethod.invoke(InitDestroyAnnotationBeanPostProcessor.java:457) ~[spring-beans-6.1.10.jar:6.1.10]
	at org.springframework.beans.factory.annotation.InitDestroyAnnotationBeanPostProcessor$LifecycleMetadata.invokeDestroyMethods(InitDestroyAnnotationBeanPostProcessor.java:415) ~[spring-beans-6.1.10.jar:6.1.10]
	at org.springframework.beans.factory.annotation.InitDestroyAnnotationBeanPostProcessor.postProcessBeforeDestruction(InitDestroyAnnotationBeanPostProcessor.java:239) ~[spring-beans-6.1.10.jar:6.1.10]
	at org.springframework.beans.factory.support.DisposableBeanAdapter.destroy(DisposableBeanAdapter.java:202) ~[spring-beans-6.1.10.jar:6.1.10]
	at org.springframework.beans.factory.support.DisposableBeanAdapter.run(DisposableBeanAdapter.java:195) ~[spring-beans-6.1.10.jar:6.1.10]
	at org.springframework.cloud.context.scope.GenericScope$BeanLifecycleWrapper.destroy(GenericScope.java:389) ~[spring-cloud-context-4.1.3.jar:4.1.3]
	at org.springframework.cloud.context.scope.GenericScope.destroy(GenericScope.java:136) ~[spring-cloud-context-4.1.3.jar:4.1.3]
	at org.springframework.beans.factory.support.DisposableBeanAdapter.destroy(DisposableBeanAdapter.java:211) ~[spring-beans-6.1.10.jar:6.1.10]
	at org.springframework.beans.factory.support.DefaultSingletonBeanRegistry.destroyBean(DefaultSingletonBeanRegistry.java:587) ~[spring-beans-6.1.10.jar:6.1.10]
	at org.springframework.beans.factory.support.DefaultSingletonBeanRegistry.destroySingleton(DefaultSingletonBeanRegistry.java:559) ~[spring-beans-6.1.10.jar:6.1.10]
	at org.springframework.beans.factory.support.DefaultListableBeanFactory.destroySingleton(DefaultListableBeanFactory.java:1202) ~[spring-beans-6.1.10.jar:6.1.10]
	at org.springframework.beans.factory.support.DefaultSingletonBeanRegistry.destroySingletons(DefaultSingletonBeanRegistry.java:520) ~[spring-beans-6.1.10.jar:6.1.10]
	at org.springframework.beans.factory.support.DefaultListableBeanFactory.destroySingletons(DefaultListableBeanFactory.java:1195) ~[spring-beans-6.1.10.jar:6.1.10]
	at org.springframework.context.support.AbstractApplicationContext.destroyBeans(AbstractApplicationContext.java:1186) ~[spring-context-6.1.10.jar:6.1.10]
	at org.springframework.context.support.AbstractApplicationContext.doClose(AbstractApplicationContext.java:1147) ~[spring-context-6.1.10.jar:6.1.10]
	at org.springframework.boot.web.servlet.context.ServletWebServerApplicationContext.doClose(ServletWebServerApplicationContext.java:174) ~[spring-boot-3.3.1.jar:3.3.1]
	at org.springframework.context.support.AbstractApplicationContext.close(AbstractApplicationContext.java:1093) ~[spring-context-6.1.10.jar:6.1.10]
	at org.springframework.boot.SpringApplicationShutdownHook.closeAndWait(SpringApplicationShutdownHook.java:145) ~[spring-boot-3.3.1.jar:3.3.1]
	at java.base/java.lang.Iterable.forEach(Iterable.java:75) ~[na:na]
	at org.springframework.boot.SpringApplicationShutdownHook.run(SpringApplicationShutdownHook.java:114) ~[spring-boot-3.3.1.jar:3.3.1]
	at java.base/java.lang.Thread.run(Thread.java:1583) ~[na:na]

2024-10-21T23:32:39.042+07:00  INFO 23344 --- [SpringApplicationShutdownHook] [account-service,,]com.netflix.discovery.DiscoveryClient    : Completed shut down of DiscoveryClient
2024-10-21T23:40:39.147+07:00  INFO 18396 --- [restartedMain] [account-service,,]c.c.c.ConfigServicePropertySourceLocator : Fetching config from server at : http://localhost:8888
2024-10-21T23:40:39.159+07:00  INFO 18396 --- [restartedMain] [account-service,,]c.c.c.ConfigServicePropertySourceLocator : Located environment: name=account-service, profiles=[default], label=null, version=null, state=null
2024-10-21T23:40:39.159+07:00  INFO 18396 --- [restartedMain] [account-service,,]b.c.PropertySourceBootstrapConfiguration : Located property source: [BootstrapPropertySource {name='bootstrapProperties-configClient'}, BootstrapPropertySource {name='bootstrapProperties-classpath:/shared/account-service.properties'}, BootstrapPropertySource {name='bootstrapProperties-classpath:/shared/application.properties'}]
2024-10-21T23:40:39.171+07:00  INFO 18396 --- [restartedMain] [account-service,,]j.i.a.AccountserviceApplication          : No active profile set, falling back to 1 default profile: "default"
2024-10-21T23:40:39.182+07:00  INFO 18396 --- [restartedMain] [account-service,,]o.s.c.c.c.ConfigServerConfigDataLoader   : Fetching config from server at : http://localhost:8888
2024-10-21T23:40:39.183+07:00  INFO 18396 --- [restartedMain] [account-service,,]o.s.c.c.c.ConfigServerConfigDataLoader   : Located environment: name=account-service, profiles=[default], label=null, version=null, state=null
2024-10-21T23:40:39.797+07:00  INFO 18396 --- [restartedMain] [account-service,,].s.d.r.c.RepositoryConfigurationDelegate : Bootstrapping Spring Data JPA repositories in DEFAULT mode.
2024-10-21T23:40:39.869+07:00  INFO 18396 --- [restartedMain] [account-service,,].s.d.r.c.RepositoryConfigurationDelegate : Finished Spring Data repository scanning in 69 ms. Found 1 JPA repository interface.
2024-10-21T23:40:40.078+07:00  INFO 18396 --- [restartedMain] [account-service,,]o.s.cloud.context.scope.GenericScope     : BeanFactory id=d8284260-a3fb-388c-a2c4-a13431bc221d
2024-10-21T23:40:40.262+07:00  WARN 18396 --- [restartedMain] [account-service,,]trationDelegate$BeanPostProcessorChecker : Bean 'org.springframework.cloud.client.loadbalancer.LoadBalancerAutoConfiguration$DeferringLoadBalancerInterceptorConfig' of type [org.springframework.cloud.client.loadbalancer.LoadBalancerAutoConfiguration$DeferringLoadBalancerInterceptorConfig] is not eligible for getting processed by all BeanPostProcessors (for example: not eligible for auto-proxying). The currently created BeanPostProcessor [lbRestClientPostProcessor] is declared through a non-static factory method on that class; consider declaring it as static instead.
2024-10-21T23:40:40.264+07:00  WARN 18396 --- [restartedMain] [account-service,,]trationDelegate$BeanPostProcessorChecker : Bean 'deferringLoadBalancerInterceptor' of type [org.springframework.cloud.client.loadbalancer.DeferringLoadBalancerInterceptor] is not eligible for getting processed by all BeanPostProcessors (for example: not eligible for auto-proxying). Is this bean getting eagerly injected into a currently created BeanPostProcessor [lbRestClientPostProcessor]? Check the corresponding BeanPostProcessor declaration and its dependencies.
2024-10-21T23:40:40.540+07:00  INFO 18396 --- [restartedMain] [account-service,,]o.s.b.w.embedded.tomcat.TomcatWebServer  : Tomcat initialized with port 9080 (http)
2024-10-21T23:40:40.546+07:00  INFO 18396 --- [restartedMain] [account-service,,]o.apache.catalina.core.StandardService   : Starting service [Tomcat]
2024-10-21T23:40:40.546+07:00  INFO 18396 --- [restartedMain] [account-service,,]o.apache.catalina.core.StandardEngine    : Starting Servlet engine: [Apache Tomcat/10.1.25]
2024-10-21T23:40:40.586+07:00  INFO 18396 --- [restartedMain] [account-service,,]o.a.c.c.C.[Tomcat].[localhost].[/]       : Initializing Spring embedded WebApplicationContext
2024-10-21T23:40:40.586+07:00  INFO 18396 --- [restartedMain] [account-service,,]w.s.c.ServletWebServerApplicationContext : Root WebApplicationContext: initialization completed in 1403 ms
2024-10-21T23:40:40.939+07:00  INFO 18396 --- [restartedMain] [account-service,,]o.hibernate.jpa.internal.util.LogHelper  : HHH000204: Processing PersistenceUnitInfo [name: default]
2024-10-21T23:40:40.967+07:00  INFO 18396 --- [restartedMain] [account-service,,]org.hibernate.Version                    : HHH000412: Hibernate ORM core version 6.5.2.Final
2024-10-21T23:40:40.984+07:00  INFO 18396 --- [restartedMain] [account-service,,]o.h.c.internal.RegionFactoryInitiator    : HHH000026: Second-level cache disabled
2024-10-21T23:40:41.137+07:00  INFO 18396 --- [restartedMain] [account-service,,]o.s.o.j.p.SpringPersistenceUnitInfo      : No LoadTimeWeaver setup: ignoring JPA class transformer
2024-10-21T23:40:41.153+07:00  INFO 18396 --- [restartedMain] [account-service,,]com.zaxxer.hikari.HikariDataSource       : HikariPool-1 - Starting...
2024-10-21T23:40:41.322+07:00  INFO 18396 --- [restartedMain] [account-service,,]com.zaxxer.hikari.pool.HikariPool        : HikariPool-1 - Added connection com.mysql.cj.jdbc.ConnectionImpl@5f5b0093
2024-10-21T23:40:41.323+07:00  INFO 18396 --- [restartedMain] [account-service,,]com.zaxxer.hikari.HikariDataSource       : HikariPool-1 - Start completed.
2024-10-21T23:40:41.347+07:00  WARN 18396 --- [restartedMain] [account-service,,]org.hibernate.orm.deprecation            : HHH90000025: MySQL8Dialect does not need to be specified explicitly using 'hibernate.dialect' (remove the property setting and it will be selected by default)
2024-10-21T23:40:41.348+07:00  WARN 18396 --- [restartedMain] [account-service,,]org.hibernate.orm.deprecation            : HHH90000026: MySQL8Dialect has been deprecated; use org.hibernate.dialect.MySQLDialect instead
2024-10-21T23:40:41.819+07:00  INFO 18396 --- [restartedMain] [account-service,,]o.h.e.t.j.p.i.JtaPlatformInitiator       : HHH000489: No JTA platform available (set 'hibernate.transaction.jta.platform' to enable JTA platform integration)
2024-10-21T23:40:41.854+07:00  INFO 18396 --- [restartedMain] [account-service,,]j.LocalContainerEntityManagerFactoryBean : Initialized JPA EntityManagerFactory for persistence unit 'default'
2024-10-21T23:40:42.206+07:00  WARN 18396 --- [restartedMain] [account-service,,]JpaBaseConfiguration$JpaWebConfiguration : spring.jpa.open-in-view is enabled by default. Therefore, database queries may be performed during view rendering. Explicitly configure spring.jpa.open-in-view to disable this warning
2024-10-21T23:40:42.282+07:00  INFO 18396 --- [restartedMain] [account-service,,]o.s.b.d.a.OptionalLiveReloadServer       : LiveReload server is running on port 35729
2024-10-21T23:40:43.467+07:00  INFO 18396 --- [restartedMain] [account-service,,]DiscoveryClientOptionalArgsConfiguration : Eureka HTTP Client uses RestTemplate.
2024-10-21T23:40:43.505+07:00  WARN 18396 --- [restartedMain] [account-service,,]iguration$LoadBalancerCaffeineWarnLogger : Spring Cloud LoadBalancer is currently working with the default cache. While this cache implementation is useful for development and tests, it's recommended to use Caffeine cache in production.You can switch to using Caffeine cache, by adding it and org.springframework.cache.caffeine.CaffeineCacheManager to the classpath.
2024-10-21T23:40:43.529+07:00  INFO 18396 --- [restartedMain] [account-service,,]o.s.b.a.e.web.EndpointLinksResolver      : Exposing 26 endpoints beneath base path '/actuator'
2024-10-21T23:40:43.599+07:00  INFO 18396 --- [restartedMain] [account-service,,]o.s.c.n.eureka.InstanceInfoFactory       : Setting initial instance status as: STARTING
2024-10-21T23:40:43.619+07:00  INFO 18396 --- [restartedMain] [account-service,,]com.netflix.discovery.DiscoveryClient    : Initializing Eureka in region us-east-1
2024-10-21T23:40:43.623+07:00  INFO 18396 --- [restartedMain] [account-service,,]c.n.d.s.r.aws.ConfigClusterResolver      : Resolving eureka endpoints via configuration
2024-10-21T23:40:43.634+07:00  INFO 18396 --- [restartedMain] [account-service,,]com.netflix.discovery.DiscoveryClient    : Disable delta property : false
2024-10-21T23:40:43.635+07:00  INFO 18396 --- [restartedMain] [account-service,,]com.netflix.discovery.DiscoveryClient    : Single vip registry refresh property : null
2024-10-21T23:40:43.635+07:00  INFO 18396 --- [restartedMain] [account-service,,]com.netflix.discovery.DiscoveryClient    : Force full registry fetch : false
2024-10-21T23:40:43.635+07:00  INFO 18396 --- [restartedMain] [account-service,,]com.netflix.discovery.DiscoveryClient    : Application is null : false
2024-10-21T23:40:43.635+07:00  INFO 18396 --- [restartedMain] [account-service,,]com.netflix.discovery.DiscoveryClient    : Registered Applications size is zero : true
2024-10-21T23:40:43.635+07:00  INFO 18396 --- [restartedMain] [account-service,,]com.netflix.discovery.DiscoveryClient    : Application version is -1: true
2024-10-21T23:40:43.635+07:00  INFO 18396 --- [restartedMain] [account-service,,]com.netflix.discovery.DiscoveryClient    : Getting all instance registry info from the eureka server
2024-10-21T23:40:43.784+07:00  INFO 18396 --- [restartedMain] [account-service,,]c.n.d.s.t.d.RedirectingEurekaHttpClient  : Request execution error. endpoint=DefaultEndpoint{ serviceUrl='http://localhost:9999/eureka/}, exception=I/O error on GET request for "http://localhost:9999/eureka/apps/": Connect to http://localhost:9999 [localhost/127.0.0.1, localhost/0:0:0:0:0:0:0:1] failed: Connection refused: getsockopt stacktrace=org.springframework.web.client.ResourceAccessException: I/O error on GET request for "http://localhost:9999/eureka/apps/": Connect to http://localhost:9999 [localhost/127.0.0.1, localhost/0:0:0:0:0:0:0:1] failed: Connection refused: getsockopt
	at org.springframework.web.client.RestTemplate.createResourceAccessException(RestTemplate.java:915)
	at org.springframework.web.client.RestTemplate.doExecute(RestTemplate.java:895)
	at org.springframework.web.client.RestTemplate.execute(RestTemplate.java:790)
	at org.springframework.web.client.RestTemplate.exchange(RestTemplate.java:672)
	at org.springframework.cloud.netflix.eureka.http.RestTemplateEurekaHttpClient.getApplicationsInternal(RestTemplateEurekaHttpClient.java:145)
	at org.springframework.cloud.netflix.eureka.http.RestTemplateEurekaHttpClient.getApplications(RestTemplateEurekaHttpClient.java:135)
	at com.netflix.discovery.shared.transport.decorator.EurekaHttpClientDecorator$6.execute(EurekaHttpClientDecorator.java:137)
	at com.netflix.discovery.shared.transport.decorator.RedirectingEurekaHttpClient.executeOnNewServer(RedirectingEurekaHttpClient.java:121)
	at com.netflix.discovery.shared.transport.decorator.RedirectingEurekaHttpClient.execute(RedirectingEurekaHttpClient.java:80)
	at com.netflix.discovery.shared.transport.decorator.EurekaHttpClientDecorator.getApplications(EurekaHttpClientDecorator.java:134)
	at com.netflix.discovery.shared.transport.decorator.EurekaHttpClientDecorator$6.execute(EurekaHttpClientDecorator.java:137)
	at com.netflix.discovery.shared.transport.decorator.RetryableEurekaHttpClient.execute(RetryableEurekaHttpClient.java:120)
	at com.netflix.discovery.shared.transport.decorator.EurekaHttpClientDecorator.getApplications(EurekaHttpClientDecorator.java:134)
	at com.netflix.discovery.shared.transport.decorator.EurekaHttpClientDecorator$6.execute(EurekaHttpClientDecorator.java:137)
	at com.netflix.discovery.shared.transport.decorator.SessionedEurekaHttpClient.execute(SessionedEurekaHttpClient.java:77)
	at com.netflix.discovery.shared.transport.decorator.EurekaHttpClientDecorator.getApplications(EurekaHttpClientDecorator.java:134)
	at com.netflix.discovery.DiscoveryClient.getAndStoreFullRegistry(DiscoveryClient.java:1045)
	at com.netflix.discovery.DiscoveryClient.fetchRegistry(DiscoveryClient.java:958)
	at com.netflix.discovery.DiscoveryClient.<init>(DiscoveryClient.java:396)
	at com.netflix.discovery.DiscoveryClient.<init>(DiscoveryClient.java:247)
	at com.netflix.discovery.DiscoveryClient.<init>(DiscoveryClient.java:242)
	at org.springframework.cloud.netflix.eureka.CloudEurekaClient.<init>(CloudEurekaClient.java:68)
	at org.springframework.cloud.netflix.eureka.EurekaClientAutoConfiguration$RefreshableEurekaClientConfiguration.eurekaClient(EurekaClientAutoConfiguration.java:321)
	at java.base/jdk.internal.reflect.DirectMethodHandleAccessor.invoke(DirectMethodHandleAccessor.java:103)
	at java.base/java.lang.reflect.Method.invoke(Method.java:580)
	at org.springframework.beans.factory.support.SimpleInstantiationStrategy.instantiate(SimpleInstantiationStrategy.java:140)
	at org.springframework.beans.factory.support.ConstructorResolver.instantiate(ConstructorResolver.java:644)
	at org.springframework.beans.factory.support.ConstructorResolver.instantiateUsingFactoryMethod(ConstructorResolver.java:636)
	at org.springframework.beans.factory.support.AbstractAutowireCapableBeanFactory.instantiateUsingFactoryMethod(AbstractAutowireCapableBeanFactory.java:1337)
	at org.springframework.beans.factory.support.AbstractAutowireCapableBeanFactory.createBeanInstance(AbstractAutowireCapableBeanFactory.java:1167)
	at org.springframework.beans.factory.support.AbstractAutowireCapableBeanFactory.doCreateBean(AbstractAutowireCapableBeanFactory.java:562)
	at org.springframework.beans.factory.support.AbstractAutowireCapableBeanFactory.createBean(AbstractAutowireCapableBeanFactory.java:522)
	at org.springframework.beans.factory.support.AbstractBeanFactory.lambda$doGetBean$1(AbstractBeanFactory.java:376)
	at org.springframework.cloud.context.scope.GenericScope$BeanLifecycleWrapper.getBean(GenericScope.java:375)
	at org.springframework.cloud.context.scope.GenericScope.get(GenericScope.java:179)
	at org.springframework.beans.factory.support.AbstractBeanFactory.doGetBean(AbstractBeanFactory.java:373)
	at org.springframework.beans.factory.support.AbstractBeanFactory.getBean(AbstractBeanFactory.java:200)
	at org.springframework.aop.target.SimpleBeanTargetSource.getTarget(SimpleBeanTargetSource.java:35)
	at org.springframework.cloud.netflix.eureka.serviceregistry.EurekaRegistration.getTargetObject(EurekaRegistration.java:128)
	at org.springframework.cloud.netflix.eureka.serviceregistry.EurekaRegistration.getEurekaClient(EurekaRegistration.java:116)
	at java.base/jdk.internal.reflect.DirectMethodHandleAccessor.invoke(DirectMethodHandleAccessor.java:103)
	at java.base/java.lang.reflect.Method.invoke(Method.java:580)
	at org.springframework.util.ReflectionUtils.invokeMethod(ReflectionUtils.java:281)
	at org.springframework.cloud.context.scope.GenericScope$LockedScopedProxyFactoryBean.invoke(GenericScope.java:482)
	at org.springframework.aop.framework.ReflectiveMethodInvocation.proceed(ReflectiveMethodInvocation.java:184)
	at org.springframework.aop.framework.CglibAopProxy$CglibMethodInvocation.proceed(CglibAopProxy.java:768)
	at org.springframework.aop.framework.CglibAopProxy$DynamicAdvisedInterceptor.intercept(CglibAopProxy.java:720)
	at org.springframework.cloud.netflix.eureka.serviceregistry.EurekaRegistration$$SpringCGLIB$$0.getEurekaClient(<generated>)
	at org.springframework.cloud.netflix.eureka.serviceregistry.EurekaServiceRegistry.maybeInitializeClient(EurekaServiceRegistry.java:83)
	at org.springframework.cloud.netflix.eureka.serviceregistry.EurekaServiceRegistry.register(EurekaServiceRegistry.java:66)
	at org.springframework.cloud.netflix.eureka.serviceregistry.EurekaAutoServiceRegistration.start(EurekaAutoServiceRegistration.java:89)
	at org.springframework.context.support.DefaultLifecycleProcessor.doStart(DefaultLifecycleProcessor.java:285)
	at org.springframework.context.support.DefaultLifecycleProcessor$LifecycleGroup.start(DefaultLifecycleProcessor.java:469)
	at java.base/java.lang.Iterable.forEach(Iterable.java:75)
	at org.springframework.context.support.DefaultLifecycleProcessor.startBeans(DefaultLifecycleProcessor.java:257)
	at org.springframework.context.support.DefaultLifecycleProcessor.onRefresh(DefaultLifecycleProcessor.java:202)
	at org.springframework.context.support.AbstractApplicationContext.finishRefresh(AbstractApplicationContext.java:981)
	at org.springframework.context.support.AbstractApplicationContext.refresh(AbstractApplicationContext.java:627)
	at org.springframework.boot.web.servlet.context.ServletWebServerApplicationContext.refresh(ServletWebServerApplicationContext.java:146)
	at org.springframework.boot.SpringApplication.refresh(SpringApplication.java:754)
	at org.springframework.boot.SpringApplication.refreshContext(SpringApplication.java:456)
	at org.springframework.boot.SpringApplication.run(SpringApplication.java:335)
	at org.springframework.boot.SpringApplication.run(SpringApplication.java:1363)
	at org.springframework.boot.SpringApplication.run(SpringApplication.java:1352)
	at jmaster.io.accountservice.AccountserviceApplication.main(AccountserviceApplication.java:18)
	at java.base/jdk.internal.reflect.DirectMethodHandleAccessor.invoke(DirectMethodHandleAccessor.java:103)
	at java.base/java.lang.reflect.Method.invoke(Method.java:580)
	at org.springframework.boot.devtools.restart.RestartLauncher.run(RestartLauncher.java:50)
Caused by: org.apache.hc.client5.http.HttpHostConnectException: Connect to http://localhost:9999 [localhost/127.0.0.1, localhost/0:0:0:0:0:0:0:1] failed: Connection refused: getsockopt
	at java.base/sun.nio.ch.Net.pollConnect(Native Method)
	at java.base/sun.nio.ch.Net.pollConnectNow(Net.java:682)
	at java.base/sun.nio.ch.NioSocketImpl.timedFinishConnect(NioSocketImpl.java:542)
	at java.base/sun.nio.ch.NioSocketImpl.connect(NioSocketImpl.java:592)
	at java.base/java.net.SocksSocketImpl.connect(SocksSocketImpl.java:327)
	at java.base/java.net.Socket.connect(Socket.java:751)
	at org.apache.hc.client5.http.socket.PlainConnectionSocketFactory.lambda$connectSocket$0(PlainConnectionSocketFactory.java:91)
	at java.base/java.security.AccessController.doPrivileged(AccessController.java:571)
	at org.apache.hc.client5.http.socket.PlainConnectionSocketFactory.connectSocket(PlainConnectionSocketFactory.java:90)
	at org.apache.hc.client5.http.socket.ConnectionSocketFactory.connectSocket(ConnectionSocketFactory.java:123)
	at org.apache.hc.client5.http.impl.io.DefaultHttpClientConnectionOperator.connect(DefaultHttpClientConnectionOperator.java:189)
	at org.apache.hc.client5.http.impl.io.PoolingHttpClientConnectionManager.connect(PoolingHttpClientConnectionManager.java:450)
	at org.apache.hc.client5.http.impl.classic.InternalExecRuntime.connectEndpoint(InternalExecRuntime.java:162)
	at org.apache.hc.client5.http.impl.classic.InternalExecRuntime.connectEndpoint(InternalExecRuntime.java:172)
	at org.apache.hc.client5.http.impl.classic.ConnectExec.execute(ConnectExec.java:142)
	at org.apache.hc.client5.http.impl.classic.ExecChainElement.execute(ExecChainElement.java:51)
	at org.apache.hc.client5.http.impl.classic.ProtocolExec.execute(ProtocolExec.java:192)
	at org.apache.hc.client5.http.impl.classic.ExecChainElement.execute(ExecChainElement.java:51)
	at org.apache.hc.client5.http.impl.classic.HttpRequestRetryExec.execute(HttpRequestRetryExec.java:113)
	at org.apache.hc.client5.http.impl.classic.ExecChainElement.execute(ExecChainElement.java:51)
	at org.apache.hc.client5.http.impl.classic.ContentCompressionExec.execute(ContentCompressionExec.java:152)
	at org.apache.hc.client5.http.impl.classic.ExecChainElement.execute(ExecChainElement.java:51)
	at org.apache.hc.client5.http.impl.classic.RedirectExec.execute(RedirectExec.java:116)
	at org.apache.hc.client5.http.impl.classic.ExecChainElement.execute(ExecChainElement.java:51)
	at org.apache.hc.client5.http.impl.classic.InternalHttpClient.doExecute(InternalHttpClient.java:170)
	at org.apache.hc.client5.http.impl.classic.CloseableHttpClient.execute(CloseableHttpClient.java:87)
	at org.apache.hc.client5.http.impl.classic.CloseableHttpClient.execute(CloseableHttpClient.java:55)
	at org.apache.hc.client5.http.classic.HttpClient.executeOpen(HttpClient.java:183)
	at org.springframework.http.client.HttpComponentsClientHttpRequest.executeInternal(HttpComponentsClientHttpRequest.java:99)
	at org.springframework.http.client.AbstractStreamingClientHttpRequest.executeInternal(AbstractStreamingClientHttpRequest.java:70)
	at org.springframework.http.client.AbstractClientHttpRequest.execute(AbstractClientHttpRequest.java:66)
	at org.springframework.http.client.InterceptingClientHttpRequest$InterceptingRequestExecution.execute(InterceptingClientHttpRequest.java:112)
	at org.springframework.cloud.netflix.eureka.http.RestTemplateTransportClientFactory.lambda$restTemplate$3(RestTemplateTransportClientFactory.java:170)
	at org.springframework.http.client.InterceptingClientHttpRequest$InterceptingRequestExecution.execute(InterceptingClientHttpRequest.java:88)
	at org.springframework.http.client.InterceptingClientHttpRequest.executeInternal(InterceptingClientHttpRequest.java:72)
	at org.springframework.http.client.AbstractBufferingClientHttpRequest.executeInternal(AbstractBufferingClientHttpRequest.java:48)
	at org.springframework.http.client.AbstractClientHttpRequest.execute(AbstractClientHttpRequest.java:66)
	at org.springframework.web.client.RestTemplate.doExecute(RestTemplate.java:889)
	... 66 more

2024-10-21T23:40:43.784+07:00  WARN 18396 --- [restartedMain] [account-service,,]c.n.d.s.t.d.RetryableEurekaHttpClient    : Request execution failed with message: I/O error on GET request for "http://localhost:9999/eureka/apps/": Connect to http://localhost:9999 [localhost/127.0.0.1, localhost/0:0:0:0:0:0:0:1] failed: Connection refused: getsockopt
2024-10-21T23:40:43.784+07:00  INFO 18396 --- [restartedMain] [account-service,,]com.netflix.discovery.DiscoveryClient    : DiscoveryClient_ACCOUNT-SERVICE/DESKTOP-GDQ5MDP:account-service:9080 - was unable to refresh its cache! This periodic background refresh will be retried in 30 seconds. status = Cannot execute request on any known server stacktrace = com.netflix.discovery.shared.transport.TransportException: Cannot execute request on any known server
	at com.netflix.discovery.shared.transport.decorator.RetryableEurekaHttpClient.execute(RetryableEurekaHttpClient.java:112)
	at com.netflix.discovery.shared.transport.decorator.EurekaHttpClientDecorator.getApplications(EurekaHttpClientDecorator.java:134)
	at com.netflix.discovery.shared.transport.decorator.EurekaHttpClientDecorator$6.execute(EurekaHttpClientDecorator.java:137)
	at com.netflix.discovery.shared.transport.decorator.SessionedEurekaHttpClient.execute(SessionedEurekaHttpClient.java:77)
	at com.netflix.discovery.shared.transport.decorator.EurekaHttpClientDecorator.getApplications(EurekaHttpClientDecorator.java:134)
	at com.netflix.discovery.DiscoveryClient.getAndStoreFullRegistry(DiscoveryClient.java:1045)
	at com.netflix.discovery.DiscoveryClient.fetchRegistry(DiscoveryClient.java:958)
	at com.netflix.discovery.DiscoveryClient.<init>(DiscoveryClient.java:396)
	at com.netflix.discovery.DiscoveryClient.<init>(DiscoveryClient.java:247)
	at com.netflix.discovery.DiscoveryClient.<init>(DiscoveryClient.java:242)
	at org.springframework.cloud.netflix.eureka.CloudEurekaClient.<init>(CloudEurekaClient.java:68)
	at org.springframework.cloud.netflix.eureka.EurekaClientAutoConfiguration$RefreshableEurekaClientConfiguration.eurekaClient(EurekaClientAutoConfiguration.java:321)
	at java.base/jdk.internal.reflect.DirectMethodHandleAccessor.invoke(DirectMethodHandleAccessor.java:103)
	at java.base/java.lang.reflect.Method.invoke(Method.java:580)
	at org.springframework.beans.factory.support.SimpleInstantiationStrategy.instantiate(SimpleInstantiationStrategy.java:140)
	at org.springframework.beans.factory.support.ConstructorResolver.instantiate(ConstructorResolver.java:644)
	at org.springframework.beans.factory.support.ConstructorResolver.instantiateUsingFactoryMethod(ConstructorResolver.java:636)
	at org.springframework.beans.factory.support.AbstractAutowireCapableBeanFactory.instantiateUsingFactoryMethod(AbstractAutowireCapableBeanFactory.java:1337)
	at org.springframework.beans.factory.support.AbstractAutowireCapableBeanFactory.createBeanInstance(AbstractAutowireCapableBeanFactory.java:1167)
	at org.springframework.beans.factory.support.AbstractAutowireCapableBeanFactory.doCreateBean(AbstractAutowireCapableBeanFactory.java:562)
	at org.springframework.beans.factory.support.AbstractAutowireCapableBeanFactory.createBean(AbstractAutowireCapableBeanFactory.java:522)
	at org.springframework.beans.factory.support.AbstractBeanFactory.lambda$doGetBean$1(AbstractBeanFactory.java:376)
	at org.springframework.cloud.context.scope.GenericScope$BeanLifecycleWrapper.getBean(GenericScope.java:375)
	at org.springframework.cloud.context.scope.GenericScope.get(GenericScope.java:179)
	at org.springframework.beans.factory.support.AbstractBeanFactory.doGetBean(AbstractBeanFactory.java:373)
	at org.springframework.beans.factory.support.AbstractBeanFactory.getBean(AbstractBeanFactory.java:200)
	at org.springframework.aop.target.SimpleBeanTargetSource.getTarget(SimpleBeanTargetSource.java:35)
	at org.springframework.cloud.netflix.eureka.serviceregistry.EurekaRegistration.getTargetObject(EurekaRegistration.java:128)
	at org.springframework.cloud.netflix.eureka.serviceregistry.EurekaRegistration.getEurekaClient(EurekaRegistration.java:116)
	at java.base/jdk.internal.reflect.DirectMethodHandleAccessor.invoke(DirectMethodHandleAccessor.java:103)
	at java.base/java.lang.reflect.Method.invoke(Method.java:580)
	at org.springframework.util.ReflectionUtils.invokeMethod(ReflectionUtils.java:281)
	at org.springframework.cloud.context.scope.GenericScope$LockedScopedProxyFactoryBean.invoke(GenericScope.java:482)
	at org.springframework.aop.framework.ReflectiveMethodInvocation.proceed(ReflectiveMethodInvocation.java:184)
	at org.springframework.aop.framework.CglibAopProxy$CglibMethodInvocation.proceed(CglibAopProxy.java:768)
	at org.springframework.aop.framework.CglibAopProxy$DynamicAdvisedInterceptor.intercept(CglibAopProxy.java:720)
	at org.springframework.cloud.netflix.eureka.serviceregistry.EurekaRegistration$$SpringCGLIB$$0.getEurekaClient(<generated>)
	at org.springframework.cloud.netflix.eureka.serviceregistry.EurekaServiceRegistry.maybeInitializeClient(EurekaServiceRegistry.java:83)
	at org.springframework.cloud.netflix.eureka.serviceregistry.EurekaServiceRegistry.register(EurekaServiceRegistry.java:66)
	at org.springframework.cloud.netflix.eureka.serviceregistry.EurekaAutoServiceRegistration.start(EurekaAutoServiceRegistration.java:89)
	at org.springframework.context.support.DefaultLifecycleProcessor.doStart(DefaultLifecycleProcessor.java:285)
	at org.springframework.context.support.DefaultLifecycleProcessor$LifecycleGroup.start(DefaultLifecycleProcessor.java:469)
	at java.base/java.lang.Iterable.forEach(Iterable.java:75)
	at org.springframework.context.support.DefaultLifecycleProcessor.startBeans(DefaultLifecycleProcessor.java:257)
	at org.springframework.context.support.DefaultLifecycleProcessor.onRefresh(DefaultLifecycleProcessor.java:202)
	at org.springframework.context.support.AbstractApplicationContext.finishRefresh(AbstractApplicationContext.java:981)
	at org.springframework.context.support.AbstractApplicationContext.refresh(AbstractApplicationContext.java:627)
	at org.springframework.boot.web.servlet.context.ServletWebServerApplicationContext.refresh(ServletWebServerApplicationContext.java:146)
	at org.springframework.boot.SpringApplication.refresh(SpringApplication.java:754)
	at org.springframework.boot.SpringApplication.refreshContext(SpringApplication.java:456)
	at org.springframework.boot.SpringApplication.run(SpringApplication.java:335)
	at org.springframework.boot.SpringApplication.run(SpringApplication.java:1363)
	at org.springframework.boot.SpringApplication.run(SpringApplication.java:1352)
	at jmaster.io.accountservice.AccountserviceApplication.main(AccountserviceApplication.java:18)
	at java.base/jdk.internal.reflect.DirectMethodHandleAccessor.invoke(DirectMethodHandleAccessor.java:103)
	at java.base/java.lang.reflect.Method.invoke(Method.java:580)
	at org.springframework.boot.devtools.restart.RestartLauncher.run(RestartLauncher.java:50)

2024-10-21T23:40:43.784+07:00  INFO 18396 --- [restartedMain] [account-service,,]com.netflix.discovery.DiscoveryClient    : Initial registry fetch from primary servers failed
2024-10-21T23:40:43.784+07:00  WARN 18396 --- [restartedMain] [account-service,,]com.netflix.discovery.DiscoveryClient    : Using default backup registry implementation which does not do anything.
2024-10-21T23:40:43.785+07:00  INFO 18396 --- [restartedMain] [account-service,,]com.netflix.discovery.DiscoveryClient    : Initial registry fetch from backup servers failed
2024-10-21T23:40:43.785+07:00  INFO 18396 --- [restartedMain] [account-service,,]com.netflix.discovery.DiscoveryClient    : Starting heartbeat executor: renew interval is: 30
2024-10-21T23:40:43.787+07:00  INFO 18396 --- [restartedMain] [account-service,,]c.n.discovery.InstanceInfoReplicator     : InstanceInfoReplicator onDemand update allowed rate per min is 4
2024-10-21T23:40:43.789+07:00  INFO 18396 --- [restartedMain] [account-service,,]com.netflix.discovery.DiscoveryClient    : Discovery Client initialized at timestamp 1729528843789 with initial instances count: 0
2024-10-21T23:40:43.796+07:00  INFO 18396 --- [restartedMain] [account-service,,]o.s.c.n.e.s.EurekaServiceRegistry        : Registering application ACCOUNT-SERVICE with eureka with status UP
2024-10-21T23:40:43.797+07:00  INFO 18396 --- [restartedMain] [account-service,,]com.netflix.discovery.DiscoveryClient    : Saw local status change event StatusChangeEvent [timestamp=1729528843797, current=UP, previous=STARTING]
2024-10-21T23:40:43.798+07:00  INFO 18396 --- [DiscoveryClient-InstanceInfoReplicator-0] [account-service,,]com.netflix.discovery.DiscoveryClient    : DiscoveryClient_ACCOUNT-SERVICE/DESKTOP-GDQ5MDP:account-service:9080: registering service...
2024-10-21T23:40:43.808+07:00  INFO 18396 --- [restartedMain] [account-service,,]o.s.b.w.embedded.tomcat.TomcatWebServer  : Tomcat started on port 9080 (http) with context path '/'
2024-10-21T23:40:43.808+07:00  INFO 18396 --- [restartedMain] [account-service,,].s.c.n.e.s.EurekaAutoServiceRegistration : Updating port to 9080
2024-10-21T23:40:43.819+07:00  INFO 18396 --- [restartedMain] [account-service,,]j.i.a.AccountserviceApplication          : Started AccountserviceApplication in 5.271 seconds (process running for 5.695)
2024-10-21T23:40:43.843+07:00  INFO 18396 --- [DiscoveryClient-InstanceInfoReplicator-0] [account-service,,]c.n.d.s.t.d.RedirectingEurekaHttpClient  : Request execution error. endpoint=DefaultEndpoint{ serviceUrl='http://localhost:9999/eureka/}, exception=I/O error on POST request for "http://localhost:9999/eureka/apps/ACCOUNT-SERVICE": Connect to http://localhost:9999 [localhost/127.0.0.1, localhost/0:0:0:0:0:0:0:1] failed: Connection refused: getsockopt stacktrace=org.springframework.web.client.ResourceAccessException: I/O error on POST request for "http://localhost:9999/eureka/apps/ACCOUNT-SERVICE": Connect to http://localhost:9999 [localhost/127.0.0.1, localhost/0:0:0:0:0:0:0:1] failed: Connection refused: getsockopt
	at org.springframework.web.client.RestTemplate.createResourceAccessException(RestTemplate.java:915)
	at org.springframework.web.client.RestTemplate.doExecute(RestTemplate.java:895)
	at org.springframework.web.client.RestTemplate.execute(RestTemplate.java:790)
	at org.springframework.web.client.RestTemplate.exchange(RestTemplate.java:672)
	at org.springframework.cloud.netflix.eureka.http.RestTemplateEurekaHttpClient.register(RestTemplateEurekaHttpClient.java:77)
	at com.netflix.discovery.shared.transport.decorator.EurekaHttpClientDecorator$1.execute(EurekaHttpClientDecorator.java:59)
	at com.netflix.discovery.shared.transport.decorator.RedirectingEurekaHttpClient.executeOnNewServer(RedirectingEurekaHttpClient.java:121)
	at com.netflix.discovery.shared.transport.decorator.RedirectingEurekaHttpClient.execute(RedirectingEurekaHttpClient.java:80)
	at com.netflix.discovery.shared.transport.decorator.EurekaHttpClientDecorator.register(EurekaHttpClientDecorator.java:56)
	at com.netflix.discovery.shared.transport.decorator.EurekaHttpClientDecorator$1.execute(EurekaHttpClientDecorator.java:59)
	at com.netflix.discovery.shared.transport.decorator.RetryableEurekaHttpClient.execute(RetryableEurekaHttpClient.java:120)
	at com.netflix.discovery.shared.transport.decorator.EurekaHttpClientDecorator.register(EurekaHttpClientDecorator.java:56)
	at com.netflix.discovery.shared.transport.decorator.EurekaHttpClientDecorator$1.execute(EurekaHttpClientDecorator.java:59)
	at com.netflix.discovery.shared.transport.decorator.SessionedEurekaHttpClient.execute(SessionedEurekaHttpClient.java:77)
	at com.netflix.discovery.shared.transport.decorator.EurekaHttpClientDecorator.register(EurekaHttpClientDecorator.java:56)
	at com.netflix.discovery.DiscoveryClient.register(DiscoveryClient.java:820)
	at com.netflix.discovery.InstanceInfoReplicator.run(InstanceInfoReplicator.java:121)
	at com.netflix.discovery.InstanceInfoReplicator$1.run(InstanceInfoReplicator.java:101)
	at java.base/java.util.concurrent.Executors$RunnableAdapter.call(Executors.java:572)
	at java.base/java.util.concurrent.FutureTask.run(FutureTask.java:317)
	at java.base/java.util.concurrent.ScheduledThreadPoolExecutor$ScheduledFutureTask.run(ScheduledThreadPoolExecutor.java:304)
	at java.base/java.util.concurrent.ThreadPoolExecutor.runWorker(ThreadPoolExecutor.java:1144)
	at java.base/java.util.concurrent.ThreadPoolExecutor$Worker.run(ThreadPoolExecutor.java:642)
	at java.base/java.lang.Thread.run(Thread.java:1583)
Caused by: org.apache.hc.client5.http.HttpHostConnectException: Connect to http://localhost:9999 [localhost/127.0.0.1, localhost/0:0:0:0:0:0:0:1] failed: Connection refused: getsockopt
	at java.base/sun.nio.ch.Net.pollConnect(Native Method)
	at java.base/sun.nio.ch.Net.pollConnectNow(Net.java:682)
	at java.base/sun.nio.ch.NioSocketImpl.timedFinishConnect(NioSocketImpl.java:542)
	at java.base/sun.nio.ch.NioSocketImpl.connect(NioSocketImpl.java:592)
	at java.base/java.net.SocksSocketImpl.connect(SocksSocketImpl.java:327)
	at java.base/java.net.Socket.connect(Socket.java:751)
	at org.apache.hc.client5.http.socket.PlainConnectionSocketFactory.lambda$connectSocket$0(PlainConnectionSocketFactory.java:91)
	at java.base/java.security.AccessController.doPrivileged(AccessController.java:571)
	at org.apache.hc.client5.http.socket.PlainConnectionSocketFactory.connectSocket(PlainConnectionSocketFactory.java:90)
	at org.apache.hc.client5.http.socket.ConnectionSocketFactory.connectSocket(ConnectionSocketFactory.java:123)
	at org.apache.hc.client5.http.impl.io.DefaultHttpClientConnectionOperator.connect(DefaultHttpClientConnectionOperator.java:189)
	at org.apache.hc.client5.http.impl.io.PoolingHttpClientConnectionManager.connect(PoolingHttpClientConnectionManager.java:450)
	at org.apache.hc.client5.http.impl.classic.InternalExecRuntime.connectEndpoint(InternalExecRuntime.java:162)
	at org.apache.hc.client5.http.impl.classic.InternalExecRuntime.connectEndpoint(InternalExecRuntime.java:172)
	at org.apache.hc.client5.http.impl.classic.ConnectExec.execute(ConnectExec.java:142)
	at org.apache.hc.client5.http.impl.classic.ExecChainElement.execute(ExecChainElement.java:51)
	at org.apache.hc.client5.http.impl.classic.ProtocolExec.execute(ProtocolExec.java:192)
	at org.apache.hc.client5.http.impl.classic.ExecChainElement.execute(ExecChainElement.java:51)
	at org.apache.hc.client5.http.impl.classic.HttpRequestRetryExec.execute(HttpRequestRetryExec.java:113)
	at org.apache.hc.client5.http.impl.classic.ExecChainElement.execute(ExecChainElement.java:51)
	at org.apache.hc.client5.http.impl.classic.ContentCompressionExec.execute(ContentCompressionExec.java:152)
	at org.apache.hc.client5.http.impl.classic.ExecChainElement.execute(ExecChainElement.java:51)
	at org.apache.hc.client5.http.impl.classic.RedirectExec.execute(RedirectExec.java:116)
	at org.apache.hc.client5.http.impl.classic.ExecChainElement.execute(ExecChainElement.java:51)
	at org.apache.hc.client5.http.impl.classic.InternalHttpClient.doExecute(InternalHttpClient.java:170)
	at org.apache.hc.client5.http.impl.classic.CloseableHttpClient.execute(CloseableHttpClient.java:87)
	at org.apache.hc.client5.http.impl.classic.CloseableHttpClient.execute(CloseableHttpClient.java:55)
	at org.apache.hc.client5.http.classic.HttpClient.executeOpen(HttpClient.java:183)
	at org.springframework.http.client.HttpComponentsClientHttpRequest.executeInternal(HttpComponentsClientHttpRequest.java:99)
	at org.springframework.http.client.AbstractStreamingClientHttpRequest.executeInternal(AbstractStreamingClientHttpRequest.java:70)
	at org.springframework.http.client.AbstractClientHttpRequest.execute(AbstractClientHttpRequest.java:66)
	at org.springframework.http.client.InterceptingClientHttpRequest$InterceptingRequestExecution.execute(InterceptingClientHttpRequest.java:112)
	at org.springframework.cloud.netflix.eureka.http.RestTemplateTransportClientFactory.lambda$restTemplate$3(RestTemplateTransportClientFactory.java:170)
	at org.springframework.http.client.InterceptingClientHttpRequest$InterceptingRequestExecution.execute(InterceptingClientHttpRequest.java:88)
	at org.springframework.http.client.InterceptingClientHttpRequest.executeInternal(InterceptingClientHttpRequest.java:72)
	at org.springframework.http.client.AbstractBufferingClientHttpRequest.executeInternal(AbstractBufferingClientHttpRequest.java:48)
	at org.springframework.http.client.AbstractClientHttpRequest.execute(AbstractClientHttpRequest.java:66)
	at org.springframework.web.client.RestTemplate.doExecute(RestTemplate.java:889)
	... 22 more

2024-10-21T23:40:43.843+07:00  WARN 18396 --- [DiscoveryClient-InstanceInfoReplicator-0] [account-service,,]c.n.d.s.t.d.RetryableEurekaHttpClient    : Request execution failed with message: I/O error on POST request for "http://localhost:9999/eureka/apps/ACCOUNT-SERVICE": Connect to http://localhost:9999 [localhost/127.0.0.1, localhost/0:0:0:0:0:0:0:1] failed: Connection refused: getsockopt
2024-10-21T23:40:43.843+07:00  WARN 18396 --- [DiscoveryClient-InstanceInfoReplicator-0] [account-service,,]com.netflix.discovery.DiscoveryClient    : DiscoveryClient_ACCOUNT-SERVICE/DESKTOP-GDQ5MDP:account-service:9080 - registration failed Cannot execute request on any known server

com.netflix.discovery.shared.transport.TransportException: Cannot execute request on any known server
	at com.netflix.discovery.shared.transport.decorator.RetryableEurekaHttpClient.execute(RetryableEurekaHttpClient.java:112) ~[eureka-client-2.0.2.jar:2.0.2]
	at com.netflix.discovery.shared.transport.decorator.EurekaHttpClientDecorator.register(EurekaHttpClientDecorator.java:56) ~[eureka-client-2.0.2.jar:2.0.2]
	at com.netflix.discovery.shared.transport.decorator.EurekaHttpClientDecorator$1.execute(EurekaHttpClientDecorator.java:59) ~[eureka-client-2.0.2.jar:2.0.2]
	at com.netflix.discovery.shared.transport.decorator.SessionedEurekaHttpClient.execute(SessionedEurekaHttpClient.java:77) ~[eureka-client-2.0.2.jar:2.0.2]
	at com.netflix.discovery.shared.transport.decorator.EurekaHttpClientDecorator.register(EurekaHttpClientDecorator.java:56) ~[eureka-client-2.0.2.jar:2.0.2]
	at com.netflix.discovery.DiscoveryClient.register(DiscoveryClient.java:820) ~[eureka-client-2.0.2.jar:2.0.2]
	at com.netflix.discovery.InstanceInfoReplicator.run(InstanceInfoReplicator.java:121) ~[eureka-client-2.0.2.jar:2.0.2]
	at com.netflix.discovery.InstanceInfoReplicator$1.run(InstanceInfoReplicator.java:101) ~[eureka-client-2.0.2.jar:2.0.2]
	at java.base/java.util.concurrent.Executors$RunnableAdapter.call(Executors.java:572) ~[na:na]
	at java.base/java.util.concurrent.FutureTask.run(FutureTask.java:317) ~[na:na]
	at java.base/java.util.concurrent.ScheduledThreadPoolExecutor$ScheduledFutureTask.run(ScheduledThreadPoolExecutor.java:304) ~[na:na]
	at java.base/java.util.concurrent.ThreadPoolExecutor.runWorker(ThreadPoolExecutor.java:1144) ~[na:na]
	at java.base/java.util.concurrent.ThreadPoolExecutor$Worker.run(ThreadPoolExecutor.java:642) ~[na:na]
	at java.base/java.lang.Thread.run(Thread.java:1583) ~[na:na]

2024-10-21T23:40:43.846+07:00  WARN 18396 --- [DiscoveryClient-InstanceInfoReplicator-0] [account-service,,]c.n.discovery.InstanceInfoReplicator     : There was a problem with the instance info replicator

com.netflix.discovery.shared.transport.TransportException: Cannot execute request on any known server
	at com.netflix.discovery.shared.transport.decorator.RetryableEurekaHttpClient.execute(RetryableEurekaHttpClient.java:112) ~[eureka-client-2.0.2.jar:2.0.2]
	at com.netflix.discovery.shared.transport.decorator.EurekaHttpClientDecorator.register(EurekaHttpClientDecorator.java:56) ~[eureka-client-2.0.2.jar:2.0.2]
	at com.netflix.discovery.shared.transport.decorator.EurekaHttpClientDecorator$1.execute(EurekaHttpClientDecorator.java:59) ~[eureka-client-2.0.2.jar:2.0.2]
	at com.netflix.discovery.shared.transport.decorator.SessionedEurekaHttpClient.execute(SessionedEurekaHttpClient.java:77) ~[eureka-client-2.0.2.jar:2.0.2]
	at com.netflix.discovery.shared.transport.decorator.EurekaHttpClientDecorator.register(EurekaHttpClientDecorator.java:56) ~[eureka-client-2.0.2.jar:2.0.2]
	at com.netflix.discovery.DiscoveryClient.register(DiscoveryClient.java:820) ~[eureka-client-2.0.2.jar:2.0.2]
	at com.netflix.discovery.InstanceInfoReplicator.run(InstanceInfoReplicator.java:121) ~[eureka-client-2.0.2.jar:2.0.2]
	at com.netflix.discovery.InstanceInfoReplicator$1.run(InstanceInfoReplicator.java:101) ~[eureka-client-2.0.2.jar:2.0.2]
	at java.base/java.util.concurrent.Executors$RunnableAdapter.call(Executors.java:572) ~[na:na]
	at java.base/java.util.concurrent.FutureTask.run(FutureTask.java:317) ~[na:na]
	at java.base/java.util.concurrent.ScheduledThreadPoolExecutor$ScheduledFutureTask.run(ScheduledThreadPoolExecutor.java:304) ~[na:na]
	at java.base/java.util.concurrent.ThreadPoolExecutor.runWorker(ThreadPoolExecutor.java:1144) ~[na:na]
	at java.base/java.util.concurrent.ThreadPoolExecutor$Worker.run(ThreadPoolExecutor.java:642) ~[na:na]
	at java.base/java.lang.Thread.run(Thread.java:1583) ~[na:na]

2024-10-21T23:40:44.273+07:00  INFO 18396 --- [RMI TCP Connection(2)-192.168.1.6] [account-service,,]o.a.c.c.C.[Tomcat].[localhost].[/]       : Initializing Spring DispatcherServlet 'dispatcherServlet'
2024-10-21T23:40:44.274+07:00  INFO 18396 --- [RMI TCP Connection(2)-192.168.1.6] [account-service,,]o.s.web.servlet.DispatcherServlet        : Initializing Servlet 'dispatcherServlet'
2024-10-21T23:40:44.275+07:00  INFO 18396 --- [RMI TCP Connection(2)-192.168.1.6] [account-service,,]o.s.web.servlet.DispatcherServlet        : Completed initialization in 0 ms
2024-10-21T23:40:59.246+07:00  INFO 24496 --- [restartedMain] [discovery-service,,]c.e.d.DiscoveryserviceApplication        : Starting DiscoveryserviceApplication using Java 21.0.4 with PID 24496 (C:\Users\Admin\OneDrive\Desktop\SpringCloud0\discoveryservice\target\classes started by Admin in C:\Users\Admin\OneDrive\Desktop\SpringCloud0)
2024-10-21T23:40:59.247+07:00  INFO 24496 --- [restartedMain] [discovery-service,,]c.e.d.DiscoveryserviceApplication        : No active profile set, falling back to 1 default profile: "default"
2024-10-21T23:40:59.268+07:00  INFO 24496 --- [restartedMain] [discovery-service,,]o.s.c.c.c.ConfigServerConfigDataLoader   : Fetching config from server at : http://localhost:8888
2024-10-21T23:40:59.269+07:00  INFO 24496 --- [restartedMain] [discovery-service,,]o.s.c.c.c.ConfigServerConfigDataLoader   : Located environment: name=discovery-service, profiles=[default], label=null, version=null, state=null
2024-10-21T23:40:59.269+07:00  INFO 24496 --- [restartedMain] [discovery-service,,].e.DevToolsPropertyDefaultsPostProcessor : Devtools property defaults active! Set 'spring.devtools.add-properties' to 'false' to disable
2024-10-21T23:40:59.269+07:00  INFO 24496 --- [restartedMain] [discovery-service,,].e.DevToolsPropertyDefaultsPostProcessor : For additional web related logging consider setting the 'logging.level.web' property to 'DEBUG'
2024-10-21T23:40:59.819+07:00  INFO 24496 --- [restartedMain] [discovery-service,,]o.s.cloud.context.scope.GenericScope     : BeanFactory id=38c61fa9-6440-3f0d-ab30-abcb462f07ce
2024-10-21T23:40:59.846+07:00  WARN 24496 --- [restartedMain] [discovery-service,,]trationDelegate$BeanPostProcessorChecker : Bean 'org.springframework.cloud.client.loadbalancer.LoadBalancerAutoConfiguration$DeferringLoadBalancerInterceptorConfig' of type [org.springframework.cloud.client.loadbalancer.LoadBalancerAutoConfiguration$DeferringLoadBalancerInterceptorConfig] is not eligible for getting processed by all BeanPostProcessors (for example: not eligible for auto-proxying). The currently created BeanPostProcessor [lbRestClientPostProcessor] is declared through a non-static factory method on that class; consider declaring it as static instead.
2024-10-21T23:40:59.847+07:00  WARN 24496 --- [restartedMain] [discovery-service,,]trationDelegate$BeanPostProcessorChecker : Bean 'deferringLoadBalancerInterceptor' of type [org.springframework.cloud.client.loadbalancer.DeferringLoadBalancerInterceptor] is not eligible for getting processed by all BeanPostProcessors (for example: not eligible for auto-proxying). Is this bean getting eagerly injected into a currently created BeanPostProcessor [lbRestClientPostProcessor]? Check the corresponding BeanPostProcessor declaration and its dependencies.
2024-10-21T23:41:00.030+07:00  INFO 24496 --- [restartedMain] [discovery-service,,]o.s.b.w.embedded.tomcat.TomcatWebServer  : Tomcat initialized with port 9999 (http)
2024-10-21T23:41:00.039+07:00  INFO 24496 --- [restartedMain] [discovery-service,,]o.apache.catalina.core.StandardService   : Starting service [Tomcat]
2024-10-21T23:41:00.040+07:00  INFO 24496 --- [restartedMain] [discovery-service,,]o.apache.catalina.core.StandardEngine    : Starting Servlet engine: [Apache Tomcat/10.1.30]
2024-10-21T23:41:00.069+07:00  INFO 24496 --- [restartedMain] [discovery-service,,]o.a.c.c.C.[Tomcat].[localhost].[/]       : Initializing Spring embedded WebApplicationContext
2024-10-21T23:41:00.070+07:00  INFO 24496 --- [restartedMain] [discovery-service,,]w.s.c.ServletWebServerApplicationContext : Root WebApplicationContext: initialization completed in 799 ms
2024-10-21T23:41:00.526+07:00  INFO 24496 --- [restartedMain] [discovery-service,,]c.n.d.provider.DiscoveryJerseyProvider   : Using JSON encoding codec LegacyJacksonJson
2024-10-21T23:41:00.527+07:00  INFO 24496 --- [restartedMain] [discovery-service,,]c.n.d.provider.DiscoveryJerseyProvider   : Using JSON decoding codec LegacyJacksonJson
2024-10-21T23:41:00.614+07:00  INFO 24496 --- [restartedMain] [discovery-service,,]c.n.d.provider.DiscoveryJerseyProvider   : Using XML encoding codec XStreamXml
2024-10-21T23:41:00.614+07:00  INFO 24496 --- [restartedMain] [discovery-service,,]c.n.d.provider.DiscoveryJerseyProvider   : Using XML decoding codec XStreamXml
2024-10-21T23:41:01.035+07:00  WARN 24496 --- [restartedMain] [discovery-service,,]o.s.b.d.a.OptionalLiveReloadServer       : Unable to start LiveReload server
2024-10-21T23:41:01.062+07:00  WARN 24496 --- [restartedMain] [discovery-service,,]iguration$LoadBalancerCaffeineWarnLogger : Spring Cloud LoadBalancer is currently working with the default cache. While this cache implementation is useful for development and tests, it's recommended to use Caffeine cache in production.You can switch to using Caffeine cache, by adding it and org.springframework.cache.caffeine.CaffeineCacheManager to the classpath.
2024-10-21T23:41:01.072+07:00  INFO 24496 --- [restartedMain] [discovery-service,,]o.s.c.n.eureka.InstanceInfoFactory       : Setting initial instance status as: STARTING
2024-10-21T23:41:01.083+07:00  INFO 24496 --- [restartedMain] [discovery-service,,]com.netflix.discovery.DiscoveryClient    : Initializing Eureka in region us-east-1
2024-10-21T23:41:01.093+07:00  INFO 24496 --- [restartedMain] [discovery-service,,]com.netflix.discovery.DiscoveryClient    : Client configured to neither register nor query for data.
2024-10-21T23:41:01.094+07:00  INFO 24496 --- [restartedMain] [discovery-service,,]com.netflix.discovery.DiscoveryClient    : Discovery Client initialized at timestamp 1729528861093 with initial instances count: 0
2024-10-21T23:41:01.116+07:00  INFO 24496 --- [restartedMain] [discovery-service,,]c.n.eureka.DefaultEurekaServerContext    : Initializing ...
2024-10-21T23:41:01.117+07:00  INFO 24496 --- [restartedMain] [discovery-service,,]c.n.eureka.cluster.PeerEurekaNodes       : Adding new peer nodes [http://localhost:9999/eureka/]
2024-10-21T23:41:01.173+07:00  INFO 24496 --- [restartedMain] [discovery-service,,]c.n.d.provider.DiscoveryJerseyProvider   : Using JSON encoding codec LegacyJacksonJson
2024-10-21T23:41:01.173+07:00  INFO 24496 --- [restartedMain] [discovery-service,,]c.n.d.provider.DiscoveryJerseyProvider   : Using JSON decoding codec LegacyJacksonJson
2024-10-21T23:41:01.173+07:00  INFO 24496 --- [restartedMain] [discovery-service,,]c.n.d.provider.DiscoveryJerseyProvider   : Using XML encoding codec XStreamXml
2024-10-21T23:41:01.173+07:00  INFO 24496 --- [restartedMain] [discovery-service,,]c.n.d.provider.DiscoveryJerseyProvider   : Using XML decoding codec XStreamXml
2024-10-21T23:41:01.193+07:00  INFO 24496 --- [restartedMain] [discovery-service,,]c.n.eureka.cluster.PeerEurekaNodes       : Replica node URL:  http://localhost:9999/eureka/
2024-10-21T23:41:01.198+07:00  INFO 24496 --- [restartedMain] [discovery-service,,]c.n.e.registry.AbstractInstanceRegistry  : Finished initializing remote region registries. All known remote regions: []
2024-10-21T23:41:01.198+07:00  INFO 24496 --- [restartedMain] [discovery-service,,]c.n.eureka.DefaultEurekaServerContext    : Initialized
2024-10-21T23:41:01.204+07:00  INFO 24496 --- [restartedMain] [discovery-service,,]o.s.b.a.e.web.EndpointLinksResolver      : Exposing 18 endpoints beneath base path '/actuator'
2024-10-21T23:41:01.252+07:00  INFO 24496 --- [restartedMain] [discovery-service,,]o.s.c.n.e.s.EurekaServiceRegistry        : Registering application DISCOVERY-SERVICE with eureka with status UP
2024-10-21T23:41:01.258+07:00  INFO 24496 --- [Thread-13] [discovery-service,,]o.s.c.n.e.server.EurekaServerBootstrap   : isAws returned false
2024-10-21T23:41:01.258+07:00  INFO 24496 --- [Thread-13] [discovery-service,,]o.s.c.n.e.server.EurekaServerBootstrap   : Initialized server context
2024-10-21T23:41:01.258+07:00  INFO 24496 --- [Thread-13] [discovery-service,,]c.n.e.r.PeerAwareInstanceRegistryImpl    : Got 1 instances from neighboring DS node
2024-10-21T23:41:01.258+07:00  INFO 24496 --- [Thread-13] [discovery-service,,]c.n.e.r.PeerAwareInstanceRegistryImpl    : Renew threshold is: 1
2024-10-21T23:41:01.258+07:00  INFO 24496 --- [Thread-13] [discovery-service,,]c.n.e.r.PeerAwareInstanceRegistryImpl    : Changing status to UP
2024-10-21T23:41:01.259+07:00  INFO 24496 --- [Thread-13] [discovery-service,,]e.s.EurekaServerInitializerConfiguration : Started Eureka Server
2024-10-21T23:41:01.263+07:00  INFO 24496 --- [restartedMain] [discovery-service,,]o.s.b.w.embedded.tomcat.TomcatWebServer  : Tomcat started on port 9999 (http) with context path '/'
2024-10-21T23:41:01.264+07:00  INFO 24496 --- [restartedMain] [discovery-service,,].s.c.n.e.s.EurekaAutoServiceRegistration : Updating port to 9999
2024-10-21T23:41:01.273+07:00  INFO 24496 --- [restartedMain] [discovery-service,,]c.e.d.DiscoveryserviceApplication        : Started DiscoveryserviceApplication in 2.474 seconds (process running for 2.892)
2024-10-21T23:41:01.627+07:00  INFO 24496 --- [RMI TCP Connection(1)-192.168.1.6] [discovery-service,,]o.a.c.c.C.[Tomcat].[localhost].[/]       : Initializing Spring DispatcherServlet 'dispatcherServlet'
2024-10-21T23:41:01.627+07:00  INFO 24496 --- [RMI TCP Connection(1)-192.168.1.6] [discovery-service,,]o.s.web.servlet.DispatcherServlet        : Initializing Servlet 'dispatcherServlet'
2024-10-21T23:41:01.628+07:00  INFO 24496 --- [RMI TCP Connection(1)-192.168.1.6] [discovery-service,,]o.s.web.servlet.DispatcherServlet        : Completed initialization in 1 ms
2024-10-21T23:41:13.787+07:00  INFO 18396 --- [DiscoveryClient-CacheRefreshExecutor-0] [account-service,,]com.netflix.discovery.DiscoveryClient    : Disable delta property : false
2024-10-21T23:41:13.787+07:00  INFO 18396 --- [DiscoveryClient-CacheRefreshExecutor-0] [account-service,,]com.netflix.discovery.DiscoveryClient    : Single vip registry refresh property : null
2024-10-21T23:41:13.787+07:00  INFO 18396 --- [DiscoveryClient-CacheRefreshExecutor-0] [account-service,,]com.netflix.discovery.DiscoveryClient    : Force full registry fetch : false
2024-10-21T23:41:13.787+07:00  INFO 18396 --- [DiscoveryClient-CacheRefreshExecutor-0] [account-service,,]com.netflix.discovery.DiscoveryClient    : Application is null : false
2024-10-21T23:41:13.787+07:00  INFO 18396 --- [DiscoveryClient-CacheRefreshExecutor-0] [account-service,,]com.netflix.discovery.DiscoveryClient    : Registered Applications size is zero : true
2024-10-21T23:41:13.787+07:00  INFO 18396 --- [DiscoveryClient-CacheRefreshExecutor-0] [account-service,,]com.netflix.discovery.DiscoveryClient    : Application version is -1: true
2024-10-21T23:41:13.787+07:00  INFO 18396 --- [DiscoveryClient-CacheRefreshExecutor-0] [account-service,,]com.netflix.discovery.DiscoveryClient    : Getting all instance registry info from the eureka server
2024-10-21T23:41:13.849+07:00  INFO 18396 --- [DiscoveryClient-InstanceInfoReplicator-0] [account-service,,]com.netflix.discovery.DiscoveryClient    : DiscoveryClient_ACCOUNT-SERVICE/DESKTOP-GDQ5MDP:account-service:9080: registering service...
2024-10-21T23:41:13.879+07:00  WARN 24496 --- [http-nio-9999-exec-1] [discovery-service,,]c.n.e.registry.AbstractInstanceRegistry  : DS: Registry: lease doesn't exist, registering resource: ACCOUNT-SERVICE - DESKTOP-GDQ5MDP:account-service:9080
2024-10-21T23:41:13.879+07:00  WARN 24496 --- [http-nio-9999-exec-1] [discovery-service,,]c.n.eureka.resources.InstanceResource    : Not Found (Renew): ACCOUNT-SERVICE - DESKTOP-GDQ5MDP:account-service:9080
2024-10-21T23:41:13.901+07:00  INFO 24496 --- [http-nio-9999-exec-3] [discovery-service,,]c.n.e.registry.AbstractInstanceRegistry  : Registered instance ACCOUNT-SERVICE/DESKTOP-GDQ5MDP:account-service:9080 with status UP (replication=false)
2024-10-21T23:41:13.903+07:00  INFO 18396 --- [DiscoveryClient-CacheRefreshExecutor-0] [account-service,,]com.netflix.discovery.DiscoveryClient    : The response status is 200
2024-10-21T23:41:13.907+07:00  INFO 18396 --- [DiscoveryClient-InstanceInfoReplicator-0] [account-service,,]com.netflix.discovery.DiscoveryClient    : DiscoveryClient_ACCOUNT-SERVICE/DESKTOP-GDQ5MDP:account-service:9080 - registration status: 204
2024-10-21T23:41:13.922+07:00  INFO 18396 --- [DiscoveryClient-HeartbeatExecutor-0] [account-service,,]com.netflix.discovery.DiscoveryClient    : DiscoveryClient_ACCOUNT-SERVICE/DESKTOP-GDQ5MDP:account-service:9080 - Re-registering apps/ACCOUNT-SERVICE
2024-10-21T23:41:13.922+07:00  INFO 18396 --- [DiscoveryClient-HeartbeatExecutor-0] [account-service,,]com.netflix.discovery.DiscoveryClient    : DiscoveryClient_ACCOUNT-SERVICE/DESKTOP-GDQ5MDP:account-service:9080: registering service...
2024-10-21T23:41:13.926+07:00  INFO 24496 --- [http-nio-9999-exec-4] [discovery-service,,]c.n.e.registry.AbstractInstanceRegistry  : Registered instance ACCOUNT-SERVICE/DESKTOP-GDQ5MDP:account-service:9080 with status UP (replication=false)
2024-10-21T23:41:13.927+07:00  INFO 18396 --- [DiscoveryClient-HeartbeatExecutor-0] [account-service,,]com.netflix.discovery.DiscoveryClient    : DiscoveryClient_ACCOUNT-SERVICE/DESKTOP-GDQ5MDP:account-service:9080 - registration status: 204
2024-10-21T23:41:14.533+07:00  INFO 24496 --- [http-nio-9999-exec-5] [discovery-service,,]c.n.e.registry.AbstractInstanceRegistry  : Registered instance ACCOUNT-SERVICE/DESKTOP-GDQ5MDP:account-service:9080 with status UP (replication=true)
2024-10-21T23:41:43.731+07:00  INFO 23316 --- [restartedMain] [account-service,,]c.c.c.ConfigServicePropertySourceLocator : Fetching config from server at : http://localhost:8888
2024-10-21T23:41:43.742+07:00  INFO 23316 --- [restartedMain] [account-service,,]c.c.c.ConfigServicePropertySourceLocator : Located environment: name=account-service, profiles=[default], label=null, version=null, state=null
2024-10-21T23:41:43.743+07:00  INFO 23316 --- [restartedMain] [account-service,,]b.c.PropertySourceBootstrapConfiguration : Located property source: [BootstrapPropertySource {name='bootstrapProperties-configClient'}, BootstrapPropertySource {name='bootstrapProperties-classpath:/shared/account-service.properties'}, BootstrapPropertySource {name='bootstrapProperties-classpath:/shared/application.properties'}]
2024-10-21T23:41:43.756+07:00  INFO 23316 --- [restartedMain] [account-service,,]j.i.a.AccountserviceApplication          : No active profile set, falling back to 1 default profile: "default"
2024-10-21T23:41:43.764+07:00  INFO 23316 --- [restartedMain] [account-service,,]o.s.c.c.c.ConfigServerConfigDataLoader   : Fetching config from server at : http://localhost:8888
2024-10-21T23:41:43.764+07:00  INFO 23316 --- [restartedMain] [account-service,,]o.s.c.c.c.ConfigServerConfigDataLoader   : Located environment: name=account-service, profiles=[default], label=null, version=null, state=null
2024-10-21T23:41:43.918+07:00  INFO 18396 --- [DiscoveryClient-CacheRefreshExecutor-0] [account-service,,]com.netflix.discovery.DiscoveryClient    : Disable delta property : false
2024-10-21T23:41:43.918+07:00  INFO 18396 --- [DiscoveryClient-CacheRefreshExecutor-0] [account-service,,]com.netflix.discovery.DiscoveryClient    : Single vip registry refresh property : null
2024-10-21T23:41:43.918+07:00  INFO 18396 --- [DiscoveryClient-CacheRefreshExecutor-0] [account-service,,]com.netflix.discovery.DiscoveryClient    : Force full registry fetch : false
2024-10-21T23:41:43.918+07:00  INFO 18396 --- [DiscoveryClient-CacheRefreshExecutor-0] [account-service,,]com.netflix.discovery.DiscoveryClient    : Application is null : false
2024-10-21T23:41:43.918+07:00  INFO 18396 --- [DiscoveryClient-CacheRefreshExecutor-0] [account-service,,]com.netflix.discovery.DiscoveryClient    : Registered Applications size is zero : true
2024-10-21T23:41:43.918+07:00  INFO 18396 --- [DiscoveryClient-CacheRefreshExecutor-0] [account-service,,]com.netflix.discovery.DiscoveryClient    : Application version is -1: false
2024-10-21T23:41:43.918+07:00  INFO 18396 --- [DiscoveryClient-CacheRefreshExecutor-0] [account-service,,]com.netflix.discovery.DiscoveryClient    : Getting all instance registry info from the eureka server
2024-10-21T23:41:43.944+07:00  INFO 18396 --- [DiscoveryClient-CacheRefreshExecutor-0] [account-service,,]com.netflix.discovery.DiscoveryClient    : The response status is 200
2024-10-21T23:41:44.408+07:00  INFO 23316 --- [restartedMain] [account-service,,].s.d.r.c.RepositoryConfigurationDelegate : Bootstrapping Spring Data JPA repositories in DEFAULT mode.
2024-10-21T23:41:44.484+07:00  INFO 23316 --- [restartedMain] [account-service,,].s.d.r.c.RepositoryConfigurationDelegate : Finished Spring Data repository scanning in 71 ms. Found 1 JPA repository interface.
2024-10-21T23:41:44.689+07:00  INFO 23316 --- [restartedMain] [account-service,,]o.s.cloud.context.scope.GenericScope     : BeanFactory id=d8284260-a3fb-388c-a2c4-a13431bc221d
2024-10-21T23:41:44.875+07:00  WARN 23316 --- [restartedMain] [account-service,,]trationDelegate$BeanPostProcessorChecker : Bean 'org.springframework.cloud.client.loadbalancer.LoadBalancerAutoConfiguration$DeferringLoadBalancerInterceptorConfig' of type [org.springframework.cloud.client.loadbalancer.LoadBalancerAutoConfiguration$DeferringLoadBalancerInterceptorConfig] is not eligible for getting processed by all BeanPostProcessors (for example: not eligible for auto-proxying). The currently created BeanPostProcessor [lbRestClientPostProcessor] is declared through a non-static factory method on that class; consider declaring it as static instead.
2024-10-21T23:41:44.877+07:00  WARN 23316 --- [restartedMain] [account-service,,]trationDelegate$BeanPostProcessorChecker : Bean 'deferringLoadBalancerInterceptor' of type [org.springframework.cloud.client.loadbalancer.DeferringLoadBalancerInterceptor] is not eligible for getting processed by all BeanPostProcessors (for example: not eligible for auto-proxying). Is this bean getting eagerly injected into a currently created BeanPostProcessor [lbRestClientPostProcessor]? Check the corresponding BeanPostProcessor declaration and its dependencies.
2024-10-21T23:41:45.189+07:00  INFO 23316 --- [restartedMain] [account-service,,]o.s.b.w.embedded.tomcat.TomcatWebServer  : Tomcat initialized with port 9081 (http)
2024-10-21T23:41:45.199+07:00  INFO 23316 --- [restartedMain] [account-service,,]o.apache.catalina.core.StandardService   : Starting service [Tomcat]
2024-10-21T23:41:45.199+07:00  INFO 23316 --- [restartedMain] [account-service,,]o.apache.catalina.core.StandardEngine    : Starting Servlet engine: [Apache Tomcat/10.1.25]
2024-10-21T23:41:45.249+07:00  INFO 23316 --- [restartedMain] [account-service,,]o.a.c.c.C.[Tomcat].[localhost].[/]       : Initializing Spring embedded WebApplicationContext
2024-10-21T23:41:45.249+07:00  INFO 23316 --- [restartedMain] [account-service,,]w.s.c.ServletWebServerApplicationContext : Root WebApplicationContext: initialization completed in 1485 ms
2024-10-21T23:41:45.675+07:00  INFO 23316 --- [restartedMain] [account-service,,]o.hibernate.jpa.internal.util.LogHelper  : HHH000204: Processing PersistenceUnitInfo [name: default]
2024-10-21T23:41:45.709+07:00  INFO 23316 --- [restartedMain] [account-service,,]org.hibernate.Version                    : HHH000412: Hibernate ORM core version 6.5.2.Final
2024-10-21T23:41:45.729+07:00  INFO 23316 --- [restartedMain] [account-service,,]o.h.c.internal.RegionFactoryInitiator    : HHH000026: Second-level cache disabled
2024-10-21T23:41:45.898+07:00  INFO 23316 --- [restartedMain] [account-service,,]o.s.o.j.p.SpringPersistenceUnitInfo      : No LoadTimeWeaver setup: ignoring JPA class transformer
2024-10-21T23:41:45.913+07:00  INFO 23316 --- [restartedMain] [account-service,,]com.zaxxer.hikari.HikariDataSource       : HikariPool-1 - Starting...
2024-10-21T23:41:46.092+07:00  INFO 23316 --- [restartedMain] [account-service,,]com.zaxxer.hikari.pool.HikariPool        : HikariPool-1 - Added connection com.mysql.cj.jdbc.ConnectionImpl@6e92a462
2024-10-21T23:41:46.093+07:00  INFO 23316 --- [restartedMain] [account-service,,]com.zaxxer.hikari.HikariDataSource       : HikariPool-1 - Start completed.
2024-10-21T23:41:46.122+07:00  WARN 23316 --- [restartedMain] [account-service,,]org.hibernate.orm.deprecation            : HHH90000025: MySQL8Dialect does not need to be specified explicitly using 'hibernate.dialect' (remove the property setting and it will be selected by default)
2024-10-21T23:41:46.123+07:00  WARN 23316 --- [restartedMain] [account-service,,]org.hibernate.orm.deprecation            : HHH90000026: MySQL8Dialect has been deprecated; use org.hibernate.dialect.MySQLDialect instead
2024-10-21T23:41:46.630+07:00  INFO 23316 --- [restartedMain] [account-service,,]o.h.e.t.j.p.i.JtaPlatformInitiator       : HHH000489: No JTA platform available (set 'hibernate.transaction.jta.platform' to enable JTA platform integration)
2024-10-21T23:41:46.669+07:00  INFO 23316 --- [restartedMain] [account-service,,]j.LocalContainerEntityManagerFactoryBean : Initialized JPA EntityManagerFactory for persistence unit 'default'
2024-10-21T23:41:47.032+07:00  WARN 23316 --- [restartedMain] [account-service,,]JpaBaseConfiguration$JpaWebConfiguration : spring.jpa.open-in-view is enabled by default. Therefore, database queries may be performed during view rendering. Explicitly configure spring.jpa.open-in-view to disable this warning
2024-10-21T23:41:47.104+07:00  WARN 23316 --- [restartedMain] [account-service,,]o.s.b.d.a.OptionalLiveReloadServer       : Unable to start LiveReload server
2024-10-21T23:41:48.462+07:00  INFO 23316 --- [restartedMain] [account-service,,]DiscoveryClientOptionalArgsConfiguration : Eureka HTTP Client uses RestTemplate.
2024-10-21T23:41:48.522+07:00  WARN 23316 --- [restartedMain] [account-service,,]iguration$LoadBalancerCaffeineWarnLogger : Spring Cloud LoadBalancer is currently working with the default cache. While this cache implementation is useful for development and tests, it's recommended to use Caffeine cache in production.You can switch to using Caffeine cache, by adding it and org.springframework.cache.caffeine.CaffeineCacheManager to the classpath.
2024-10-21T23:41:48.551+07:00  INFO 23316 --- [restartedMain] [account-service,,]o.s.b.a.e.web.EndpointLinksResolver      : Exposing 26 endpoints beneath base path '/actuator'
2024-10-21T23:41:48.644+07:00  INFO 23316 --- [restartedMain] [account-service,,]o.s.c.n.eureka.InstanceInfoFactory       : Setting initial instance status as: STARTING
2024-10-21T23:41:48.669+07:00  INFO 23316 --- [restartedMain] [account-service,,]com.netflix.discovery.DiscoveryClient    : Initializing Eureka in region us-east-1
2024-10-21T23:41:48.673+07:00  INFO 23316 --- [restartedMain] [account-service,,]c.n.d.s.r.aws.ConfigClusterResolver      : Resolving eureka endpoints via configuration
2024-10-21T23:41:48.691+07:00  INFO 23316 --- [restartedMain] [account-service,,]com.netflix.discovery.DiscoveryClient    : Disable delta property : false
2024-10-21T23:41:48.691+07:00  INFO 23316 --- [restartedMain] [account-service,,]com.netflix.discovery.DiscoveryClient    : Single vip registry refresh property : null
2024-10-21T23:41:48.691+07:00  INFO 23316 --- [restartedMain] [account-service,,]com.netflix.discovery.DiscoveryClient    : Force full registry fetch : false
2024-10-21T23:41:48.691+07:00  INFO 23316 --- [restartedMain] [account-service,,]com.netflix.discovery.DiscoveryClient    : Application is null : false
2024-10-21T23:41:48.691+07:00  INFO 23316 --- [restartedMain] [account-service,,]com.netflix.discovery.DiscoveryClient    : Registered Applications size is zero : true
2024-10-21T23:41:48.691+07:00  INFO 23316 --- [restartedMain] [account-service,,]com.netflix.discovery.DiscoveryClient    : Application version is -1: true
2024-10-21T23:41:48.691+07:00  INFO 23316 --- [restartedMain] [account-service,,]com.netflix.discovery.DiscoveryClient    : Getting all instance registry info from the eureka server
2024-10-21T23:41:48.914+07:00  INFO 23316 --- [restartedMain] [account-service,,]com.netflix.discovery.DiscoveryClient    : The response status is 200
2024-10-21T23:41:48.915+07:00  INFO 23316 --- [restartedMain] [account-service,,]com.netflix.discovery.DiscoveryClient    : Starting heartbeat executor: renew interval is: 30
2024-10-21T23:41:48.917+07:00  INFO 23316 --- [restartedMain] [account-service,,]c.n.discovery.InstanceInfoReplicator     : InstanceInfoReplicator onDemand update allowed rate per min is 4
2024-10-21T23:41:48.919+07:00  INFO 23316 --- [restartedMain] [account-service,,]com.netflix.discovery.DiscoveryClient    : Discovery Client initialized at timestamp 1729528908919 with initial instances count: 1
2024-10-21T23:41:48.927+07:00  INFO 23316 --- [restartedMain] [account-service,,]o.s.c.n.e.s.EurekaServiceRegistry        : Registering application ACCOUNT-SERVICE with eureka with status UP
2024-10-21T23:41:48.928+07:00  INFO 23316 --- [restartedMain] [account-service,,]com.netflix.discovery.DiscoveryClient    : Saw local status change event StatusChangeEvent [timestamp=1729528908928, current=UP, previous=STARTING]
2024-10-21T23:41:48.929+07:00  INFO 23316 --- [DiscoveryClient-InstanceInfoReplicator-0] [account-service,,]com.netflix.discovery.DiscoveryClient    : DiscoveryClient_ACCOUNT-SERVICE/DESKTOP-GDQ5MDP:account-service:9081: registering service...
2024-10-21T23:41:48.939+07:00  INFO 23316 --- [restartedMain] [account-service,,]o.s.b.w.embedded.tomcat.TomcatWebServer  : Tomcat started on port 9081 (http) with context path '/'
2024-10-21T23:41:48.939+07:00  INFO 23316 --- [restartedMain] [account-service,,].s.c.n.e.s.EurekaAutoServiceRegistration : Updating port to 9081
2024-10-21T23:41:48.951+07:00  INFO 23316 --- [restartedMain] [account-service,,]j.i.a.AccountserviceApplication          : Started AccountserviceApplication in 5.917 seconds (process running for 6.343)
2024-10-21T23:41:48.952+07:00  INFO 24496 --- [http-nio-9999-exec-6] [discovery-service,,]c.n.e.registry.AbstractInstanceRegistry  : Registered instance ACCOUNT-SERVICE/DESKTOP-GDQ5MDP:account-service:9081 with status UP (replication=false)
2024-10-21T23:41:48.954+07:00  INFO 23316 --- [DiscoveryClient-InstanceInfoReplicator-0] [account-service,,]com.netflix.discovery.DiscoveryClient    : DiscoveryClient_ACCOUNT-SERVICE/DESKTOP-GDQ5MDP:account-service:9081 - registration status: 204
2024-10-21T23:41:49.253+07:00  INFO 23316 --- [RMI TCP Connection(2)-192.168.1.6] [account-service,,]o.a.c.c.C.[Tomcat].[localhost].[/]       : Initializing Spring DispatcherServlet 'dispatcherServlet'
2024-10-21T23:41:49.253+07:00  INFO 23316 --- [RMI TCP Connection(2)-192.168.1.6] [account-service,,]o.s.web.servlet.DispatcherServlet        : Initializing Servlet 'dispatcherServlet'
2024-10-21T23:41:49.255+07:00  INFO 23316 --- [RMI TCP Connection(2)-192.168.1.6] [account-service,,]o.s.web.servlet.DispatcherServlet        : Completed initialization in 1 ms
2024-10-21T23:41:49.463+07:00  INFO 24496 --- [http-nio-9999-exec-8] [discovery-service,,]c.n.e.registry.AbstractInstanceRegistry  : Registered instance ACCOUNT-SERVICE/DESKTOP-GDQ5MDP:account-service:9081 with status UP (replication=true)
2024-10-21T23:42:01.258+07:00  INFO 24496 --- [Eureka-EvictionTimer] [discovery-service,,]c.n.e.registry.AbstractInstanceRegistry  : Running the evict task with compensationTime 0ms
2024-10-21T23:42:47.488+07:00  INFO 18396 --- [http-nio-9080-exec-2] [account-service,67168487b16eecbc9ef66c6bcbeb8d78,9ef66c6bcbeb8d78]o.springdoc.api.AbstractOpenApiResource  : Init duration for springdoc-openapi is: 133 ms
2024-10-21T23:42:52.143+07:00  INFO 23316 --- [http-nio-9081-exec-1] [account-service,6716848b8982890f649baec0e5b9861b,649baec0e5b9861b]o.springdoc.api.AbstractOpenApiResource  : Init duration for springdoc-openapi is: 173 ms
2024-10-21T23:43:01.271+07:00  INFO 24496 --- [Eureka-EvictionTimer] [discovery-service,,]c.n.e.registry.AbstractInstanceRegistry  : Running the evict task with compensationTime 12ms
2024-10-21T23:44:01.272+07:00  INFO 24496 --- [Eureka-EvictionTimer] [discovery-service,,]c.n.e.registry.AbstractInstanceRegistry  : Running the evict task with compensationTime 1ms
2024-10-21T23:45:01.282+07:00  INFO 24496 --- [Eureka-EvictionTimer] [discovery-service,,]c.n.e.registry.AbstractInstanceRegistry  : Running the evict task with compensationTime 9ms
2024-10-21T23:45:43.642+07:00  INFO 18396 --- [AsyncResolver-bootstrap-executor-0] [account-service,,]c.n.d.s.r.aws.ConfigClusterResolver      : Resolving eureka endpoints via configuration
2024-10-21T23:46:01.283+07:00  INFO 24496 --- [Eureka-EvictionTimer] [discovery-service,,]c.n.e.registry.AbstractInstanceRegistry  : Running the evict task with compensationTime 0ms
2024-10-21T23:46:48.704+07:00  INFO 23316 --- [AsyncResolver-bootstrap-executor-0] [account-service,,]c.n.d.s.r.aws.ConfigClusterResolver      : Resolving eureka endpoints via configuration
2024-10-21T23:47:01.298+07:00  INFO 24496 --- [Eureka-EvictionTimer] [discovery-service,,]c.n.e.registry.AbstractInstanceRegistry  : Running the evict task with compensationTime 14ms
2024-10-21T23:48:01.306+07:00  INFO 24496 --- [Eureka-EvictionTimer] [discovery-service,,]c.n.e.registry.AbstractInstanceRegistry  : Running the evict task with compensationTime 7ms
2024-10-21T23:49:01.313+07:00  INFO 24496 --- [Eureka-EvictionTimer] [discovery-service,,]c.n.e.registry.AbstractInstanceRegistry  : Running the evict task with compensationTime 7ms
2024-10-21T23:50:01.317+07:00  INFO 24496 --- [Eureka-EvictionTimer] [discovery-service,,]c.n.e.registry.AbstractInstanceRegistry  : Running the evict task with compensationTime 4ms
2024-10-21T23:50:43.653+07:00  INFO 18396 --- [AsyncResolver-bootstrap-executor-0] [account-service,,]c.n.d.s.r.aws.ConfigClusterResolver      : Resolving eureka endpoints via configuration
2024-10-21T23:51:01.332+07:00  INFO 24496 --- [Eureka-EvictionTimer] [discovery-service,,]c.n.e.registry.AbstractInstanceRegistry  : Running the evict task with compensationTime 14ms
2024-10-21T23:51:44.595+07:00  INFO 24496 --- [http-nio-9999-exec-5] [discovery-service,,]c.n.e.registry.AbstractInstanceRegistry  : Registered instance GATEWAY-SERVICE/DESKTOP-GDQ5MDP:gateway-service:8080 with status UP (replication=false)
2024-10-21T23:51:44.978+07:00  INFO 24496 --- [http-nio-9999-exec-8] [discovery-service,,]c.n.e.registry.AbstractInstanceRegistry  : Registered instance GATEWAY-SERVICE/DESKTOP-GDQ5MDP:gateway-service:8080 with status UP (replication=true)
2024-10-21T23:51:48.708+07:00  INFO 23316 --- [AsyncResolver-bootstrap-executor-0] [account-service,,]c.n.d.s.r.aws.ConfigClusterResolver      : Resolving eureka endpoints via configuration
2024-10-21T23:52:01.332+07:00  INFO 24496 --- [Eureka-EvictionTimer] [discovery-service,,]c.n.e.registry.AbstractInstanceRegistry  : Running the evict task with compensationTime 0ms
2024-10-21T23:52:08.834+07:00  INFO 24496 --- [http-nio-9999-exec-6] [discovery-service,,]c.n.e.registry.AbstractInstanceRegistry  : Registered instance GATEWAY-SERVICE/DESKTOP-GDQ5MDP:gateway-service:8080 with status DOWN (replication=false)
2024-10-21T23:52:09.343+07:00  INFO 24496 --- [http-nio-9999-exec-3] [discovery-service,,]c.n.e.registry.AbstractInstanceRegistry  : Registered instance GATEWAY-SERVICE/DESKTOP-GDQ5MDP:gateway-service:8080 with status DOWN (replication=true)
2024-10-21T23:52:09.771+07:00  INFO 10292 --- [restartedMain] [gateway-service,,]j.i.g.GatewayserviceApplication          : Starting GatewayserviceApplication using Java 21.0.4 with PID 10292 (C:\Users\Admin\Downloads\section2\gatewayservice\target\classes started by Admin in C:\Users\Admin\OneDrive\Desktop\SpringCloud0)
2024-10-21T23:52:09.773+07:00  INFO 10292 --- [restartedMain] [gateway-service,,]j.i.g.GatewayserviceApplication          : No active profile set, falling back to 1 default profile: "default"
2024-10-21T23:52:09.803+07:00  INFO 10292 --- [restartedMain] [gateway-service,,]o.s.c.c.c.ConfigServerConfigDataLoader   : Fetching config from server at : http://localhost:8888
2024-10-21T23:52:09.803+07:00  INFO 10292 --- [restartedMain] [gateway-service,,]o.s.c.c.c.ConfigServerConfigDataLoader   : Located environment: name=gateway-service, profiles=[default], label=null, version=null, state=null
2024-10-21T23:52:09.804+07:00  INFO 10292 --- [restartedMain] [gateway-service,,].e.DevToolsPropertyDefaultsPostProcessor : Devtools property defaults active! Set 'spring.devtools.add-properties' to 'false' to disable
2024-10-21T23:52:09.804+07:00  INFO 10292 --- [restartedMain] [gateway-service,,].e.DevToolsPropertyDefaultsPostProcessor : For additional web related logging consider setting the 'logging.level.web' property to 'DEBUG'
2024-10-21T23:52:10.627+07:00  INFO 10292 --- [restartedMain] [gateway-service,,]o.s.cloud.context.scope.GenericScope     : BeanFactory id=b5ecd866-e56e-3d63-b9b2-f77cae3f25be
2024-10-21T23:52:10.666+07:00  WARN 10292 --- [restartedMain] [gateway-service,,]trationDelegate$BeanPostProcessorChecker : Bean 'org.springframework.cloud.client.loadbalancer.LoadBalancerAutoConfiguration$DeferringLoadBalancerInterceptorConfig' of type [org.springframework.cloud.client.loadbalancer.LoadBalancerAutoConfiguration$DeferringLoadBalancerInterceptorConfig] is not eligible for getting processed by all BeanPostProcessors (for example: not eligible for auto-proxying). The currently created BeanPostProcessor [lbRestClientPostProcessor] is declared through a non-static factory method on that class; consider declaring it as static instead.
2024-10-21T23:52:10.667+07:00  WARN 10292 --- [restartedMain] [gateway-service,,]trationDelegate$BeanPostProcessorChecker : Bean 'deferringLoadBalancerInterceptor' of type [org.springframework.cloud.client.loadbalancer.DeferringLoadBalancerInterceptor] is not eligible for getting processed by all BeanPostProcessors (for example: not eligible for auto-proxying). Is this bean getting eagerly injected into a currently created BeanPostProcessor [lbRestClientPostProcessor]? Check the corresponding BeanPostProcessor declaration and its dependencies.
2024-10-21T23:52:10.668+07:00  WARN 10292 --- [restartedMain] [gateway-service,,]trationDelegate$BeanPostProcessorChecker : Bean 'org.springframework.cloud.client.loadbalancer.reactive.LoadBalancerBeanPostProcessorAutoConfiguration' of type [org.springframework.cloud.client.loadbalancer.reactive.LoadBalancerBeanPostProcessorAutoConfiguration] is not eligible for getting processed by all BeanPostProcessors (for example: not eligible for auto-proxying). The currently created BeanPostProcessor [loadBalancerWebClientBuilderBeanPostProcessor] is declared through a non-static factory method on that class; consider declaring it as static instead.
2024-10-21T23:52:10.669+07:00  WARN 10292 --- [restartedMain] [gateway-service,,]trationDelegate$BeanPostProcessorChecker : Bean 'org.springframework.cloud.client.loadbalancer.reactive.LoadBalancerBeanPostProcessorAutoConfiguration$ReactorDeferringLoadBalancerFilterConfig' of type [org.springframework.cloud.client.loadbalancer.reactive.LoadBalancerBeanPostProcessorAutoConfiguration$ReactorDeferringLoadBalancerFilterConfig] is not eligible for getting processed by all BeanPostProcessors (for example: not eligible for auto-proxying). Is this bean getting eagerly injected into a currently created BeanPostProcessor [loadBalancerWebClientBuilderBeanPostProcessor]? Check the corresponding BeanPostProcessor declaration and its dependencies.
2024-10-21T23:52:10.669+07:00  WARN 10292 --- [restartedMain] [gateway-service,,]trationDelegate$BeanPostProcessorChecker : Bean 'reactorDeferringLoadBalancerExchangeFilterFunction' of type [org.springframework.cloud.client.loadbalancer.reactive.DeferringLoadBalancerExchangeFilterFunction] is not eligible for getting processed by all BeanPostProcessors (for example: not eligible for auto-proxying). Is this bean getting eagerly injected into a currently created BeanPostProcessor [loadBalancerWebClientBuilderBeanPostProcessor]? Check the corresponding BeanPostProcessor declaration and its dependencies.
2024-10-21T23:52:11.216+07:00  INFO 10292 --- [restartedMain] [gateway-service,,]o.s.c.g.r.RouteDefinitionRouteLocator    : Loaded RoutePredicateFactory [After]
2024-10-21T23:52:11.216+07:00  INFO 10292 --- [restartedMain] [gateway-service,,]o.s.c.g.r.RouteDefinitionRouteLocator    : Loaded RoutePredicateFactory [Before]
2024-10-21T23:52:11.216+07:00  INFO 10292 --- [restartedMain] [gateway-service,,]o.s.c.g.r.RouteDefinitionRouteLocator    : Loaded RoutePredicateFactory [Between]
2024-10-21T23:52:11.216+07:00  INFO 10292 --- [restartedMain] [gateway-service,,]o.s.c.g.r.RouteDefinitionRouteLocator    : Loaded RoutePredicateFactory [Cookie]
2024-10-21T23:52:11.216+07:00  INFO 10292 --- [restartedMain] [gateway-service,,]o.s.c.g.r.RouteDefinitionRouteLocator    : Loaded RoutePredicateFactory [Header]
2024-10-21T23:52:11.216+07:00  INFO 10292 --- [restartedMain] [gateway-service,,]o.s.c.g.r.RouteDefinitionRouteLocator    : Loaded RoutePredicateFactory [Host]
2024-10-21T23:52:11.216+07:00  INFO 10292 --- [restartedMain] [gateway-service,,]o.s.c.g.r.RouteDefinitionRouteLocator    : Loaded RoutePredicateFactory [Method]
2024-10-21T23:52:11.216+07:00  INFO 10292 --- [restartedMain] [gateway-service,,]o.s.c.g.r.RouteDefinitionRouteLocator    : Loaded RoutePredicateFactory [Path]
2024-10-21T23:52:11.216+07:00  INFO 10292 --- [restartedMain] [gateway-service,,]o.s.c.g.r.RouteDefinitionRouteLocator    : Loaded RoutePredicateFactory [Query]
2024-10-21T23:52:11.216+07:00  INFO 10292 --- [restartedMain] [gateway-service,,]o.s.c.g.r.RouteDefinitionRouteLocator    : Loaded RoutePredicateFactory [ReadBody]
2024-10-21T23:52:11.216+07:00  INFO 10292 --- [restartedMain] [gateway-service,,]o.s.c.g.r.RouteDefinitionRouteLocator    : Loaded RoutePredicateFactory [RemoteAddr]
2024-10-21T23:52:11.216+07:00  INFO 10292 --- [restartedMain] [gateway-service,,]o.s.c.g.r.RouteDefinitionRouteLocator    : Loaded RoutePredicateFactory [XForwardedRemoteAddr]
2024-10-21T23:52:11.216+07:00  INFO 10292 --- [restartedMain] [gateway-service,,]o.s.c.g.r.RouteDefinitionRouteLocator    : Loaded RoutePredicateFactory [Weight]
2024-10-21T23:52:11.216+07:00  INFO 10292 --- [restartedMain] [gateway-service,,]o.s.c.g.r.RouteDefinitionRouteLocator    : Loaded RoutePredicateFactory [CloudFoundryRouteService]
2024-10-21T23:52:11.494+07:00  INFO 10292 --- [restartedMain] [gateway-service,,]o.s.b.a.e.web.EndpointLinksResolver      : Exposing 30 endpoints beneath base path '/actuator'
2024-10-21T23:52:11.813+07:00  WARN 10292 --- [restartedMain] [gateway-service,,]o.s.b.d.a.OptionalLiveReloadServer       : Unable to start LiveReload server
2024-10-21T23:52:11.828+07:00  INFO 10292 --- [restartedMain] [gateway-service,,]DiscoveryClientOptionalArgsConfiguration : Eureka HTTP Client uses RestTemplate.
2024-10-21T23:52:11.847+07:00  WARN 10292 --- [restartedMain] [gateway-service,,]iguration$LoadBalancerCaffeineWarnLogger : Spring Cloud LoadBalancer is currently working with the default cache. While this cache implementation is useful for development and tests, it's recommended to use Caffeine cache in production.You can switch to using Caffeine cache, by adding it and org.springframework.cache.caffeine.CaffeineCacheManager to the classpath.
2024-10-21T23:52:11.902+07:00  INFO 10292 --- [restartedMain] [gateway-service,,]o.s.c.n.eureka.InstanceInfoFactory       : Setting initial instance status as: STARTING
2024-10-21T23:52:11.924+07:00  INFO 10292 --- [restartedMain] [gateway-service,,]com.netflix.discovery.DiscoveryClient    : Initializing Eureka in region us-east-1
2024-10-21T23:52:11.928+07:00  INFO 10292 --- [restartedMain] [gateway-service,,]c.n.d.s.r.aws.ConfigClusterResolver      : Resolving eureka endpoints via configuration
2024-10-21T23:52:11.942+07:00  INFO 10292 --- [restartedMain] [gateway-service,,]com.netflix.discovery.DiscoveryClient    : Disable delta property : false
2024-10-21T23:52:11.942+07:00  INFO 10292 --- [restartedMain] [gateway-service,,]com.netflix.discovery.DiscoveryClient    : Single vip registry refresh property : null
2024-10-21T23:52:11.942+07:00  INFO 10292 --- [restartedMain] [gateway-service,,]com.netflix.discovery.DiscoveryClient    : Force full registry fetch : false
2024-10-21T23:52:11.942+07:00  INFO 10292 --- [restartedMain] [gateway-service,,]com.netflix.discovery.DiscoveryClient    : Application is null : false
2024-10-21T23:52:11.943+07:00  INFO 10292 --- [restartedMain] [gateway-service,,]com.netflix.discovery.DiscoveryClient    : Registered Applications size is zero : true
2024-10-21T23:52:11.943+07:00  INFO 10292 --- [restartedMain] [gateway-service,,]com.netflix.discovery.DiscoveryClient    : Application version is -1: true
2024-10-21T23:52:11.943+07:00  INFO 10292 --- [restartedMain] [gateway-service,,]com.netflix.discovery.DiscoveryClient    : Getting all instance registry info from the eureka server
2024-10-21T23:52:12.146+07:00  INFO 10292 --- [restartedMain] [gateway-service,,]com.netflix.discovery.DiscoveryClient    : The response status is 200
2024-10-21T23:52:12.148+07:00  INFO 10292 --- [restartedMain] [gateway-service,,]com.netflix.discovery.DiscoveryClient    : Starting heartbeat executor: renew interval is: 30
2024-10-21T23:52:12.150+07:00  INFO 10292 --- [restartedMain] [gateway-service,,]c.n.discovery.InstanceInfoReplicator     : InstanceInfoReplicator onDemand update allowed rate per min is 4
2024-10-21T23:52:12.154+07:00  INFO 10292 --- [restartedMain] [gateway-service,,]com.netflix.discovery.DiscoveryClient    : Discovery Client initialized at timestamp 1729529532154 with initial instances count: 3
2024-10-21T23:52:12.155+07:00  INFO 10292 --- [restartedMain] [gateway-service,,]o.s.c.n.e.s.EurekaServiceRegistry        : Registering application GATEWAY-SERVICE with eureka with status UP
2024-10-21T23:52:12.155+07:00  INFO 10292 --- [restartedMain] [gateway-service,,]com.netflix.discovery.DiscoveryClient    : Saw local status change event StatusChangeEvent [timestamp=1729529532155, current=UP, previous=STARTING]
2024-10-21T23:52:12.156+07:00  INFO 10292 --- [DiscoveryClient-InstanceInfoReplicator-0] [gateway-service,,]com.netflix.discovery.DiscoveryClient    : DiscoveryClient_GATEWAY-SERVICE/DESKTOP-GDQ5MDP:gateway-service:8080: registering service...
2024-10-21T23:52:12.181+07:00  INFO 24496 --- [http-nio-9999-exec-4] [discovery-service,,]c.n.e.registry.AbstractInstanceRegistry  : Registered instance GATEWAY-SERVICE/DESKTOP-GDQ5MDP:gateway-service:8080 with status UP (replication=false)
2024-10-21T23:52:12.182+07:00  INFO 10292 --- [DiscoveryClient-InstanceInfoReplicator-0] [gateway-service,,]com.netflix.discovery.DiscoveryClient    : DiscoveryClient_GATEWAY-SERVICE/DESKTOP-GDQ5MDP:gateway-service:8080 - registration status: 204
2024-10-21T23:52:12.256+07:00  INFO 10292 --- [restartedMain] [gateway-service,,]o.s.b.web.embedded.netty.NettyWebServer  : Netty started on port 8080 (http)
2024-10-21T23:52:12.257+07:00  INFO 10292 --- [restartedMain] [gateway-service,,].s.c.n.e.s.EurekaAutoServiceRegistration : Updating port to 8080
2024-10-21T23:52:12.272+07:00  INFO 10292 --- [restartedMain] [gateway-service,,]j.i.g.GatewayserviceApplication          : Started GatewayserviceApplication in 2.944 seconds (process running for 3.36)
2024-10-21T23:52:12.688+07:00  INFO 24496 --- [http-nio-9999-exec-1] [discovery-service,,]c.n.e.registry.AbstractInstanceRegistry  : Registered instance GATEWAY-SERVICE/DESKTOP-GDQ5MDP:gateway-service:8080 with status UP (replication=true)
2024-10-21T23:52:12.869+07:00  INFO 24496 --- [http-nio-9999-exec-5] [discovery-service,,]c.n.e.registry.AbstractInstanceRegistry  : Cancelled instance GATEWAY-SERVICE/DESKTOP-GDQ5MDP:gateway-service:8080 (replication=false)
2024-10-21T23:52:13.373+07:00  WARN 24496 --- [http-nio-9999-exec-9] [discovery-service,,]c.n.e.registry.AbstractInstanceRegistry  : DS: Registry: cancel failed because Lease is not registered for: GATEWAY-SERVICE/DESKTOP-GDQ5MDP:gateway-service:8080
2024-10-21T23:52:13.373+07:00  INFO 24496 --- [http-nio-9999-exec-9] [discovery-service,,]c.n.eureka.resources.InstanceResource    : Not Found (Cancel): GATEWAY-SERVICE - DESKTOP-GDQ5MDP:gateway-service:8080
2024-10-21T23:52:13.374+07:00  WARN 24496 --- [TaskBatchingWorker-target_localhost-5] [discovery-service,,]c.n.eureka.cluster.ReplicationTask       : The replication of task GATEWAY-SERVICE/DESKTOP-GDQ5MDP:gateway-service:8080:Cancel@localhost failed with response code 404
2024-10-21T23:52:13.374+07:00  WARN 24496 --- [TaskBatchingWorker-target_localhost-5] [discovery-service,,]c.netflix.eureka.cluster.PeerEurekaNode  : GATEWAY-SERVICE/DESKTOP-GDQ5MDP:gateway-service:8080:Cancel@localhost: missing entry.
2024-10-21T23:52:13.465+07:00  INFO 24496 --- [http-nio-9999-exec-6] [discovery-service,,]c.n.e.registry.AbstractInstanceRegistry  : Registered instance GATEWAY-SERVICE/DESKTOP-GDQ5MDP:gateway-service:8080 with status UP (replication=false)
2024-10-21T23:52:13.482+07:00  INFO 24496 --- [http-nio-9999-exec-3] [discovery-service,,]c.n.e.registry.AbstractInstanceRegistry  : Registered instance GATEWAY-SERVICE/DESKTOP-GDQ5MDP:gateway-service:8080 with status DOWN (replication=false)
2024-10-21T23:52:13.992+07:00  INFO 24496 --- [http-nio-9999-exec-2] [discovery-service,,]c.n.e.registry.AbstractInstanceRegistry  : Registered instance GATEWAY-SERVICE/DESKTOP-GDQ5MDP:gateway-service:8080 with status DOWN (replication=true)
2024-10-21T23:52:17.515+07:00  INFO 24496 --- [http-nio-9999-exec-7] [discovery-service,,]c.n.e.registry.AbstractInstanceRegistry  : Cancelled instance GATEWAY-SERVICE/DESKTOP-GDQ5MDP:gateway-service:8080 (replication=false)
2024-10-21T23:52:18.020+07:00  WARN 24496 --- [http-nio-9999-exec-8] [discovery-service,,]c.n.e.registry.AbstractInstanceRegistry  : DS: Registry: cancel failed because Lease is not registered for: GATEWAY-SERVICE/DESKTOP-GDQ5MDP:gateway-service:8080
2024-10-21T23:52:18.020+07:00  INFO 24496 --- [http-nio-9999-exec-8] [discovery-service,,]c.n.eureka.resources.InstanceResource    : Not Found (Cancel): GATEWAY-SERVICE - DESKTOP-GDQ5MDP:gateway-service:8080
2024-10-21T23:52:18.021+07:00  WARN 24496 --- [TaskBatchingWorker-target_localhost-5] [discovery-service,,]c.n.eureka.cluster.ReplicationTask       : The replication of task GATEWAY-SERVICE/DESKTOP-GDQ5MDP:gateway-service:8080:Cancel@localhost failed with response code 404
2024-10-21T23:52:18.021+07:00  WARN 24496 --- [TaskBatchingWorker-target_localhost-5] [discovery-service,,]c.netflix.eureka.cluster.PeerEurekaNode  : GATEWAY-SERVICE/DESKTOP-GDQ5MDP:gateway-service:8080:Cancel@localhost: missing entry.
2024-10-21T23:52:19.477+07:00  INFO 24496 --- [http-nio-9999-exec-4] [discovery-service,,]c.n.e.registry.AbstractInstanceRegistry  : Registered instance GATEWAY-SERVICE/DESKTOP-GDQ5MDP:gateway-service:8080 with status UP (replication=false)
2024-10-21T23:52:19.496+07:00  INFO 24496 --- [http-nio-9999-exec-1] [discovery-service,,]c.n.e.registry.AbstractInstanceRegistry  : Registered instance GATEWAY-SERVICE/DESKTOP-GDQ5MDP:gateway-service:8080 with status DOWN (replication=false)
2024-10-21T23:52:19.962+07:00  INFO 24496 --- [http-nio-9999-exec-5] [discovery-service,,]c.n.e.registry.AbstractInstanceRegistry  : Registered instance GATEWAY-SERVICE/DESKTOP-GDQ5MDP:gateway-service:8080 with status DOWN (replication=true)
2024-10-21T23:52:23.517+07:00  INFO 24496 --- [http-nio-9999-exec-7] [discovery-service,,]c.n.e.registry.AbstractInstanceRegistry  : Cancelled instance GATEWAY-SERVICE/DESKTOP-GDQ5MDP:gateway-service:8080 (replication=false)
2024-10-21T23:52:24.024+07:00  WARN 24496 --- [http-nio-9999-exec-8] [discovery-service,,]c.n.e.registry.AbstractInstanceRegistry  : DS: Registry: cancel failed because Lease is not registered for: GATEWAY-SERVICE/DESKTOP-GDQ5MDP:gateway-service:8080
2024-10-21T23:52:24.024+07:00  INFO 24496 --- [http-nio-9999-exec-8] [discovery-service,,]c.n.eureka.resources.InstanceResource    : Not Found (Cancel): GATEWAY-SERVICE - DESKTOP-GDQ5MDP:gateway-service:8080
2024-10-21T23:52:24.025+07:00  WARN 24496 --- [TaskBatchingWorker-target_localhost-5] [discovery-service,,]c.n.eureka.cluster.ReplicationTask       : The replication of task GATEWAY-SERVICE/DESKTOP-GDQ5MDP:gateway-service:8080:Cancel@localhost failed with response code 404
2024-10-21T23:52:24.025+07:00  WARN 24496 --- [TaskBatchingWorker-target_localhost-5] [discovery-service,,]c.netflix.eureka.cluster.PeerEurekaNode  : GATEWAY-SERVICE/DESKTOP-GDQ5MDP:gateway-service:8080:Cancel@localhost: missing entry.
2024-10-21T23:52:42.169+07:00  WARN 24496 --- [http-nio-9999-exec-10] [discovery-service,,]c.n.e.registry.AbstractInstanceRegistry  : DS: Registry: lease doesn't exist, registering resource: GATEWAY-SERVICE - DESKTOP-GDQ5MDP:gateway-service:8080
2024-10-21T23:52:42.169+07:00  WARN 24496 --- [http-nio-9999-exec-10] [discovery-service,,]c.n.eureka.resources.InstanceResource    : Not Found (Renew): GATEWAY-SERVICE - DESKTOP-GDQ5MDP:gateway-service:8080
2024-10-21T23:52:42.172+07:00  INFO 10292 --- [DiscoveryClient-HeartbeatExecutor-0] [gateway-service,,]com.netflix.discovery.DiscoveryClient    : DiscoveryClient_GATEWAY-SERVICE/DESKTOP-GDQ5MDP:gateway-service:8080 - Re-registering apps/GATEWAY-SERVICE
2024-10-21T23:52:42.172+07:00  INFO 10292 --- [DiscoveryClient-HeartbeatExecutor-0] [gateway-service,,]com.netflix.discovery.DiscoveryClient    : DiscoveryClient_GATEWAY-SERVICE/DESKTOP-GDQ5MDP:gateway-service:8080: registering service...
2024-10-21T23:52:42.174+07:00  INFO 24496 --- [http-nio-9999-exec-6] [discovery-service,,]c.n.e.registry.AbstractInstanceRegistry  : Registered instance GATEWAY-SERVICE/DESKTOP-GDQ5MDP:gateway-service:8080 with status UP (replication=false)
2024-10-21T23:52:42.174+07:00  INFO 10292 --- [DiscoveryClient-HeartbeatExecutor-0] [gateway-service,,]com.netflix.discovery.DiscoveryClient    : DiscoveryClient_GATEWAY-SERVICE/DESKTOP-GDQ5MDP:gateway-service:8080 - registration status: 204
2024-10-21T23:52:42.683+07:00  INFO 24496 --- [http-nio-9999-exec-3] [discovery-service,,]c.n.e.registry.AbstractInstanceRegistry  : Registered instance GATEWAY-SERVICE/DESKTOP-GDQ5MDP:gateway-service:8080 with status UP (replication=true)
2024-10-21T23:53:01.332+07:00  INFO 24496 --- [Eureka-EvictionTimer] [discovery-service,,]c.n.e.registry.AbstractInstanceRegistry  : Running the evict task with compensationTime 0ms
2024-10-21T23:53:30.938+07:00  INFO 10292 --- [SpringApplicationShutdownHook] [gateway-service,,]o.s.c.n.e.s.EurekaServiceRegistry        : Unregistering application GATEWAY-SERVICE with eureka with status DOWN
2024-10-21T23:53:30.938+07:00  INFO 10292 --- [SpringApplicationShutdownHook] [gateway-service,,]com.netflix.discovery.DiscoveryClient    : Saw local status change event StatusChangeEvent [timestamp=1729529610938, current=DOWN, previous=UP]
2024-10-21T23:53:30.938+07:00  INFO 10292 --- [DiscoveryClient-InstanceInfoReplicator-0] [gateway-service,,]com.netflix.discovery.DiscoveryClient    : DiscoveryClient_GATEWAY-SERVICE/DESKTOP-GDQ5MDP:gateway-service:8080: registering service...
2024-10-21T23:53:30.953+07:00  INFO 24496 --- [http-nio-9999-exec-9] [discovery-service,,]c.n.e.registry.AbstractInstanceRegistry  : Registered instance GATEWAY-SERVICE/DESKTOP-GDQ5MDP:gateway-service:8080 with status DOWN (replication=false)
2024-10-21T23:53:30.954+07:00  INFO 10292 --- [DiscoveryClient-InstanceInfoReplicator-0] [gateway-service,,]com.netflix.discovery.DiscoveryClient    : DiscoveryClient_GATEWAY-SERVICE/DESKTOP-GDQ5MDP:gateway-service:8080 - registration status: 204
2024-10-21T23:53:31.478+07:00  INFO 24496 --- [http-nio-9999-exec-6] [discovery-service,,]c.n.e.registry.AbstractInstanceRegistry  : Registered instance GATEWAY-SERVICE/DESKTOP-GDQ5MDP:gateway-service:8080 with status DOWN (replication=true)
2024-10-21T23:53:31.962+07:00  INFO 10292 --- [SpringApplicationShutdownHook] [gateway-service,,]com.netflix.discovery.DiscoveryClient    : Shutting down DiscoveryClient ...
2024-10-21T23:53:34.976+07:00  INFO 10292 --- [SpringApplicationShutdownHook] [gateway-service,,]com.netflix.discovery.DiscoveryClient    : Unregistering ...
2024-10-21T23:53:34.992+07:00  INFO 24496 --- [http-nio-9999-exec-4] [discovery-service,,]c.n.e.registry.AbstractInstanceRegistry  : Cancelled instance GATEWAY-SERVICE/DESKTOP-GDQ5MDP:gateway-service:8080 (replication=false)
2024-10-21T23:53:34.993+07:00  INFO 10292 --- [SpringApplicationShutdownHook] [gateway-service,,]com.netflix.discovery.DiscoveryClient    : DiscoveryClient_GATEWAY-SERVICE/DESKTOP-GDQ5MDP:gateway-service:8080 - deregister  status: 200
2024-10-21T23:53:34.995+07:00  INFO 10292 --- [SpringApplicationShutdownHook] [gateway-service,,]com.netflix.discovery.DiscoveryClient    : Completed shut down of DiscoveryClient
2024-10-21T23:53:35.520+07:00  WARN 24496 --- [http-nio-9999-exec-1] [discovery-service,,]c.n.e.registry.AbstractInstanceRegistry  : DS: Registry: cancel failed because Lease is not registered for: GATEWAY-SERVICE/DESKTOP-GDQ5MDP:gateway-service:8080
2024-10-21T23:53:35.520+07:00  INFO 24496 --- [http-nio-9999-exec-1] [discovery-service,,]c.n.eureka.resources.InstanceResource    : Not Found (Cancel): GATEWAY-SERVICE - DESKTOP-GDQ5MDP:gateway-service:8080
2024-10-21T23:53:35.521+07:00  WARN 24496 --- [TaskBatchingWorker-target_localhost-2] [discovery-service,,]c.n.eureka.cluster.ReplicationTask       : The replication of task GATEWAY-SERVICE/DESKTOP-GDQ5MDP:gateway-service:8080:Cancel@localhost failed with response code 404
2024-10-21T23:53:35.521+07:00  WARN 24496 --- [TaskBatchingWorker-target_localhost-2] [discovery-service,,]c.netflix.eureka.cluster.PeerEurekaNode  : GATEWAY-SERVICE/DESKTOP-GDQ5MDP:gateway-service:8080:Cancel@localhost: missing entry.
2024-10-21T23:53:44.226+07:00  INFO 11352 --- [restartedMain] [gateway-service,,]j.i.g.GatewayserviceApplication          : Starting GatewayserviceApplication using Java 21.0.4 with PID 11352 (C:\Users\Admin\Downloads\section2\gatewayservice\target\classes started by Admin in C:\Users\Admin\OneDrive\Desktop\SpringCloud0)
2024-10-21T23:53:44.227+07:00  INFO 11352 --- [restartedMain] [gateway-service,,]j.i.g.GatewayserviceApplication          : No active profile set, falling back to 1 default profile: "default"
2024-10-21T23:53:44.251+07:00  INFO 11352 --- [restartedMain] [gateway-service,,]o.s.c.c.c.ConfigServerConfigDataLoader   : Fetching config from server at : http://localhost:8888
2024-10-21T23:53:44.251+07:00  INFO 11352 --- [restartedMain] [gateway-service,,]o.s.c.c.c.ConfigServerConfigDataLoader   : Located environment: name=gateway-service, profiles=[default], label=null, version=null, state=null
2024-10-21T23:53:44.252+07:00  INFO 11352 --- [restartedMain] [gateway-service,,].e.DevToolsPropertyDefaultsPostProcessor : Devtools property defaults active! Set 'spring.devtools.add-properties' to 'false' to disable
2024-10-21T23:53:44.252+07:00  INFO 11352 --- [restartedMain] [gateway-service,,].e.DevToolsPropertyDefaultsPostProcessor : For additional web related logging consider setting the 'logging.level.web' property to 'DEBUG'
2024-10-21T23:53:45.069+07:00  INFO 11352 --- [restartedMain] [gateway-service,,]o.s.cloud.context.scope.GenericScope     : BeanFactory id=b5ecd866-e56e-3d63-b9b2-f77cae3f25be
2024-10-21T23:53:45.110+07:00  WARN 11352 --- [restartedMain] [gateway-service,,]trationDelegate$BeanPostProcessorChecker : Bean 'org.springframework.cloud.client.loadbalancer.LoadBalancerAutoConfiguration$DeferringLoadBalancerInterceptorConfig' of type [org.springframework.cloud.client.loadbalancer.LoadBalancerAutoConfiguration$DeferringLoadBalancerInterceptorConfig] is not eligible for getting processed by all BeanPostProcessors (for example: not eligible for auto-proxying). The currently created BeanPostProcessor [lbRestClientPostProcessor] is declared through a non-static factory method on that class; consider declaring it as static instead.
2024-10-21T23:53:45.111+07:00  WARN 11352 --- [restartedMain] [gateway-service,,]trationDelegate$BeanPostProcessorChecker : Bean 'deferringLoadBalancerInterceptor' of type [org.springframework.cloud.client.loadbalancer.DeferringLoadBalancerInterceptor] is not eligible for getting processed by all BeanPostProcessors (for example: not eligible for auto-proxying). Is this bean getting eagerly injected into a currently created BeanPostProcessor [lbRestClientPostProcessor]? Check the corresponding BeanPostProcessor declaration and its dependencies.
2024-10-21T23:53:45.112+07:00  WARN 11352 --- [restartedMain] [gateway-service,,]trationDelegate$BeanPostProcessorChecker : Bean 'org.springframework.cloud.client.loadbalancer.reactive.LoadBalancerBeanPostProcessorAutoConfiguration' of type [org.springframework.cloud.client.loadbalancer.reactive.LoadBalancerBeanPostProcessorAutoConfiguration] is not eligible for getting processed by all BeanPostProcessors (for example: not eligible for auto-proxying). The currently created BeanPostProcessor [loadBalancerWebClientBuilderBeanPostProcessor] is declared through a non-static factory method on that class; consider declaring it as static instead.
2024-10-21T23:53:45.113+07:00  WARN 11352 --- [restartedMain] [gateway-service,,]trationDelegate$BeanPostProcessorChecker : Bean 'org.springframework.cloud.client.loadbalancer.reactive.LoadBalancerBeanPostProcessorAutoConfiguration$ReactorDeferringLoadBalancerFilterConfig' of type [org.springframework.cloud.client.loadbalancer.reactive.LoadBalancerBeanPostProcessorAutoConfiguration$ReactorDeferringLoadBalancerFilterConfig] is not eligible for getting processed by all BeanPostProcessors (for example: not eligible for auto-proxying). Is this bean getting eagerly injected into a currently created BeanPostProcessor [loadBalancerWebClientBuilderBeanPostProcessor]? Check the corresponding BeanPostProcessor declaration and its dependencies.
2024-10-21T23:53:45.113+07:00  WARN 11352 --- [restartedMain] [gateway-service,,]trationDelegate$BeanPostProcessorChecker : Bean 'reactorDeferringLoadBalancerExchangeFilterFunction' of type [org.springframework.cloud.client.loadbalancer.reactive.DeferringLoadBalancerExchangeFilterFunction] is not eligible for getting processed by all BeanPostProcessors (for example: not eligible for auto-proxying). Is this bean getting eagerly injected into a currently created BeanPostProcessor [loadBalancerWebClientBuilderBeanPostProcessor]? Check the corresponding BeanPostProcessor declaration and its dependencies.
2024-10-21T23:53:45.648+07:00  INFO 11352 --- [restartedMain] [gateway-service,,]o.s.c.g.r.RouteDefinitionRouteLocator    : Loaded RoutePredicateFactory [After]
2024-10-21T23:53:45.648+07:00  INFO 11352 --- [restartedMain] [gateway-service,,]o.s.c.g.r.RouteDefinitionRouteLocator    : Loaded RoutePredicateFactory [Before]
2024-10-21T23:53:45.649+07:00  INFO 11352 --- [restartedMain] [gateway-service,,]o.s.c.g.r.RouteDefinitionRouteLocator    : Loaded RoutePredicateFactory [Between]
2024-10-21T23:53:45.649+07:00  INFO 11352 --- [restartedMain] [gateway-service,,]o.s.c.g.r.RouteDefinitionRouteLocator    : Loaded RoutePredicateFactory [Cookie]
2024-10-21T23:53:45.649+07:00  INFO 11352 --- [restartedMain] [gateway-service,,]o.s.c.g.r.RouteDefinitionRouteLocator    : Loaded RoutePredicateFactory [Header]
2024-10-21T23:53:45.649+07:00  INFO 11352 --- [restartedMain] [gateway-service,,]o.s.c.g.r.RouteDefinitionRouteLocator    : Loaded RoutePredicateFactory [Host]
2024-10-21T23:53:45.649+07:00  INFO 11352 --- [restartedMain] [gateway-service,,]o.s.c.g.r.RouteDefinitionRouteLocator    : Loaded RoutePredicateFactory [Method]
2024-10-21T23:53:45.649+07:00  INFO 11352 --- [restartedMain] [gateway-service,,]o.s.c.g.r.RouteDefinitionRouteLocator    : Loaded RoutePredicateFactory [Path]
2024-10-21T23:53:45.649+07:00  INFO 11352 --- [restartedMain] [gateway-service,,]o.s.c.g.r.RouteDefinitionRouteLocator    : Loaded RoutePredicateFactory [Query]
2024-10-21T23:53:45.649+07:00  INFO 11352 --- [restartedMain] [gateway-service,,]o.s.c.g.r.RouteDefinitionRouteLocator    : Loaded RoutePredicateFactory [ReadBody]
2024-10-21T23:53:45.649+07:00  INFO 11352 --- [restartedMain] [gateway-service,,]o.s.c.g.r.RouteDefinitionRouteLocator    : Loaded RoutePredicateFactory [RemoteAddr]
2024-10-21T23:53:45.649+07:00  INFO 11352 --- [restartedMain] [gateway-service,,]o.s.c.g.r.RouteDefinitionRouteLocator    : Loaded RoutePredicateFactory [XForwardedRemoteAddr]
2024-10-21T23:53:45.649+07:00  INFO 11352 --- [restartedMain] [gateway-service,,]o.s.c.g.r.RouteDefinitionRouteLocator    : Loaded RoutePredicateFactory [Weight]
2024-10-21T23:53:45.649+07:00  INFO 11352 --- [restartedMain] [gateway-service,,]o.s.c.g.r.RouteDefinitionRouteLocator    : Loaded RoutePredicateFactory [CloudFoundryRouteService]
2024-10-21T23:53:45.848+07:00  INFO 11352 --- [restartedMain] [gateway-service,,]o.s.b.a.e.web.EndpointLinksResolver      : Exposing 30 endpoints beneath base path '/actuator'
2024-10-21T23:53:46.073+07:00  WARN 11352 --- [restartedMain] [gateway-service,,]o.s.b.d.a.OptionalLiveReloadServer       : Unable to start LiveReload server
2024-10-21T23:53:46.083+07:00  INFO 11352 --- [restartedMain] [gateway-service,,]DiscoveryClientOptionalArgsConfiguration : Eureka HTTP Client uses RestTemplate.
2024-10-21T23:53:46.096+07:00  WARN 11352 --- [restartedMain] [gateway-service,,]iguration$LoadBalancerCaffeineWarnLogger : Spring Cloud LoadBalancer is currently working with the default cache. While this cache implementation is useful for development and tests, it's recommended to use Caffeine cache in production.You can switch to using Caffeine cache, by adding it and org.springframework.cache.caffeine.CaffeineCacheManager to the classpath.
2024-10-21T23:53:46.139+07:00  INFO 11352 --- [restartedMain] [gateway-service,,]o.s.c.n.eureka.InstanceInfoFactory       : Setting initial instance status as: STARTING
2024-10-21T23:53:46.162+07:00  INFO 11352 --- [restartedMain] [gateway-service,,]com.netflix.discovery.DiscoveryClient    : Initializing Eureka in region us-east-1
2024-10-21T23:53:46.165+07:00  INFO 11352 --- [restartedMain] [gateway-service,,]c.n.d.s.r.aws.ConfigClusterResolver      : Resolving eureka endpoints via configuration
2024-10-21T23:53:46.176+07:00  INFO 11352 --- [restartedMain] [gateway-service,,]com.netflix.discovery.DiscoveryClient    : Disable delta property : false
2024-10-21T23:53:46.176+07:00  INFO 11352 --- [restartedMain] [gateway-service,,]com.netflix.discovery.DiscoveryClient    : Single vip registry refresh property : null
2024-10-21T23:53:46.176+07:00  INFO 11352 --- [restartedMain] [gateway-service,,]com.netflix.discovery.DiscoveryClient    : Force full registry fetch : false
2024-10-21T23:53:46.176+07:00  INFO 11352 --- [restartedMain] [gateway-service,,]com.netflix.discovery.DiscoveryClient    : Application is null : false
2024-10-21T23:53:46.176+07:00  INFO 11352 --- [restartedMain] [gateway-service,,]com.netflix.discovery.DiscoveryClient    : Registered Applications size is zero : true
2024-10-21T23:53:46.177+07:00  INFO 11352 --- [restartedMain] [gateway-service,,]com.netflix.discovery.DiscoveryClient    : Application version is -1: true
2024-10-21T23:53:46.177+07:00  INFO 11352 --- [restartedMain] [gateway-service,,]com.netflix.discovery.DiscoveryClient    : Getting all instance registry info from the eureka server
2024-10-21T23:53:46.325+07:00  INFO 11352 --- [restartedMain] [gateway-service,,]com.netflix.discovery.DiscoveryClient    : The response status is 200
2024-10-21T23:53:46.326+07:00  INFO 11352 --- [restartedMain] [gateway-service,,]com.netflix.discovery.DiscoveryClient    : Starting heartbeat executor: renew interval is: 30
2024-10-21T23:53:46.327+07:00  INFO 11352 --- [restartedMain] [gateway-service,,]c.n.discovery.InstanceInfoReplicator     : InstanceInfoReplicator onDemand update allowed rate per min is 4
2024-10-21T23:53:46.329+07:00  INFO 11352 --- [restartedMain] [gateway-service,,]com.netflix.discovery.DiscoveryClient    : Discovery Client initialized at timestamp 1729529626329 with initial instances count: 3
2024-10-21T23:53:46.330+07:00  INFO 11352 --- [restartedMain] [gateway-service,,]o.s.c.n.e.s.EurekaServiceRegistry        : Registering application GATEWAY-SERVICE with eureka with status UP
2024-10-21T23:53:46.331+07:00  INFO 11352 --- [restartedMain] [gateway-service,,]com.netflix.discovery.DiscoveryClient    : Saw local status change event StatusChangeEvent [timestamp=1729529626331, current=UP, previous=STARTING]
2024-10-21T23:53:46.332+07:00  INFO 11352 --- [DiscoveryClient-InstanceInfoReplicator-0] [gateway-service,,]com.netflix.discovery.DiscoveryClient    : DiscoveryClient_GATEWAY-SERVICE/DESKTOP-GDQ5MDP:gateway-service:8080: registering service...
2024-10-21T23:53:46.354+07:00  INFO 24496 --- [http-nio-9999-exec-9] [discovery-service,,]c.n.e.registry.AbstractInstanceRegistry  : Registered instance GATEWAY-SERVICE/DESKTOP-GDQ5MDP:gateway-service:8080 with status UP (replication=false)
2024-10-21T23:53:46.355+07:00  INFO 11352 --- [DiscoveryClient-InstanceInfoReplicator-0] [gateway-service,,]com.netflix.discovery.DiscoveryClient    : DiscoveryClient_GATEWAY-SERVICE/DESKTOP-GDQ5MDP:gateway-service:8080 - registration status: 204
2024-10-21T23:53:46.416+07:00  INFO 11352 --- [restartedMain] [gateway-service,,]o.s.b.web.embedded.netty.NettyWebServer  : Netty started on port 8080 (http)
2024-10-21T23:53:46.417+07:00  INFO 11352 --- [restartedMain] [gateway-service,,].s.c.n.e.s.EurekaAutoServiceRegistration : Updating port to 8080
2024-10-21T23:53:46.430+07:00  INFO 11352 --- [restartedMain] [gateway-service,,]j.i.g.GatewayserviceApplication          : Started GatewayserviceApplication in 2.625 seconds (process running for 3.046)
2024-10-21T23:53:46.856+07:00  INFO 24496 --- [http-nio-9999-exec-6] [discovery-service,,]c.n.e.registry.AbstractInstanceRegistry  : Registered instance GATEWAY-SERVICE/DESKTOP-GDQ5MDP:gateway-service:8080 with status UP (replication=true)
2024-10-21T23:54:01.333+07:00  INFO 24496 --- [Eureka-EvictionTimer] [discovery-service,,]c.n.e.registry.AbstractInstanceRegistry  : Running the evict task with compensationTime 0ms
2024-10-21T23:54:37.643+07:00  INFO 11352 --- [SpringApplicationShutdownHook] [gateway-service,,]o.s.c.n.e.s.EurekaServiceRegistry        : Unregistering application GATEWAY-SERVICE with eureka with status DOWN
2024-10-21T23:54:37.643+07:00  INFO 11352 --- [SpringApplicationShutdownHook] [gateway-service,,]com.netflix.discovery.DiscoveryClient    : Saw local status change event StatusChangeEvent [timestamp=1729529677643, current=DOWN, previous=UP]
2024-10-21T23:54:37.643+07:00  INFO 11352 --- [DiscoveryClient-InstanceInfoReplicator-0] [gateway-service,,]com.netflix.discovery.DiscoveryClient    : DiscoveryClient_GATEWAY-SERVICE/DESKTOP-GDQ5MDP:gateway-service:8080: registering service...
2024-10-21T23:54:37.657+07:00  INFO 24496 --- [http-nio-9999-exec-3] [discovery-service,,]c.n.e.registry.AbstractInstanceRegistry  : Registered instance GATEWAY-SERVICE/DESKTOP-GDQ5MDP:gateway-service:8080 with status DOWN (replication=false)
2024-10-21T23:54:37.658+07:00  INFO 11352 --- [DiscoveryClient-InstanceInfoReplicator-0] [gateway-service,,]com.netflix.discovery.DiscoveryClient    : DiscoveryClient_GATEWAY-SERVICE/DESKTOP-GDQ5MDP:gateway-service:8080 - registration status: 204
2024-10-21T23:54:38.185+07:00  INFO 24496 --- [http-nio-9999-exec-5] [discovery-service,,]c.n.e.registry.AbstractInstanceRegistry  : Registered instance GATEWAY-SERVICE/DESKTOP-GDQ5MDP:gateway-service:8080 with status DOWN (replication=true)
2024-10-21T23:54:38.665+07:00  INFO 11352 --- [SpringApplicationShutdownHook] [gateway-service,,]com.netflix.discovery.DiscoveryClient    : Shutting down DiscoveryClient ...
2024-10-21T23:54:41.667+07:00  INFO 11352 --- [SpringApplicationShutdownHook] [gateway-service,,]com.netflix.discovery.DiscoveryClient    : Unregistering ...
2024-10-21T23:54:41.683+07:00  INFO 24496 --- [http-nio-9999-exec-7] [discovery-service,,]c.n.e.registry.AbstractInstanceRegistry  : Cancelled instance GATEWAY-SERVICE/DESKTOP-GDQ5MDP:gateway-service:8080 (replication=false)
2024-10-21T23:54:41.684+07:00  INFO 11352 --- [SpringApplicationShutdownHook] [gateway-service,,]com.netflix.discovery.DiscoveryClient    : DiscoveryClient_GATEWAY-SERVICE/DESKTOP-GDQ5MDP:gateway-service:8080 - deregister  status: 200
2024-10-21T23:54:41.686+07:00  INFO 11352 --- [SpringApplicationShutdownHook] [gateway-service,,]com.netflix.discovery.DiscoveryClient    : Completed shut down of DiscoveryClient
2024-10-21T23:54:42.210+07:00  WARN 24496 --- [http-nio-9999-exec-9] [discovery-service,,]c.n.e.registry.AbstractInstanceRegistry  : DS: Registry: cancel failed because Lease is not registered for: GATEWAY-SERVICE/DESKTOP-GDQ5MDP:gateway-service:8080
2024-10-21T23:54:42.210+07:00  INFO 24496 --- [http-nio-9999-exec-9] [discovery-service,,]c.n.eureka.resources.InstanceResource    : Not Found (Cancel): GATEWAY-SERVICE - DESKTOP-GDQ5MDP:gateway-service:8080
2024-10-21T23:54:42.211+07:00  WARN 24496 --- [TaskBatchingWorker-target_localhost-17] [discovery-service,,]c.n.eureka.cluster.ReplicationTask       : The replication of task GATEWAY-SERVICE/DESKTOP-GDQ5MDP:gateway-service:8080:Cancel@localhost failed with response code 404
2024-10-21T23:54:42.211+07:00  WARN 24496 --- [TaskBatchingWorker-target_localhost-17] [discovery-service,,]c.netflix.eureka.cluster.PeerEurekaNode  : GATEWAY-SERVICE/DESKTOP-GDQ5MDP:gateway-service:8080:Cancel@localhost: missing entry.
2024-10-21T23:55:01.347+07:00  INFO 24496 --- [Eureka-EvictionTimer] [discovery-service,,]c.n.e.registry.AbstractInstanceRegistry  : Running the evict task with compensationTime 14ms
2024-10-21T23:55:43.659+07:00  INFO 18396 --- [AsyncResolver-bootstrap-executor-0] [account-service,,]c.n.d.s.r.aws.ConfigClusterResolver      : Resolving eureka endpoints via configuration
2024-10-21T23:56:01.199+07:00  INFO 24496 --- [ReplicaAwareInstanceRegistry - RenewalThresholdUpdater] [discovery-service,,]c.n.e.r.PeerAwareInstanceRegistryImpl    : Current renewal threshold is : 5
2024-10-21T23:56:01.348+07:00  INFO 24496 --- [Eureka-EvictionTimer] [discovery-service,,]c.n.e.registry.AbstractInstanceRegistry  : Running the evict task with compensationTime 0ms
2024-10-21T23:56:48.720+07:00  INFO 23316 --- [AsyncResolver-bootstrap-executor-0] [account-service,,]c.n.d.s.r.aws.ConfigClusterResolver      : Resolving eureka endpoints via configuration
2024-10-21T23:57:01.362+07:00  INFO 24496 --- [Eureka-EvictionTimer] [discovery-service,,]c.n.e.registry.AbstractInstanceRegistry  : Running the evict task with compensationTime 13ms
2024-10-21T23:58:01.375+07:00  INFO 24496 --- [Eureka-EvictionTimer] [discovery-service,,]c.n.e.registry.AbstractInstanceRegistry  : Running the evict task with compensationTime 13ms
2024-10-21T23:59:01.378+07:00  INFO 24496 --- [Eureka-EvictionTimer] [discovery-service,,]c.n.e.registry.AbstractInstanceRegistry  : Running the evict task with compensationTime 3ms
2024-10-22T00:00:01.389+07:00  INFO 24496 --- [Eureka-EvictionTimer] [discovery-service,,]c.n.e.registry.AbstractInstanceRegistry  : Running the evict task with compensationTime 10ms
2024-10-22T00:00:43.665+07:00  INFO 18396 --- [AsyncResolver-bootstrap-executor-0] [account-service,,]c.n.d.s.r.aws.ConfigClusterResolver      : Resolving eureka endpoints via configuration
2024-10-22T00:01:01.389+07:00  INFO 24496 --- [Eureka-EvictionTimer] [discovery-service,,]c.n.e.registry.AbstractInstanceRegistry  : Running the evict task with compensationTime 0ms
2024-10-22T00:01:48.733+07:00  INFO 23316 --- [AsyncResolver-bootstrap-executor-0] [account-service,,]c.n.d.s.r.aws.ConfigClusterResolver      : Resolving eureka endpoints via configuration
2024-10-22T00:02:01.396+07:00  INFO 24496 --- [Eureka-EvictionTimer] [discovery-service,,]c.n.e.registry.AbstractInstanceRegistry  : Running the evict task with compensationTime 7ms
2024-10-22T00:03:01.401+07:00  INFO 24496 --- [Eureka-EvictionTimer] [discovery-service,,]c.n.e.registry.AbstractInstanceRegistry  : Running the evict task with compensationTime 4ms
2024-10-22T00:04:01.407+07:00  INFO 24496 --- [Eureka-EvictionTimer] [discovery-service,,]c.n.e.registry.AbstractInstanceRegistry  : Running the evict task with compensationTime 6ms
2024-10-22T00:04:18.491+07:00  INFO 2676 --- [restartedMain] [gateway-service,,]o.e.g.GatewayserviceApplication          : Starting GatewayserviceApplication using Java 21.0.4 with PID 2676 (C:\Users\Admin\OneDrive\Desktop\SpringCloud0\gatewayservice\target\classes started by Admin in C:\Users\Admin\OneDrive\Desktop\SpringCloud0)
2024-10-22T00:04:18.493+07:00  INFO 2676 --- [restartedMain] [gateway-service,,]o.e.g.GatewayserviceApplication          : No active profile set, falling back to 1 default profile: "default"
2024-10-22T00:04:18.515+07:00  INFO 2676 --- [restartedMain] [gateway-service,,]o.s.c.c.c.ConfigServerConfigDataLoader   : Fetching config from server at : http://localhost:8888
2024-10-22T00:04:18.515+07:00  INFO 2676 --- [restartedMain] [gateway-service,,]o.s.c.c.c.ConfigServerConfigDataLoader   : Located environment: name=gateway-service, profiles=[default], label=null, version=null, state=null
2024-10-22T00:04:18.516+07:00  INFO 2676 --- [restartedMain] [gateway-service,,].e.DevToolsPropertyDefaultsPostProcessor : Devtools property defaults active! Set 'spring.devtools.add-properties' to 'false' to disable
2024-10-22T00:04:18.517+07:00  INFO 2676 --- [restartedMain] [gateway-service,,].e.DevToolsPropertyDefaultsPostProcessor : For additional web related logging consider setting the 'logging.level.web' property to 'DEBUG'
2024-10-22T00:04:18.923+07:00  INFO 2676 --- [restartedMain] [gateway-service,,]o.s.cloud.context.scope.GenericScope     : BeanFactory id=5bd0a126-396c-3366-9805-7ea6decca7fb
2024-10-22T00:04:18.962+07:00  WARN 2676 --- [restartedMain] [gateway-service,,]trationDelegate$BeanPostProcessorChecker : Bean 'org.springframework.cloud.client.loadbalancer.LoadBalancerAutoConfiguration$DeferringLoadBalancerInterceptorConfig' of type [org.springframework.cloud.client.loadbalancer.LoadBalancerAutoConfiguration$DeferringLoadBalancerInterceptorConfig] is not eligible for getting processed by all BeanPostProcessors (for example: not eligible for auto-proxying). The currently created BeanPostProcessor [lbRestClientPostProcessor] is declared through a non-static factory method on that class; consider declaring it as static instead.
2024-10-22T00:04:18.964+07:00  WARN 2676 --- [restartedMain] [gateway-service,,]trationDelegate$BeanPostProcessorChecker : Bean 'deferringLoadBalancerInterceptor' of type [org.springframework.cloud.client.loadbalancer.DeferringLoadBalancerInterceptor] is not eligible for getting processed by all BeanPostProcessors (for example: not eligible for auto-proxying). Is this bean getting eagerly injected into a currently created BeanPostProcessor [lbRestClientPostProcessor]? Check the corresponding BeanPostProcessor declaration and its dependencies.
2024-10-22T00:04:19.144+07:00  INFO 2676 --- [restartedMain] [gateway-service,,]o.s.b.w.embedded.tomcat.TomcatWebServer  : Tomcat initialized with port 8080 (http)
2024-10-22T00:04:19.153+07:00  INFO 2676 --- [restartedMain] [gateway-service,,]o.apache.catalina.core.StandardService   : Starting service [Tomcat]
2024-10-22T00:04:19.153+07:00  INFO 2676 --- [restartedMain] [gateway-service,,]o.apache.catalina.core.StandardEngine    : Starting Servlet engine: [Apache Tomcat/10.1.30]
2024-10-22T00:04:19.179+07:00  INFO 2676 --- [restartedMain] [gateway-service,,]o.a.c.c.C.[Tomcat].[localhost].[/]       : Initializing Spring embedded WebApplicationContext
2024-10-22T00:04:19.180+07:00  INFO 2676 --- [restartedMain] [gateway-service,,]w.s.c.ServletWebServerApplicationContext : Root WebApplicationContext: initialization completed in 663 ms
2024-10-22T00:04:19.538+07:00  WARN 2676 --- [restartedMain] [gateway-service,,]o.s.b.d.a.OptionalLiveReloadServer       : Unable to start LiveReload server
2024-10-22T00:04:19.572+07:00  INFO 2676 --- [restartedMain] [gateway-service,,]DiscoveryClientOptionalArgsConfiguration : Eureka HTTP Client uses RestTemplate.
2024-10-22T00:04:19.635+07:00  WARN 2676 --- [restartedMain] [gateway-service,,]iguration$LoadBalancerCaffeineWarnLogger : Spring Cloud LoadBalancer is currently working with the default cache. While this cache implementation is useful for development and tests, it's recommended to use Caffeine cache in production.You can switch to using Caffeine cache, by adding it and org.springframework.cache.caffeine.CaffeineCacheManager to the classpath.
2024-10-22T00:04:19.659+07:00  INFO 2676 --- [restartedMain] [gateway-service,,]o.s.c.n.eureka.InstanceInfoFactory       : Setting initial instance status as: STARTING
2024-10-22T00:04:19.672+07:00  INFO 2676 --- [restartedMain] [gateway-service,,]com.netflix.discovery.DiscoveryClient    : Initializing Eureka in region us-east-1
2024-10-22T00:04:19.675+07:00  INFO 2676 --- [restartedMain] [gateway-service,,]c.n.d.s.r.aws.ConfigClusterResolver      : Resolving eureka endpoints via configuration
2024-10-22T00:04:19.679+07:00  INFO 2676 --- [restartedMain] [gateway-service,,]com.netflix.discovery.DiscoveryClient    : Disable delta property : false
2024-10-22T00:04:19.680+07:00  INFO 2676 --- [restartedMain] [gateway-service,,]com.netflix.discovery.DiscoveryClient    : Single vip registry refresh property : null
2024-10-22T00:04:19.680+07:00  INFO 2676 --- [restartedMain] [gateway-service,,]com.netflix.discovery.DiscoveryClient    : Force full registry fetch : false
2024-10-22T00:04:19.680+07:00  INFO 2676 --- [restartedMain] [gateway-service,,]com.netflix.discovery.DiscoveryClient    : Application is null : false
2024-10-22T00:04:19.680+07:00  INFO 2676 --- [restartedMain] [gateway-service,,]com.netflix.discovery.DiscoveryClient    : Registered Applications size is zero : true
2024-10-22T00:04:19.680+07:00  INFO 2676 --- [restartedMain] [gateway-service,,]com.netflix.discovery.DiscoveryClient    : Application version is -1: true
2024-10-22T00:04:19.680+07:00  INFO 2676 --- [restartedMain] [gateway-service,,]com.netflix.discovery.DiscoveryClient    : Getting all instance registry info from the eureka server
2024-10-22T00:04:19.773+07:00  INFO 2676 --- [restartedMain] [gateway-service,,]com.netflix.discovery.DiscoveryClient    : The response status is 200
2024-10-22T00:04:19.775+07:00  INFO 2676 --- [restartedMain] [gateway-service,,]com.netflix.discovery.DiscoveryClient    : Starting heartbeat executor: renew interval is: 30
2024-10-22T00:04:19.776+07:00  INFO 2676 --- [restartedMain] [gateway-service,,]c.n.discovery.InstanceInfoReplicator     : InstanceInfoReplicator onDemand update allowed rate per min is 4
2024-10-22T00:04:19.777+07:00  INFO 2676 --- [restartedMain] [gateway-service,,]com.netflix.discovery.DiscoveryClient    : Discovery Client initialized at timestamp 1729530259777 with initial instances count: 2
2024-10-22T00:04:19.780+07:00  INFO 2676 --- [restartedMain] [gateway-service,,]o.s.c.n.e.s.EurekaServiceRegistry        : Registering application GATEWAY-SERVICE with eureka with status UP
2024-10-22T00:04:19.780+07:00  INFO 2676 --- [restartedMain] [gateway-service,,]com.netflix.discovery.DiscoveryClient    : Saw local status change event StatusChangeEvent [timestamp=1729530259780, current=UP, previous=STARTING]
2024-10-22T00:04:19.782+07:00  INFO 2676 --- [DiscoveryClient-InstanceInfoReplicator-%d] [gateway-service,,]com.netflix.discovery.DiscoveryClient    : DiscoveryClient_GATEWAY-SERVICE/DESKTOP-GDQ5MDP:gateway-service:8080: registering service...
2024-10-22T00:04:19.793+07:00  INFO 2676 --- [restartedMain] [gateway-service,,]o.s.b.w.embedded.tomcat.TomcatWebServer  : Tomcat started on port 8080 (http) with context path '/'
2024-10-22T00:04:19.794+07:00  INFO 2676 --- [restartedMain] [gateway-service,,].s.c.n.e.s.EurekaAutoServiceRegistration : Updating port to 8080
2024-10-22T00:04:19.802+07:00  INFO 2676 --- [restartedMain] [gateway-service,,]o.e.g.GatewayserviceApplication          : Started GatewayserviceApplication in 1.75 seconds (process running for 2.137)
2024-10-22T00:04:19.808+07:00  INFO 24496 --- [http-nio-9999-exec-4] [discovery-service,,]c.n.e.registry.AbstractInstanceRegistry  : Registered instance GATEWAY-SERVICE/DESKTOP-GDQ5MDP:gateway-service:8080 with status UP (replication=false)
2024-10-22T00:04:19.809+07:00  INFO 2676 --- [DiscoveryClient-InstanceInfoReplicator-%d] [gateway-service,,]com.netflix.discovery.DiscoveryClient    : DiscoveryClient_GATEWAY-SERVICE/DESKTOP-GDQ5MDP:gateway-service:8080 - registration status: 204
2024-10-22T00:04:20.316+07:00  INFO 24496 --- [http-nio-9999-exec-1] [discovery-service,,]c.n.e.registry.AbstractInstanceRegistry  : Registered instance GATEWAY-SERVICE/DESKTOP-GDQ5MDP:gateway-service:8080 with status UP (replication=true)
2024-10-22T00:05:01.407+07:00  INFO 24496 --- [Eureka-EvictionTimer] [discovery-service,,]c.n.e.registry.AbstractInstanceRegistry  : Running the evict task with compensationTime 0ms
2024-10-22T00:05:22.376+07:00  INFO 2676 --- [http-nio-8080-exec-2] [gateway-service,,]o.a.c.c.C.[Tomcat].[localhost].[/]       : Initializing Spring DispatcherServlet 'dispatcherServlet'
2024-10-22T00:05:22.376+07:00  INFO 2676 --- [http-nio-8080-exec-2] [gateway-service,,]o.s.web.servlet.DispatcherServlet        : Initializing Servlet 'dispatcherServlet'
2024-10-22T00:05:22.376+07:00  INFO 2676 --- [http-nio-8080-exec-2] [gateway-service,,]o.s.web.servlet.DispatcherServlet        : Completed initialization in 0 ms
2024-10-22T00:05:43.684+07:00  INFO 18396 --- [AsyncResolver-bootstrap-executor-0] [account-service,,]c.n.d.s.r.aws.ConfigClusterResolver      : Resolving eureka endpoints via configuration
2024-10-22T00:06:01.421+07:00  INFO 24496 --- [Eureka-EvictionTimer] [discovery-service,,]c.n.e.registry.AbstractInstanceRegistry  : Running the evict task with compensationTime 13ms
2024-10-22T00:06:48.755+07:00  INFO 23316 --- [AsyncResolver-bootstrap-executor-0] [account-service,,]c.n.d.s.r.aws.ConfigClusterResolver      : Resolving eureka endpoints via configuration
2024-10-22T00:07:01.425+07:00  INFO 24496 --- [Eureka-EvictionTimer] [discovery-service,,]c.n.e.registry.AbstractInstanceRegistry  : Running the evict task with compensationTime 4ms
2024-10-22T00:07:42.235+07:00  INFO 2676 --- [SpringApplicationShutdownHook] [gateway-service,,]o.s.c.n.e.s.EurekaServiceRegistry        : Unregistering application GATEWAY-SERVICE with eureka with status DOWN
2024-10-22T00:07:42.235+07:00  INFO 2676 --- [SpringApplicationShutdownHook] [gateway-service,,]com.netflix.discovery.DiscoveryClient    : Saw local status change event StatusChangeEvent [timestamp=1729530462235, current=DOWN, previous=UP]
2024-10-22T00:07:42.235+07:00  INFO 2676 --- [DiscoveryClient-InstanceInfoReplicator-%d] [gateway-service,,]com.netflix.discovery.DiscoveryClient    : DiscoveryClient_GATEWAY-SERVICE/DESKTOP-GDQ5MDP:gateway-service:8080: registering service...
2024-10-22T00:07:42.241+07:00  INFO 2676 --- [SpringApplicationShutdownHook] [gateway-service,,]com.netflix.discovery.DiscoveryClient    : Shutting down DiscoveryClient ...
2024-10-22T00:07:42.246+07:00  INFO 24496 --- [http-nio-9999-exec-2] [discovery-service,,]c.n.e.registry.AbstractInstanceRegistry  : Registered instance GATEWAY-SERVICE/DESKTOP-GDQ5MDP:gateway-service:8080 with status DOWN (replication=false)
2024-10-22T00:07:42.246+07:00  INFO 2676 --- [DiscoveryClient-InstanceInfoReplicator-%d] [gateway-service,,]com.netflix.discovery.DiscoveryClient    : DiscoveryClient_GATEWAY-SERVICE/DESKTOP-GDQ5MDP:gateway-service:8080 - registration status: 204
2024-10-22T00:07:42.247+07:00  INFO 2676 --- [SpringApplicationShutdownHook] [gateway-service,,]com.netflix.discovery.DiscoveryClient    : Unregistering ...
2024-10-22T00:07:42.248+07:00  INFO 24496 --- [http-nio-9999-exec-4] [discovery-service,,]c.n.e.registry.AbstractInstanceRegistry  : Cancelled instance GATEWAY-SERVICE/DESKTOP-GDQ5MDP:gateway-service:8080 (replication=false)
2024-10-22T00:07:42.249+07:00  INFO 2676 --- [SpringApplicationShutdownHook] [gateway-service,,]com.netflix.discovery.DiscoveryClient    : DiscoveryClient_GATEWAY-SERVICE/DESKTOP-GDQ5MDP:gateway-service:8080 - deregister  status: 200
2024-10-22T00:07:42.249+07:00  INFO 2676 --- [SpringApplicationShutdownHook] [gateway-service,,]com.netflix.discovery.DiscoveryClient    : Completed shut down of DiscoveryClient
2024-10-22T00:07:42.754+07:00  INFO 24496 --- [http-nio-9999-exec-3] [discovery-service,,]c.n.e.registry.AbstractInstanceRegistry  : Registered instance GATEWAY-SERVICE/DESKTOP-GDQ5MDP:gateway-service:8080 with status DOWN (replication=true)
2024-10-22T00:07:42.754+07:00  INFO 24496 --- [http-nio-9999-exec-3] [discovery-service,,]c.n.e.registry.AbstractInstanceRegistry  : Cancelled instance GATEWAY-SERVICE/DESKTOP-GDQ5MDP:gateway-service:8080 (replication=true)
2024-10-22T00:07:44.010+07:00  INFO 8216 --- [restartedMain] [gateway-service,,]o.e.g.GatewayserviceApplication          : Starting GatewayserviceApplication using Java 21.0.4 with PID 8216 (C:\Users\Admin\OneDrive\Desktop\SpringCloud0\gatewayservice\target\classes started by Admin in C:\Users\Admin\OneDrive\Desktop\SpringCloud0)
2024-10-22T00:07:44.012+07:00  INFO 8216 --- [restartedMain] [gateway-service,,]o.e.g.GatewayserviceApplication          : No active profile set, falling back to 1 default profile: "default"
2024-10-22T00:07:44.034+07:00  INFO 8216 --- [restartedMain] [gateway-service,,]o.s.c.c.c.ConfigServerConfigDataLoader   : Fetching config from server at : http://localhost:8888
2024-10-22T00:07:44.034+07:00  INFO 8216 --- [restartedMain] [gateway-service,,]o.s.c.c.c.ConfigServerConfigDataLoader   : Located environment: name=gateway-service, profiles=[default], label=null, version=null, state=null
2024-10-22T00:07:44.035+07:00  INFO 8216 --- [restartedMain] [gateway-service,,].e.DevToolsPropertyDefaultsPostProcessor : Devtools property defaults active! Set 'spring.devtools.add-properties' to 'false' to disable
2024-10-22T00:07:44.035+07:00  INFO 8216 --- [restartedMain] [gateway-service,,].e.DevToolsPropertyDefaultsPostProcessor : For additional web related logging consider setting the 'logging.level.web' property to 'DEBUG'
2024-10-22T00:07:44.444+07:00  INFO 8216 --- [restartedMain] [gateway-service,,]o.s.cloud.context.scope.GenericScope     : BeanFactory id=5bd0a126-396c-3366-9805-7ea6decca7fb
2024-10-22T00:07:44.476+07:00  WARN 8216 --- [restartedMain] [gateway-service,,]trationDelegate$BeanPostProcessorChecker : Bean 'org.springframework.cloud.client.loadbalancer.LoadBalancerAutoConfiguration$DeferringLoadBalancerInterceptorConfig' of type [org.springframework.cloud.client.loadbalancer.LoadBalancerAutoConfiguration$DeferringLoadBalancerInterceptorConfig] is not eligible for getting processed by all BeanPostProcessors (for example: not eligible for auto-proxying). The currently created BeanPostProcessor [lbRestClientPostProcessor] is declared through a non-static factory method on that class; consider declaring it as static instead.
2024-10-22T00:07:44.477+07:00  WARN 8216 --- [restartedMain] [gateway-service,,]trationDelegate$BeanPostProcessorChecker : Bean 'deferringLoadBalancerInterceptor' of type [org.springframework.cloud.client.loadbalancer.DeferringLoadBalancerInterceptor] is not eligible for getting processed by all BeanPostProcessors (for example: not eligible for auto-proxying). Is this bean getting eagerly injected into a currently created BeanPostProcessor [lbRestClientPostProcessor]? Check the corresponding BeanPostProcessor declaration and its dependencies.
2024-10-22T00:07:44.659+07:00  INFO 8216 --- [restartedMain] [gateway-service,,]o.s.b.w.embedded.tomcat.TomcatWebServer  : Tomcat initialized with port 8080 (http)
2024-10-22T00:07:44.670+07:00  INFO 8216 --- [restartedMain] [gateway-service,,]o.apache.catalina.core.StandardService   : Starting service [Tomcat]
2024-10-22T00:07:44.671+07:00  INFO 8216 --- [restartedMain] [gateway-service,,]o.apache.catalina.core.StandardEngine    : Starting Servlet engine: [Apache Tomcat/10.1.30]
2024-10-22T00:07:44.699+07:00  INFO 8216 --- [restartedMain] [gateway-service,,]o.a.c.c.C.[Tomcat].[localhost].[/]       : Initializing Spring embedded WebApplicationContext
2024-10-22T00:07:44.699+07:00  INFO 8216 --- [restartedMain] [gateway-service,,]w.s.c.ServletWebServerApplicationContext : Root WebApplicationContext: initialization completed in 664 ms
2024-10-22T00:07:45.063+07:00  WARN 8216 --- [restartedMain] [gateway-service,,]o.s.b.d.a.OptionalLiveReloadServer       : Unable to start LiveReload server
2024-10-22T00:07:45.097+07:00  INFO 8216 --- [restartedMain] [gateway-service,,]DiscoveryClientOptionalArgsConfiguration : Eureka HTTP Client uses RestTemplate.
2024-10-22T00:07:45.162+07:00  WARN 8216 --- [restartedMain] [gateway-service,,]iguration$LoadBalancerCaffeineWarnLogger : Spring Cloud LoadBalancer is currently working with the default cache. While this cache implementation is useful for development and tests, it's recommended to use Caffeine cache in production.You can switch to using Caffeine cache, by adding it and org.springframework.cache.caffeine.CaffeineCacheManager to the classpath.
2024-10-22T00:07:45.189+07:00  INFO 8216 --- [restartedMain] [gateway-service,,]o.s.c.n.eureka.InstanceInfoFactory       : Setting initial instance status as: STARTING
2024-10-22T00:07:45.203+07:00  INFO 8216 --- [restartedMain] [gateway-service,,]com.netflix.discovery.DiscoveryClient    : Initializing Eureka in region us-east-1
2024-10-22T00:07:45.205+07:00  INFO 8216 --- [restartedMain] [gateway-service,,]c.n.d.s.r.aws.ConfigClusterResolver      : Resolving eureka endpoints via configuration
2024-10-22T00:07:45.211+07:00  INFO 8216 --- [restartedMain] [gateway-service,,]com.netflix.discovery.DiscoveryClient    : Disable delta property : false
2024-10-22T00:07:45.211+07:00  INFO 8216 --- [restartedMain] [gateway-service,,]com.netflix.discovery.DiscoveryClient    : Single vip registry refresh property : null
2024-10-22T00:07:45.211+07:00  INFO 8216 --- [restartedMain] [gateway-service,,]com.netflix.discovery.DiscoveryClient    : Force full registry fetch : false
2024-10-22T00:07:45.211+07:00  INFO 8216 --- [restartedMain] [gateway-service,,]com.netflix.discovery.DiscoveryClient    : Application is null : false
2024-10-22T00:07:45.211+07:00  INFO 8216 --- [restartedMain] [gateway-service,,]com.netflix.discovery.DiscoveryClient    : Registered Applications size is zero : true
2024-10-22T00:07:45.211+07:00  INFO 8216 --- [restartedMain] [gateway-service,,]com.netflix.discovery.DiscoveryClient    : Application version is -1: true
2024-10-22T00:07:45.211+07:00  INFO 8216 --- [restartedMain] [gateway-service,,]com.netflix.discovery.DiscoveryClient    : Getting all instance registry info from the eureka server
2024-10-22T00:07:45.292+07:00  INFO 8216 --- [restartedMain] [gateway-service,,]com.netflix.discovery.DiscoveryClient    : The response status is 200
2024-10-22T00:07:45.293+07:00  INFO 8216 --- [restartedMain] [gateway-service,,]com.netflix.discovery.DiscoveryClient    : Starting heartbeat executor: renew interval is: 30
2024-10-22T00:07:45.295+07:00  INFO 8216 --- [restartedMain] [gateway-service,,]c.n.discovery.InstanceInfoReplicator     : InstanceInfoReplicator onDemand update allowed rate per min is 4
2024-10-22T00:07:45.295+07:00  INFO 8216 --- [restartedMain] [gateway-service,,]com.netflix.discovery.DiscoveryClient    : Discovery Client initialized at timestamp 1729530465295 with initial instances count: 3
2024-10-22T00:07:45.297+07:00  INFO 8216 --- [restartedMain] [gateway-service,,]o.s.c.n.e.s.EurekaServiceRegistry        : Registering application GATEWAY-SERVICE with eureka with status UP
2024-10-22T00:07:45.298+07:00  INFO 8216 --- [restartedMain] [gateway-service,,]com.netflix.discovery.DiscoveryClient    : Saw local status change event StatusChangeEvent [timestamp=1729530465298, current=UP, previous=STARTING]
2024-10-22T00:07:45.298+07:00  INFO 8216 --- [DiscoveryClient-InstanceInfoReplicator-%d] [gateway-service,,]com.netflix.discovery.DiscoveryClient    : DiscoveryClient_GATEWAY-SERVICE/DESKTOP-GDQ5MDP:gateway-service:8080: registering service...
2024-10-22T00:07:45.305+07:00  INFO 8216 --- [restartedMain] [gateway-service,,]o.s.b.w.embedded.tomcat.TomcatWebServer  : Tomcat started on port 8080 (http) with context path '/'
2024-10-22T00:07:45.306+07:00  INFO 8216 --- [restartedMain] [gateway-service,,].s.c.n.e.s.EurekaAutoServiceRegistration : Updating port to 8080
2024-10-22T00:07:45.313+07:00  INFO 8216 --- [restartedMain] [gateway-service,,]o.e.g.GatewayserviceApplication          : Started GatewayserviceApplication in 1.744 seconds (process running for 2.13)
2024-10-22T00:07:45.320+07:00  INFO 24496 --- [http-nio-9999-exec-6] [discovery-service,,]c.n.e.registry.AbstractInstanceRegistry  : Registered instance GATEWAY-SERVICE/DESKTOP-GDQ5MDP:gateway-service:8080 with status UP (replication=false)
2024-10-22T00:07:45.320+07:00  INFO 8216 --- [DiscoveryClient-InstanceInfoReplicator-%d] [gateway-service,,]com.netflix.discovery.DiscoveryClient    : DiscoveryClient_GATEWAY-SERVICE/DESKTOP-GDQ5MDP:gateway-service:8080 - registration status: 204
2024-10-22T00:07:45.753+07:00  INFO 24496 --- [http-nio-9999-exec-5] [discovery-service,,]c.n.e.registry.AbstractInstanceRegistry  : Registered instance GATEWAY-SERVICE/DESKTOP-GDQ5MDP:gateway-service:8080 with status UP (replication=true)
2024-10-22T00:08:01.430+07:00  INFO 24496 --- [Eureka-EvictionTimer] [discovery-service,,]c.n.e.registry.AbstractInstanceRegistry  : Running the evict task with compensationTime 4ms
2024-10-22T00:08:01.570+07:00  INFO 8216 --- [SpringApplicationShutdownHook] [gateway-service,,]o.s.c.n.e.s.EurekaServiceRegistry        : Unregistering application GATEWAY-SERVICE with eureka with status DOWN
2024-10-22T00:08:01.571+07:00  INFO 8216 --- [SpringApplicationShutdownHook] [gateway-service,,]com.netflix.discovery.DiscoveryClient    : Saw local status change event StatusChangeEvent [timestamp=1729530481571, current=DOWN, previous=UP]
2024-10-22T00:08:01.571+07:00  INFO 8216 --- [DiscoveryClient-InstanceInfoReplicator-%d] [gateway-service,,]com.netflix.discovery.DiscoveryClient    : DiscoveryClient_GATEWAY-SERVICE/DESKTOP-GDQ5MDP:gateway-service:8080: registering service...
2024-10-22T00:08:01.577+07:00  INFO 8216 --- [SpringApplicationShutdownHook] [gateway-service,,]com.netflix.discovery.DiscoveryClient    : Shutting down DiscoveryClient ...
2024-10-22T00:08:01.586+07:00  INFO 24496 --- [http-nio-9999-exec-7] [discovery-service,,]c.n.e.registry.AbstractInstanceRegistry  : Registered instance GATEWAY-SERVICE/DESKTOP-GDQ5MDP:gateway-service:8080 with status DOWN (replication=false)
2024-10-22T00:08:01.587+07:00  INFO 8216 --- [DiscoveryClient-InstanceInfoReplicator-%d] [gateway-service,,]com.netflix.discovery.DiscoveryClient    : DiscoveryClient_GATEWAY-SERVICE/DESKTOP-GDQ5MDP:gateway-service:8080 - registration status: 204
2024-10-22T00:08:01.588+07:00  INFO 8216 --- [SpringApplicationShutdownHook] [gateway-service,,]com.netflix.discovery.DiscoveryClient    : Unregistering ...
2024-10-22T00:08:01.592+07:00  INFO 24496 --- [http-nio-9999-exec-3] [discovery-service,,]c.n.e.registry.AbstractInstanceRegistry  : Cancelled instance GATEWAY-SERVICE/DESKTOP-GDQ5MDP:gateway-service:8080 (replication=false)
2024-10-22T00:08:01.593+07:00  INFO 8216 --- [SpringApplicationShutdownHook] [gateway-service,,]com.netflix.discovery.DiscoveryClient    : DiscoveryClient_GATEWAY-SERVICE/DESKTOP-GDQ5MDP:gateway-service:8080 - deregister  status: 200
2024-10-22T00:08:01.594+07:00  INFO 8216 --- [SpringApplicationShutdownHook] [gateway-service,,]com.netflix.discovery.DiscoveryClient    : Completed shut down of DiscoveryClient
2024-10-22T00:08:02.096+07:00  INFO 24496 --- [http-nio-9999-exec-10] [discovery-service,,]c.n.e.registry.AbstractInstanceRegistry  : Registered instance GATEWAY-SERVICE/DESKTOP-GDQ5MDP:gateway-service:8080 with status DOWN (replication=true)
2024-10-22T00:08:02.096+07:00  INFO 24496 --- [http-nio-9999-exec-10] [discovery-service,,]c.n.e.registry.AbstractInstanceRegistry  : Cancelled instance GATEWAY-SERVICE/DESKTOP-GDQ5MDP:gateway-service:8080 (replication=true)
2024-10-22T00:08:03.354+07:00  INFO 18604 --- [restartedMain] [gateway-service,,]o.e.g.GatewayserviceApplication          : Starting GatewayserviceApplication using Java 21.0.4 with PID 18604 (C:\Users\Admin\OneDrive\Desktop\SpringCloud0\gatewayservice\target\classes started by Admin in C:\Users\Admin\OneDrive\Desktop\SpringCloud0)
2024-10-22T00:08:03.355+07:00  INFO 18604 --- [restartedMain] [gateway-service,,]o.e.g.GatewayserviceApplication          : No active profile set, falling back to 1 default profile: "default"
2024-10-22T00:08:03.377+07:00  INFO 18604 --- [restartedMain] [gateway-service,,]o.s.c.c.c.ConfigServerConfigDataLoader   : Fetching config from server at : http://localhost:8888
2024-10-22T00:08:03.377+07:00  INFO 18604 --- [restartedMain] [gateway-service,,]o.s.c.c.c.ConfigServerConfigDataLoader   : Located environment: name=gateway-service, profiles=[default], label=null, version=null, state=null
2024-10-22T00:08:03.379+07:00  INFO 18604 --- [restartedMain] [gateway-service,,].e.DevToolsPropertyDefaultsPostProcessor : Devtools property defaults active! Set 'spring.devtools.add-properties' to 'false' to disable
2024-10-22T00:08:03.379+07:00  INFO 18604 --- [restartedMain] [gateway-service,,].e.DevToolsPropertyDefaultsPostProcessor : For additional web related logging consider setting the 'logging.level.web' property to 'DEBUG'
2024-10-22T00:08:03.790+07:00  INFO 18604 --- [restartedMain] [gateway-service,,]o.s.cloud.context.scope.GenericScope     : BeanFactory id=5bd0a126-396c-3366-9805-7ea6decca7fb
2024-10-22T00:08:03.823+07:00  WARN 18604 --- [restartedMain] [gateway-service,,]trationDelegate$BeanPostProcessorChecker : Bean 'org.springframework.cloud.client.loadbalancer.LoadBalancerAutoConfiguration$DeferringLoadBalancerInterceptorConfig' of type [org.springframework.cloud.client.loadbalancer.LoadBalancerAutoConfiguration$DeferringLoadBalancerInterceptorConfig] is not eligible for getting processed by all BeanPostProcessors (for example: not eligible for auto-proxying). The currently created BeanPostProcessor [lbRestClientPostProcessor] is declared through a non-static factory method on that class; consider declaring it as static instead.
2024-10-22T00:08:03.824+07:00  WARN 18604 --- [restartedMain] [gateway-service,,]trationDelegate$BeanPostProcessorChecker : Bean 'deferringLoadBalancerInterceptor' of type [org.springframework.cloud.client.loadbalancer.DeferringLoadBalancerInterceptor] is not eligible for getting processed by all BeanPostProcessors (for example: not eligible for auto-proxying). Is this bean getting eagerly injected into a currently created BeanPostProcessor [lbRestClientPostProcessor]? Check the corresponding BeanPostProcessor declaration and its dependencies.
2024-10-22T00:08:04.004+07:00  INFO 18604 --- [restartedMain] [gateway-service,,]o.s.b.w.embedded.tomcat.TomcatWebServer  : Tomcat initialized with port 8080 (http)
2024-10-22T00:08:04.012+07:00  INFO 18604 --- [restartedMain] [gateway-service,,]o.apache.catalina.core.StandardService   : Starting service [Tomcat]
2024-10-22T00:08:04.012+07:00  INFO 18604 --- [restartedMain] [gateway-service,,]o.apache.catalina.core.StandardEngine    : Starting Servlet engine: [Apache Tomcat/10.1.30]
2024-10-22T00:08:04.040+07:00  INFO 18604 --- [restartedMain] [gateway-service,,]o.a.c.c.C.[Tomcat].[localhost].[/]       : Initializing Spring embedded WebApplicationContext
2024-10-22T00:08:04.040+07:00  INFO 18604 --- [restartedMain] [gateway-service,,]w.s.c.ServletWebServerApplicationContext : Root WebApplicationContext: initialization completed in 660 ms
2024-10-22T00:08:04.385+07:00  WARN 18604 --- [restartedMain] [gateway-service,,]o.s.b.d.a.OptionalLiveReloadServer       : Unable to start LiveReload server
2024-10-22T00:08:04.419+07:00  INFO 18604 --- [restartedMain] [gateway-service,,]DiscoveryClientOptionalArgsConfiguration : Eureka HTTP Client uses RestTemplate.
2024-10-22T00:08:04.482+07:00  WARN 18604 --- [restartedMain] [gateway-service,,]iguration$LoadBalancerCaffeineWarnLogger : Spring Cloud LoadBalancer is currently working with the default cache. While this cache implementation is useful for development and tests, it's recommended to use Caffeine cache in production.You can switch to using Caffeine cache, by adding it and org.springframework.cache.caffeine.CaffeineCacheManager to the classpath.
2024-10-22T00:08:04.508+07:00  INFO 18604 --- [restartedMain] [gateway-service,,]o.s.c.n.eureka.InstanceInfoFactory       : Setting initial instance status as: STARTING
2024-10-22T00:08:04.522+07:00  INFO 18604 --- [restartedMain] [gateway-service,,]com.netflix.discovery.DiscoveryClient    : Initializing Eureka in region us-east-1
2024-10-22T00:08:04.524+07:00  INFO 18604 --- [restartedMain] [gateway-service,,]c.n.d.s.r.aws.ConfigClusterResolver      : Resolving eureka endpoints via configuration
2024-10-22T00:08:04.529+07:00  INFO 18604 --- [restartedMain] [gateway-service,,]com.netflix.discovery.DiscoveryClient    : Disable delta property : false
2024-10-22T00:08:04.529+07:00  INFO 18604 --- [restartedMain] [gateway-service,,]com.netflix.discovery.DiscoveryClient    : Single vip registry refresh property : null
2024-10-22T00:08:04.529+07:00  INFO 18604 --- [restartedMain] [gateway-service,,]com.netflix.discovery.DiscoveryClient    : Force full registry fetch : false
2024-10-22T00:08:04.529+07:00  INFO 18604 --- [restartedMain] [gateway-service,,]com.netflix.discovery.DiscoveryClient    : Application is null : false
2024-10-22T00:08:04.529+07:00  INFO 18604 --- [restartedMain] [gateway-service,,]com.netflix.discovery.DiscoveryClient    : Registered Applications size is zero : true
2024-10-22T00:08:04.529+07:00  INFO 18604 --- [restartedMain] [gateway-service,,]com.netflix.discovery.DiscoveryClient    : Application version is -1: true
2024-10-22T00:08:04.529+07:00  INFO 18604 --- [restartedMain] [gateway-service,,]com.netflix.discovery.DiscoveryClient    : Getting all instance registry info from the eureka server
2024-10-22T00:08:04.602+07:00  INFO 18604 --- [restartedMain] [gateway-service,,]com.netflix.discovery.DiscoveryClient    : The response status is 200
2024-10-22T00:08:04.603+07:00  INFO 18604 --- [restartedMain] [gateway-service,,]com.netflix.discovery.DiscoveryClient    : Starting heartbeat executor: renew interval is: 30
2024-10-22T00:08:04.604+07:00  INFO 18604 --- [restartedMain] [gateway-service,,]c.n.discovery.InstanceInfoReplicator     : InstanceInfoReplicator onDemand update allowed rate per min is 4
2024-10-22T00:08:04.605+07:00  INFO 18604 --- [restartedMain] [gateway-service,,]com.netflix.discovery.DiscoveryClient    : Discovery Client initialized at timestamp 1729530484605 with initial instances count: 3
2024-10-22T00:08:04.607+07:00  INFO 18604 --- [restartedMain] [gateway-service,,]o.s.c.n.e.s.EurekaServiceRegistry        : Registering application GATEWAY-SERVICE with eureka with status UP
2024-10-22T00:08:04.607+07:00  INFO 18604 --- [restartedMain] [gateway-service,,]com.netflix.discovery.DiscoveryClient    : Saw local status change event StatusChangeEvent [timestamp=1729530484607, current=UP, previous=STARTING]
2024-10-22T00:08:04.608+07:00  INFO 18604 --- [DiscoveryClient-InstanceInfoReplicator-%d] [gateway-service,,]com.netflix.discovery.DiscoveryClient    : DiscoveryClient_GATEWAY-SERVICE/DESKTOP-GDQ5MDP:gateway-service:8080: registering service...
2024-10-22T00:08:04.618+07:00  INFO 18604 --- [restartedMain] [gateway-service,,]o.s.b.w.embedded.tomcat.TomcatWebServer  : Tomcat started on port 8080 (http) with context path '/'
2024-10-22T00:08:04.619+07:00  INFO 18604 --- [restartedMain] [gateway-service,,].s.c.n.e.s.EurekaAutoServiceRegistration : Updating port to 8080
2024-10-22T00:08:04.626+07:00  INFO 18604 --- [restartedMain] [gateway-service,,]o.e.g.GatewayserviceApplication          : Started GatewayserviceApplication in 1.72 seconds (process running for 2.111)
2024-10-22T00:08:04.633+07:00  INFO 24496 --- [http-nio-9999-exec-5] [discovery-service,,]c.n.e.registry.AbstractInstanceRegistry  : Registered instance GATEWAY-SERVICE/DESKTOP-GDQ5MDP:gateway-service:8080 with status UP (replication=false)
2024-10-22T00:08:04.633+07:00  INFO 18604 --- [DiscoveryClient-InstanceInfoReplicator-%d] [gateway-service,,]com.netflix.discovery.DiscoveryClient    : DiscoveryClient_GATEWAY-SERVICE/DESKTOP-GDQ5MDP:gateway-service:8080 - registration status: 204
2024-10-22T00:08:05.145+07:00  INFO 24496 --- [http-nio-9999-exec-2] [discovery-service,,]c.n.e.registry.AbstractInstanceRegistry  : Registered instance GATEWAY-SERVICE/DESKTOP-GDQ5MDP:gateway-service:8080 with status UP (replication=true)
2024-10-22T00:08:08.477+07:00  INFO 18604 --- [http-nio-8080-exec-2] [gateway-service,,]o.a.c.c.C.[Tomcat].[localhost].[/]       : Initializing Spring DispatcherServlet 'dispatcherServlet'
2024-10-22T00:08:08.477+07:00  INFO 18604 --- [http-nio-8080-exec-2] [gateway-service,,]o.s.web.servlet.DispatcherServlet        : Initializing Servlet 'dispatcherServlet'
2024-10-22T00:08:08.478+07:00  INFO 18604 --- [http-nio-8080-exec-2] [gateway-service,,]o.s.web.servlet.DispatcherServlet        : Completed initialization in 1 ms
2024-10-22T00:09:01.431+07:00  INFO 24496 --- [Eureka-EvictionTimer] [discovery-service,,]c.n.e.registry.AbstractInstanceRegistry  : Running the evict task with compensationTime 0ms
2024-10-22T00:09:13.854+07:00  INFO 18604 --- [SpringApplicationShutdownHook] [gateway-service,,]o.s.c.n.e.s.EurekaServiceRegistry        : Unregistering application GATEWAY-SERVICE with eureka with status DOWN
2024-10-22T00:09:13.855+07:00  INFO 18604 --- [SpringApplicationShutdownHook] [gateway-service,,]com.netflix.discovery.DiscoveryClient    : Saw local status change event StatusChangeEvent [timestamp=1729530553855, current=DOWN, previous=UP]
2024-10-22T00:09:13.855+07:00  INFO 18604 --- [DiscoveryClient-InstanceInfoReplicator-%d] [gateway-service,,]com.netflix.discovery.DiscoveryClient    : DiscoveryClient_GATEWAY-SERVICE/DESKTOP-GDQ5MDP:gateway-service:8080: registering service...
2024-10-22T00:09:13.860+07:00  INFO 18604 --- [SpringApplicationShutdownHook] [gateway-service,,]com.netflix.discovery.DiscoveryClient    : Shutting down DiscoveryClient ...
2024-10-22T00:09:13.868+07:00  INFO 24496 --- [http-nio-9999-exec-5] [discovery-service,,]c.n.e.registry.AbstractInstanceRegistry  : Registered instance GATEWAY-SERVICE/DESKTOP-GDQ5MDP:gateway-service:8080 with status DOWN (replication=false)
2024-10-22T00:09:13.868+07:00  INFO 18604 --- [DiscoveryClient-InstanceInfoReplicator-%d] [gateway-service,,]com.netflix.discovery.DiscoveryClient    : DiscoveryClient_GATEWAY-SERVICE/DESKTOP-GDQ5MDP:gateway-service:8080 - registration status: 204
2024-10-22T00:09:13.869+07:00  INFO 18604 --- [SpringApplicationShutdownHook] [gateway-service,,]com.netflix.discovery.DiscoveryClient    : Unregistering ...
2024-10-22T00:09:13.870+07:00  INFO 24496 --- [http-nio-9999-exec-2] [discovery-service,,]c.n.e.registry.AbstractInstanceRegistry  : Cancelled instance GATEWAY-SERVICE/DESKTOP-GDQ5MDP:gateway-service:8080 (replication=false)
2024-10-22T00:09:13.870+07:00  INFO 18604 --- [SpringApplicationShutdownHook] [gateway-service,,]com.netflix.discovery.DiscoveryClient    : DiscoveryClient_GATEWAY-SERVICE/DESKTOP-GDQ5MDP:gateway-service:8080 - deregister  status: 200
2024-10-22T00:09:13.870+07:00  INFO 18604 --- [SpringApplicationShutdownHook] [gateway-service,,]com.netflix.discovery.DiscoveryClient    : Completed shut down of DiscoveryClient
2024-10-22T00:09:14.398+07:00  INFO 24496 --- [http-nio-9999-exec-7] [discovery-service,,]c.n.e.registry.AbstractInstanceRegistry  : Registered instance GATEWAY-SERVICE/DESKTOP-GDQ5MDP:gateway-service:8080 with status DOWN (replication=true)
2024-10-22T00:09:14.398+07:00  INFO 24496 --- [http-nio-9999-exec-7] [discovery-service,,]c.n.e.registry.AbstractInstanceRegistry  : Cancelled instance GATEWAY-SERVICE/DESKTOP-GDQ5MDP:gateway-service:8080 (replication=true)
2024-10-22T00:09:15.673+07:00  INFO 6916 --- [restartedMain] [gateway-service,,]o.e.g.GatewayserviceApplication          : Starting GatewayserviceApplication using Java 21.0.4 with PID 6916 (C:\Users\Admin\OneDrive\Desktop\SpringCloud0\gatewayservice\target\classes started by Admin in C:\Users\Admin\OneDrive\Desktop\SpringCloud0)
2024-10-22T00:09:15.674+07:00  INFO 6916 --- [restartedMain] [gateway-service,,]o.e.g.GatewayserviceApplication          : No active profile set, falling back to 1 default profile: "default"
2024-10-22T00:09:15.699+07:00  INFO 6916 --- [restartedMain] [gateway-service,,]o.s.c.c.c.ConfigServerConfigDataLoader   : Fetching config from server at : http://localhost:8888
2024-10-22T00:09:15.699+07:00  INFO 6916 --- [restartedMain] [gateway-service,,]o.s.c.c.c.ConfigServerConfigDataLoader   : Located environment: name=gateway-service, profiles=[default], label=null, version=null, state=null
2024-10-22T00:09:15.700+07:00  INFO 6916 --- [restartedMain] [gateway-service,,].e.DevToolsPropertyDefaultsPostProcessor : Devtools property defaults active! Set 'spring.devtools.add-properties' to 'false' to disable
2024-10-22T00:09:15.700+07:00  INFO 6916 --- [restartedMain] [gateway-service,,].e.DevToolsPropertyDefaultsPostProcessor : For additional web related logging consider setting the 'logging.level.web' property to 'DEBUG'
2024-10-22T00:09:16.132+07:00  INFO 6916 --- [restartedMain] [gateway-service,,]o.s.cloud.context.scope.GenericScope     : BeanFactory id=5bd0a126-396c-3366-9805-7ea6decca7fb
2024-10-22T00:09:16.168+07:00  WARN 6916 --- [restartedMain] [gateway-service,,]trationDelegate$BeanPostProcessorChecker : Bean 'org.springframework.cloud.client.loadbalancer.LoadBalancerAutoConfiguration$DeferringLoadBalancerInterceptorConfig' of type [org.springframework.cloud.client.loadbalancer.LoadBalancerAutoConfiguration$DeferringLoadBalancerInterceptorConfig] is not eligible for getting processed by all BeanPostProcessors (for example: not eligible for auto-proxying). The currently created BeanPostProcessor [lbRestClientPostProcessor] is declared through a non-static factory method on that class; consider declaring it as static instead.
2024-10-22T00:09:16.169+07:00  WARN 6916 --- [restartedMain] [gateway-service,,]trationDelegate$BeanPostProcessorChecker : Bean 'deferringLoadBalancerInterceptor' of type [org.springframework.cloud.client.loadbalancer.DeferringLoadBalancerInterceptor] is not eligible for getting processed by all BeanPostProcessors (for example: not eligible for auto-proxying). Is this bean getting eagerly injected into a currently created BeanPostProcessor [lbRestClientPostProcessor]? Check the corresponding BeanPostProcessor declaration and its dependencies.
2024-10-22T00:09:16.362+07:00  INFO 6916 --- [restartedMain] [gateway-service,,]o.s.b.w.embedded.tomcat.TomcatWebServer  : Tomcat initialized with port 8080 (http)
2024-10-22T00:09:16.369+07:00  INFO 6916 --- [restartedMain] [gateway-service,,]o.apache.catalina.core.StandardService   : Starting service [Tomcat]
2024-10-22T00:09:16.370+07:00  INFO 6916 --- [restartedMain] [gateway-service,,]o.apache.catalina.core.StandardEngine    : Starting Servlet engine: [Apache Tomcat/10.1.30]
2024-10-22T00:09:16.401+07:00  INFO 6916 --- [restartedMain] [gateway-service,,]o.a.c.c.C.[Tomcat].[localhost].[/]       : Initializing Spring embedded WebApplicationContext
2024-10-22T00:09:16.401+07:00  INFO 6916 --- [restartedMain] [gateway-service,,]w.s.c.ServletWebServerApplicationContext : Root WebApplicationContext: initialization completed in 701 ms
2024-10-22T00:09:16.770+07:00  WARN 6916 --- [restartedMain] [gateway-service,,]o.s.b.d.a.OptionalLiveReloadServer       : Unable to start LiveReload server
2024-10-22T00:09:16.806+07:00  INFO 6916 --- [restartedMain] [gateway-service,,]DiscoveryClientOptionalArgsConfiguration : Eureka HTTP Client uses RestTemplate.
2024-10-22T00:09:16.877+07:00  WARN 6916 --- [restartedMain] [gateway-service,,]iguration$LoadBalancerCaffeineWarnLogger : Spring Cloud LoadBalancer is currently working with the default cache. While this cache implementation is useful for development and tests, it's recommended to use Caffeine cache in production.You can switch to using Caffeine cache, by adding it and org.springframework.cache.caffeine.CaffeineCacheManager to the classpath.
2024-10-22T00:09:16.906+07:00  INFO 6916 --- [restartedMain] [gateway-service,,]o.s.c.n.eureka.InstanceInfoFactory       : Setting initial instance status as: STARTING
2024-10-22T00:09:16.922+07:00  INFO 6916 --- [restartedMain] [gateway-service,,]com.netflix.discovery.DiscoveryClient    : Initializing Eureka in region us-east-1
2024-10-22T00:09:16.925+07:00  INFO 6916 --- [restartedMain] [gateway-service,,]c.n.d.s.r.aws.ConfigClusterResolver      : Resolving eureka endpoints via configuration
2024-10-22T00:09:16.930+07:00  INFO 6916 --- [restartedMain] [gateway-service,,]com.netflix.discovery.DiscoveryClient    : Disable delta property : false
2024-10-22T00:09:16.930+07:00  INFO 6916 --- [restartedMain] [gateway-service,,]com.netflix.discovery.DiscoveryClient    : Single vip registry refresh property : null
2024-10-22T00:09:16.930+07:00  INFO 6916 --- [restartedMain] [gateway-service,,]com.netflix.discovery.DiscoveryClient    : Force full registry fetch : false
2024-10-22T00:09:16.930+07:00  INFO 6916 --- [restartedMain] [gateway-service,,]com.netflix.discovery.DiscoveryClient    : Application is null : false
2024-10-22T00:09:16.930+07:00  INFO 6916 --- [restartedMain] [gateway-service,,]com.netflix.discovery.DiscoveryClient    : Registered Applications size is zero : true
2024-10-22T00:09:16.930+07:00  INFO 6916 --- [restartedMain] [gateway-service,,]com.netflix.discovery.DiscoveryClient    : Application version is -1: true
2024-10-22T00:09:16.930+07:00  INFO 6916 --- [restartedMain] [gateway-service,,]com.netflix.discovery.DiscoveryClient    : Getting all instance registry info from the eureka server
2024-10-22T00:09:17.013+07:00  INFO 6916 --- [restartedMain] [gateway-service,,]com.netflix.discovery.DiscoveryClient    : The response status is 200
2024-10-22T00:09:17.014+07:00  INFO 6916 --- [restartedMain] [gateway-service,,]com.netflix.discovery.DiscoveryClient    : Starting heartbeat executor: renew interval is: 30
2024-10-22T00:09:17.015+07:00  INFO 6916 --- [restartedMain] [gateway-service,,]c.n.discovery.InstanceInfoReplicator     : InstanceInfoReplicator onDemand update allowed rate per min is 4
2024-10-22T00:09:17.016+07:00  INFO 6916 --- [restartedMain] [gateway-service,,]com.netflix.discovery.DiscoveryClient    : Discovery Client initialized at timestamp 1729530557016 with initial instances count: 3
2024-10-22T00:09:17.018+07:00  INFO 6916 --- [restartedMain] [gateway-service,,]o.s.c.n.e.s.EurekaServiceRegistry        : Registering application GATEWAY-SERVICE with eureka with status UP
2024-10-22T00:09:17.019+07:00  INFO 6916 --- [restartedMain] [gateway-service,,]com.netflix.discovery.DiscoveryClient    : Saw local status change event StatusChangeEvent [timestamp=1729530557019, current=UP, previous=STARTING]
2024-10-22T00:09:17.020+07:00  INFO 6916 --- [DiscoveryClient-InstanceInfoReplicator-%d] [gateway-service,,]com.netflix.discovery.DiscoveryClient    : DiscoveryClient_GATEWAY-SERVICE/DESKTOP-GDQ5MDP:gateway-service:8080: registering service...
2024-10-22T00:09:17.027+07:00  INFO 6916 --- [restartedMain] [gateway-service,,]o.s.b.w.embedded.tomcat.TomcatWebServer  : Tomcat started on port 8080 (http) with context path '/'
2024-10-22T00:09:17.028+07:00  INFO 6916 --- [restartedMain] [gateway-service,,].s.c.n.e.s.EurekaAutoServiceRegistration : Updating port to 8080
2024-10-22T00:09:17.035+07:00  INFO 6916 --- [restartedMain] [gateway-service,,]o.e.g.GatewayserviceApplication          : Started GatewayserviceApplication in 1.81 seconds (process running for 2.215)
2024-10-22T00:09:17.040+07:00  INFO 24496 --- [http-nio-9999-exec-6] [discovery-service,,]c.n.e.registry.AbstractInstanceRegistry  : Registered instance GATEWAY-SERVICE/DESKTOP-GDQ5MDP:gateway-service:8080 with status UP (replication=false)
2024-10-22T00:09:17.041+07:00  INFO 6916 --- [DiscoveryClient-InstanceInfoReplicator-%d] [gateway-service,,]com.netflix.discovery.DiscoveryClient    : DiscoveryClient_GATEWAY-SERVICE/DESKTOP-GDQ5MDP:gateway-service:8080 - registration status: 204
2024-10-22T00:09:17.547+07:00  INFO 24496 --- [http-nio-9999-exec-5] [discovery-service,,]c.n.e.registry.AbstractInstanceRegistry  : Registered instance GATEWAY-SERVICE/DESKTOP-GDQ5MDP:gateway-service:8080 with status UP (replication=true)
2024-10-22T00:09:55.060+07:00  INFO 6916 --- [SpringApplicationShutdownHook] [gateway-service,,]o.s.c.n.e.s.EurekaServiceRegistry        : Unregistering application GATEWAY-SERVICE with eureka with status DOWN
2024-10-22T00:09:55.061+07:00  INFO 6916 --- [SpringApplicationShutdownHook] [gateway-service,,]com.netflix.discovery.DiscoveryClient    : Saw local status change event StatusChangeEvent [timestamp=1729530595061, current=DOWN, previous=UP]
2024-10-22T00:09:55.061+07:00  INFO 6916 --- [DiscoveryClient-InstanceInfoReplicator-%d] [gateway-service,,]com.netflix.discovery.DiscoveryClient    : DiscoveryClient_GATEWAY-SERVICE/DESKTOP-GDQ5MDP:gateway-service:8080: registering service...
2024-10-22T00:09:55.067+07:00  INFO 6916 --- [SpringApplicationShutdownHook] [gateway-service,,]com.netflix.discovery.DiscoveryClient    : Shutting down DiscoveryClient ...
2024-10-22T00:09:55.076+07:00  INFO 24496 --- [http-nio-9999-exec-4] [discovery-service,,]c.n.e.registry.AbstractInstanceRegistry  : Registered instance GATEWAY-SERVICE/DESKTOP-GDQ5MDP:gateway-service:8080 with status DOWN (replication=false)
2024-10-22T00:09:55.077+07:00  INFO 6916 --- [DiscoveryClient-InstanceInfoReplicator-%d] [gateway-service,,]com.netflix.discovery.DiscoveryClient    : DiscoveryClient_GATEWAY-SERVICE/DESKTOP-GDQ5MDP:gateway-service:8080 - registration status: 204
2024-10-22T00:09:55.078+07:00  INFO 6916 --- [SpringApplicationShutdownHook] [gateway-service,,]com.netflix.discovery.DiscoveryClient    : Unregistering ...
2024-10-22T00:09:55.079+07:00  INFO 24496 --- [http-nio-9999-exec-7] [discovery-service,,]c.n.e.registry.AbstractInstanceRegistry  : Cancelled instance GATEWAY-SERVICE/DESKTOP-GDQ5MDP:gateway-service:8080 (replication=false)
2024-10-22T00:09:55.080+07:00  INFO 6916 --- [SpringApplicationShutdownHook] [gateway-service,,]com.netflix.discovery.DiscoveryClient    : DiscoveryClient_GATEWAY-SERVICE/DESKTOP-GDQ5MDP:gateway-service:8080 - deregister  status: 200
2024-10-22T00:09:55.080+07:00  INFO 6916 --- [SpringApplicationShutdownHook] [gateway-service,,]com.netflix.discovery.DiscoveryClient    : Completed shut down of DiscoveryClient
2024-10-22T00:09:55.590+07:00  INFO 24496 --- [http-nio-9999-exec-10] [discovery-service,,]c.n.e.registry.AbstractInstanceRegistry  : Registered instance GATEWAY-SERVICE/DESKTOP-GDQ5MDP:gateway-service:8080 with status DOWN (replication=true)
2024-10-22T00:09:55.590+07:00  INFO 24496 --- [http-nio-9999-exec-10] [discovery-service,,]c.n.e.registry.AbstractInstanceRegistry  : Cancelled instance GATEWAY-SERVICE/DESKTOP-GDQ5MDP:gateway-service:8080 (replication=true)
2024-10-22T00:09:56.888+07:00  INFO 18864 --- [restartedMain] [gateway-service,,]o.e.g.GatewayserviceApplication          : Starting GatewayserviceApplication using Java 21.0.4 with PID 18864 (C:\Users\Admin\OneDrive\Desktop\SpringCloud0\gatewayservice\target\classes started by Admin in C:\Users\Admin\OneDrive\Desktop\SpringCloud0)
2024-10-22T00:09:56.889+07:00  INFO 18864 --- [restartedMain] [gateway-service,,]o.e.g.GatewayserviceApplication          : No active profile set, falling back to 1 default profile: "default"
2024-10-22T00:09:56.914+07:00  INFO 18864 --- [restartedMain] [gateway-service,,]o.s.c.c.c.ConfigServerConfigDataLoader   : Fetching config from server at : http://localhost:8888
2024-10-22T00:09:56.914+07:00  INFO 18864 --- [restartedMain] [gateway-service,,]o.s.c.c.c.ConfigServerConfigDataLoader   : Located environment: name=gateway-service, profiles=[default], label=null, version=null, state=null
2024-10-22T00:09:56.915+07:00  INFO 18864 --- [restartedMain] [gateway-service,,].e.DevToolsPropertyDefaultsPostProcessor : Devtools property defaults active! Set 'spring.devtools.add-properties' to 'false' to disable
2024-10-22T00:09:56.916+07:00  INFO 18864 --- [restartedMain] [gateway-service,,].e.DevToolsPropertyDefaultsPostProcessor : For additional web related logging consider setting the 'logging.level.web' property to 'DEBUG'
2024-10-22T00:09:57.320+07:00  INFO 18864 --- [restartedMain] [gateway-service,,]o.s.cloud.context.scope.GenericScope     : BeanFactory id=5bd0a126-396c-3366-9805-7ea6decca7fb
2024-10-22T00:09:57.353+07:00  WARN 18864 --- [restartedMain] [gateway-service,,]trationDelegate$BeanPostProcessorChecker : Bean 'org.springframework.cloud.client.loadbalancer.LoadBalancerAutoConfiguration$DeferringLoadBalancerInterceptorConfig' of type [org.springframework.cloud.client.loadbalancer.LoadBalancerAutoConfiguration$DeferringLoadBalancerInterceptorConfig] is not eligible for getting processed by all BeanPostProcessors (for example: not eligible for auto-proxying). The currently created BeanPostProcessor [lbRestClientPostProcessor] is declared through a non-static factory method on that class; consider declaring it as static instead.
2024-10-22T00:09:57.354+07:00  WARN 18864 --- [restartedMain] [gateway-service,,]trationDelegate$BeanPostProcessorChecker : Bean 'deferringLoadBalancerInterceptor' of type [org.springframework.cloud.client.loadbalancer.DeferringLoadBalancerInterceptor] is not eligible for getting processed by all BeanPostProcessors (for example: not eligible for auto-proxying). Is this bean getting eagerly injected into a currently created BeanPostProcessor [lbRestClientPostProcessor]? Check the corresponding BeanPostProcessor declaration and its dependencies.
2024-10-22T00:09:57.537+07:00  INFO 18864 --- [restartedMain] [gateway-service,,]o.s.b.w.embedded.tomcat.TomcatWebServer  : Tomcat initialized with port 8080 (http)
2024-10-22T00:09:57.546+07:00  INFO 18864 --- [restartedMain] [gateway-service,,]o.apache.catalina.core.StandardService   : Starting service [Tomcat]
2024-10-22T00:09:57.546+07:00  INFO 18864 --- [restartedMain] [gateway-service,,]o.apache.catalina.core.StandardEngine    : Starting Servlet engine: [Apache Tomcat/10.1.30]
2024-10-22T00:09:57.576+07:00  INFO 18864 --- [restartedMain] [gateway-service,,]o.a.c.c.C.[Tomcat].[localhost].[/]       : Initializing Spring embedded WebApplicationContext
2024-10-22T00:09:57.577+07:00  INFO 18864 --- [restartedMain] [gateway-service,,]w.s.c.ServletWebServerApplicationContext : Root WebApplicationContext: initialization completed in 661 ms
2024-10-22T00:09:57.946+07:00  WARN 18864 --- [restartedMain] [gateway-service,,]o.s.b.d.a.OptionalLiveReloadServer       : Unable to start LiveReload server
2024-10-22T00:09:57.980+07:00  INFO 18864 --- [restartedMain] [gateway-service,,]DiscoveryClientOptionalArgsConfiguration : Eureka HTTP Client uses RestTemplate.
2024-10-22T00:09:58.046+07:00  WARN 18864 --- [restartedMain] [gateway-service,,]iguration$LoadBalancerCaffeineWarnLogger : Spring Cloud LoadBalancer is currently working with the default cache. While this cache implementation is useful for development and tests, it's recommended to use Caffeine cache in production.You can switch to using Caffeine cache, by adding it and org.springframework.cache.caffeine.CaffeineCacheManager to the classpath.
2024-10-22T00:09:58.071+07:00  INFO 18864 --- [restartedMain] [gateway-service,,]o.s.c.n.eureka.InstanceInfoFactory       : Setting initial instance status as: STARTING
2024-10-22T00:09:58.084+07:00  INFO 18864 --- [restartedMain] [gateway-service,,]com.netflix.discovery.DiscoveryClient    : Initializing Eureka in region us-east-1
2024-10-22T00:09:58.087+07:00  INFO 18864 --- [restartedMain] [gateway-service,,]c.n.d.s.r.aws.ConfigClusterResolver      : Resolving eureka endpoints via configuration
2024-10-22T00:09:58.092+07:00  INFO 18864 --- [restartedMain] [gateway-service,,]com.netflix.discovery.DiscoveryClient    : Disable delta property : false
2024-10-22T00:09:58.092+07:00  INFO 18864 --- [restartedMain] [gateway-service,,]com.netflix.discovery.DiscoveryClient    : Single vip registry refresh property : null
2024-10-22T00:09:58.092+07:00  INFO 18864 --- [restartedMain] [gateway-service,,]com.netflix.discovery.DiscoveryClient    : Force full registry fetch : false
2024-10-22T00:09:58.092+07:00  INFO 18864 --- [restartedMain] [gateway-service,,]com.netflix.discovery.DiscoveryClient    : Application is null : false
2024-10-22T00:09:58.092+07:00  INFO 18864 --- [restartedMain] [gateway-service,,]com.netflix.discovery.DiscoveryClient    : Registered Applications size is zero : true
2024-10-22T00:09:58.092+07:00  INFO 18864 --- [restartedMain] [gateway-service,,]com.netflix.discovery.DiscoveryClient    : Application version is -1: true
2024-10-22T00:09:58.092+07:00  INFO 18864 --- [restartedMain] [gateway-service,,]com.netflix.discovery.DiscoveryClient    : Getting all instance registry info from the eureka server
2024-10-22T00:09:58.173+07:00  INFO 18864 --- [restartedMain] [gateway-service,,]com.netflix.discovery.DiscoveryClient    : The response status is 200
2024-10-22T00:09:58.174+07:00  INFO 18864 --- [restartedMain] [gateway-service,,]com.netflix.discovery.DiscoveryClient    : Starting heartbeat executor: renew interval is: 30
2024-10-22T00:09:58.175+07:00  INFO 18864 --- [restartedMain] [gateway-service,,]c.n.discovery.InstanceInfoReplicator     : InstanceInfoReplicator onDemand update allowed rate per min is 4
2024-10-22T00:09:58.176+07:00  INFO 18864 --- [restartedMain] [gateway-service,,]com.netflix.discovery.DiscoveryClient    : Discovery Client initialized at timestamp 1729530598176 with initial instances count: 3
2024-10-22T00:09:58.178+07:00  INFO 18864 --- [restartedMain] [gateway-service,,]o.s.c.n.e.s.EurekaServiceRegistry        : Registering application GATEWAY-SERVICE with eureka with status UP
2024-10-22T00:09:58.178+07:00  INFO 18864 --- [restartedMain] [gateway-service,,]com.netflix.discovery.DiscoveryClient    : Saw local status change event StatusChangeEvent [timestamp=1729530598178, current=UP, previous=STARTING]
2024-10-22T00:09:58.179+07:00  INFO 18864 --- [DiscoveryClient-InstanceInfoReplicator-%d] [gateway-service,,]com.netflix.discovery.DiscoveryClient    : DiscoveryClient_GATEWAY-SERVICE/DESKTOP-GDQ5MDP:gateway-service:8080: registering service...
2024-10-22T00:09:58.187+07:00  INFO 18864 --- [restartedMain] [gateway-service,,]o.s.b.w.embedded.tomcat.TomcatWebServer  : Tomcat started on port 8080 (http) with context path '/'
2024-10-22T00:09:58.187+07:00  INFO 18864 --- [restartedMain] [gateway-service,,].s.c.n.e.s.EurekaAutoServiceRegistration : Updating port to 8080
2024-10-22T00:09:58.194+07:00  INFO 18864 --- [restartedMain] [gateway-service,,]o.e.g.GatewayserviceApplication          : Started GatewayserviceApplication in 1.747 seconds (process running for 2.14)
2024-10-22T00:09:58.200+07:00  INFO 24496 --- [http-nio-9999-exec-6] [discovery-service,,]c.n.e.registry.AbstractInstanceRegistry  : Registered instance GATEWAY-SERVICE/DESKTOP-GDQ5MDP:gateway-service:8080 with status UP (replication=false)
2024-10-22T00:09:58.202+07:00  INFO 18864 --- [DiscoveryClient-InstanceInfoReplicator-%d] [gateway-service,,]com.netflix.discovery.DiscoveryClient    : DiscoveryClient_GATEWAY-SERVICE/DESKTOP-GDQ5MDP:gateway-service:8080 - registration status: 204
2024-10-22T00:09:58.710+07:00  INFO 24496 --- [http-nio-9999-exec-5] [discovery-service,,]c.n.e.registry.AbstractInstanceRegistry  : Registered instance GATEWAY-SERVICE/DESKTOP-GDQ5MDP:gateway-service:8080 with status UP (replication=true)
2024-10-22T00:10:00.882+07:00  INFO 18864 --- [http-nio-8080-exec-1] [gateway-service,,]o.a.c.c.C.[Tomcat].[localhost].[/]       : Initializing Spring DispatcherServlet 'dispatcherServlet'
2024-10-22T00:10:00.882+07:00  INFO 18864 --- [http-nio-8080-exec-1] [gateway-service,,]o.s.web.servlet.DispatcherServlet        : Initializing Servlet 'dispatcherServlet'
2024-10-22T00:10:00.883+07:00  INFO 18864 --- [http-nio-8080-exec-1] [gateway-service,,]o.s.web.servlet.DispatcherServlet        : Completed initialization in 1 ms
2024-10-22T00:10:01.436+07:00  INFO 24496 --- [Eureka-EvictionTimer] [discovery-service,,]c.n.e.registry.AbstractInstanceRegistry  : Running the evict task with compensationTime 5ms
2024-10-22T00:10:38.643+07:00  INFO 18864 --- [SpringApplicationShutdownHook] [gateway-service,,]o.s.c.n.e.s.EurekaServiceRegistry        : Unregistering application GATEWAY-SERVICE with eureka with status DOWN
2024-10-22T00:10:38.643+07:00  INFO 18864 --- [SpringApplicationShutdownHook] [gateway-service,,]com.netflix.discovery.DiscoveryClient    : Saw local status change event StatusChangeEvent [timestamp=1729530638643, current=DOWN, previous=UP]
2024-10-22T00:10:38.643+07:00  INFO 18864 --- [DiscoveryClient-InstanceInfoReplicator-%d] [gateway-service,,]com.netflix.discovery.DiscoveryClient    : DiscoveryClient_GATEWAY-SERVICE/DESKTOP-GDQ5MDP:gateway-service:8080: registering service...
2024-10-22T00:10:38.649+07:00  INFO 18864 --- [SpringApplicationShutdownHook] [gateway-service,,]com.netflix.discovery.DiscoveryClient    : Shutting down DiscoveryClient ...
2024-10-22T00:10:38.650+07:00  INFO 24496 --- [http-nio-9999-exec-5] [discovery-service,,]c.n.e.registry.AbstractInstanceRegistry  : Registered instance GATEWAY-SERVICE/DESKTOP-GDQ5MDP:gateway-service:8080 with status DOWN (replication=false)
2024-10-22T00:10:38.651+07:00  INFO 18864 --- [DiscoveryClient-InstanceInfoReplicator-%d] [gateway-service,,]com.netflix.discovery.DiscoveryClient    : DiscoveryClient_GATEWAY-SERVICE/DESKTOP-GDQ5MDP:gateway-service:8080 - registration status: 204
2024-10-22T00:10:38.652+07:00  INFO 18864 --- [SpringApplicationShutdownHook] [gateway-service,,]com.netflix.discovery.DiscoveryClient    : Unregistering ...
2024-10-22T00:10:38.653+07:00  INFO 24496 --- [http-nio-9999-exec-1] [discovery-service,,]c.n.e.registry.AbstractInstanceRegistry  : Cancelled instance GATEWAY-SERVICE/DESKTOP-GDQ5MDP:gateway-service:8080 (replication=false)
2024-10-22T00:10:38.654+07:00  INFO 18864 --- [SpringApplicationShutdownHook] [gateway-service,,]com.netflix.discovery.DiscoveryClient    : DiscoveryClient_GATEWAY-SERVICE/DESKTOP-GDQ5MDP:gateway-service:8080 - deregister  status: 200
2024-10-22T00:10:38.654+07:00  INFO 18864 --- [SpringApplicationShutdownHook] [gateway-service,,]com.netflix.discovery.DiscoveryClient    : Completed shut down of DiscoveryClient
2024-10-22T00:10:39.180+07:00  INFO 24496 --- [http-nio-9999-exec-7] [discovery-service,,]c.n.e.registry.AbstractInstanceRegistry  : Registered instance GATEWAY-SERVICE/DESKTOP-GDQ5MDP:gateway-service:8080 with status DOWN (replication=true)
2024-10-22T00:10:39.180+07:00  INFO 24496 --- [http-nio-9999-exec-7] [discovery-service,,]c.n.e.registry.AbstractInstanceRegistry  : Cancelled instance GATEWAY-SERVICE/DESKTOP-GDQ5MDP:gateway-service:8080 (replication=true)
2024-10-22T00:10:40.482+07:00  INFO 7980 --- [restartedMain] [gateway-service,,]o.e.g.GatewayserviceApplication          : Starting GatewayserviceApplication using Java 21.0.4 with PID 7980 (C:\Users\Admin\OneDrive\Desktop\SpringCloud0\gatewayservice\target\classes started by Admin in C:\Users\Admin\OneDrive\Desktop\SpringCloud0)
2024-10-22T00:10:40.483+07:00  INFO 7980 --- [restartedMain] [gateway-service,,]o.e.g.GatewayserviceApplication          : No active profile set, falling back to 1 default profile: "default"
2024-10-22T00:10:40.504+07:00  INFO 7980 --- [restartedMain] [gateway-service,,]o.s.c.c.c.ConfigServerConfigDataLoader   : Fetching config from server at : http://localhost:8888
2024-10-22T00:10:40.504+07:00  INFO 7980 --- [restartedMain] [gateway-service,,]o.s.c.c.c.ConfigServerConfigDataLoader   : Located environment: name=gateway-service, profiles=[default], label=null, version=null, state=null
2024-10-22T00:10:40.505+07:00  INFO 7980 --- [restartedMain] [gateway-service,,].e.DevToolsPropertyDefaultsPostProcessor : Devtools property defaults active! Set 'spring.devtools.add-properties' to 'false' to disable
2024-10-22T00:10:40.506+07:00  INFO 7980 --- [restartedMain] [gateway-service,,].e.DevToolsPropertyDefaultsPostProcessor : For additional web related logging consider setting the 'logging.level.web' property to 'DEBUG'
2024-10-22T00:10:40.921+07:00  INFO 7980 --- [restartedMain] [gateway-service,,]o.s.cloud.context.scope.GenericScope     : BeanFactory id=5bd0a126-396c-3366-9805-7ea6decca7fb
2024-10-22T00:10:40.955+07:00  WARN 7980 --- [restartedMain] [gateway-service,,]trationDelegate$BeanPostProcessorChecker : Bean 'org.springframework.cloud.client.loadbalancer.LoadBalancerAutoConfiguration$DeferringLoadBalancerInterceptorConfig' of type [org.springframework.cloud.client.loadbalancer.LoadBalancerAutoConfiguration$DeferringLoadBalancerInterceptorConfig] is not eligible for getting processed by all BeanPostProcessors (for example: not eligible for auto-proxying). The currently created BeanPostProcessor [lbRestClientPostProcessor] is declared through a non-static factory method on that class; consider declaring it as static instead.
2024-10-22T00:10:40.955+07:00  WARN 7980 --- [restartedMain] [gateway-service,,]trationDelegate$BeanPostProcessorChecker : Bean 'deferringLoadBalancerInterceptor' of type [org.springframework.cloud.client.loadbalancer.DeferringLoadBalancerInterceptor] is not eligible for getting processed by all BeanPostProcessors (for example: not eligible for auto-proxying). Is this bean getting eagerly injected into a currently created BeanPostProcessor [lbRestClientPostProcessor]? Check the corresponding BeanPostProcessor declaration and its dependencies.
2024-10-22T00:10:41.132+07:00  INFO 7980 --- [restartedMain] [gateway-service,,]o.s.b.w.embedded.tomcat.TomcatWebServer  : Tomcat initialized with port 8080 (http)
2024-10-22T00:10:41.140+07:00  INFO 7980 --- [restartedMain] [gateway-service,,]o.apache.catalina.core.StandardService   : Starting service [Tomcat]
2024-10-22T00:10:41.140+07:00  INFO 7980 --- [restartedMain] [gateway-service,,]o.apache.catalina.core.StandardEngine    : Starting Servlet engine: [Apache Tomcat/10.1.30]
2024-10-22T00:10:41.169+07:00  INFO 7980 --- [restartedMain] [gateway-service,,]o.a.c.c.C.[Tomcat].[localhost].[/]       : Initializing Spring embedded WebApplicationContext
2024-10-22T00:10:41.169+07:00  INFO 7980 --- [restartedMain] [gateway-service,,]w.s.c.ServletWebServerApplicationContext : Root WebApplicationContext: initialization completed in 662 ms
2024-10-22T00:10:41.525+07:00  WARN 7980 --- [restartedMain] [gateway-service,,]o.s.b.d.a.OptionalLiveReloadServer       : Unable to start LiveReload server
2024-10-22T00:10:41.560+07:00  INFO 7980 --- [restartedMain] [gateway-service,,]DiscoveryClientOptionalArgsConfiguration : Eureka HTTP Client uses RestTemplate.
2024-10-22T00:10:41.626+07:00  WARN 7980 --- [restartedMain] [gateway-service,,]iguration$LoadBalancerCaffeineWarnLogger : Spring Cloud LoadBalancer is currently working with the default cache. While this cache implementation is useful for development and tests, it's recommended to use Caffeine cache in production.You can switch to using Caffeine cache, by adding it and org.springframework.cache.caffeine.CaffeineCacheManager to the classpath.
2024-10-22T00:10:41.652+07:00  INFO 7980 --- [restartedMain] [gateway-service,,]o.s.c.n.eureka.InstanceInfoFactory       : Setting initial instance status as: STARTING
2024-10-22T00:10:41.666+07:00  INFO 7980 --- [restartedMain] [gateway-service,,]com.netflix.discovery.DiscoveryClient    : Initializing Eureka in region us-east-1
2024-10-22T00:10:41.669+07:00  INFO 7980 --- [restartedMain] [gateway-service,,]c.n.d.s.r.aws.ConfigClusterResolver      : Resolving eureka endpoints via configuration
2024-10-22T00:10:41.673+07:00  INFO 7980 --- [restartedMain] [gateway-service,,]com.netflix.discovery.DiscoveryClient    : Disable delta property : false
2024-10-22T00:10:41.673+07:00  INFO 7980 --- [restartedMain] [gateway-service,,]com.netflix.discovery.DiscoveryClient    : Single vip registry refresh property : null
2024-10-22T00:10:41.674+07:00  INFO 7980 --- [restartedMain] [gateway-service,,]com.netflix.discovery.DiscoveryClient    : Force full registry fetch : false
2024-10-22T00:10:41.674+07:00  INFO 7980 --- [restartedMain] [gateway-service,,]com.netflix.discovery.DiscoveryClient    : Application is null : false
2024-10-22T00:10:41.674+07:00  INFO 7980 --- [restartedMain] [gateway-service,,]com.netflix.discovery.DiscoveryClient    : Registered Applications size is zero : true
2024-10-22T00:10:41.674+07:00  INFO 7980 --- [restartedMain] [gateway-service,,]com.netflix.discovery.DiscoveryClient    : Application version is -1: true
2024-10-22T00:10:41.674+07:00  INFO 7980 --- [restartedMain] [gateway-service,,]com.netflix.discovery.DiscoveryClient    : Getting all instance registry info from the eureka server
2024-10-22T00:10:41.749+07:00  INFO 7980 --- [restartedMain] [gateway-service,,]com.netflix.discovery.DiscoveryClient    : The response status is 200
2024-10-22T00:10:41.750+07:00  INFO 7980 --- [restartedMain] [gateway-service,,]com.netflix.discovery.DiscoveryClient    : Starting heartbeat executor: renew interval is: 30
2024-10-22T00:10:41.752+07:00  INFO 7980 --- [restartedMain] [gateway-service,,]c.n.discovery.InstanceInfoReplicator     : InstanceInfoReplicator onDemand update allowed rate per min is 4
2024-10-22T00:10:41.752+07:00  INFO 7980 --- [restartedMain] [gateway-service,,]com.netflix.discovery.DiscoveryClient    : Discovery Client initialized at timestamp 1729530641752 with initial instances count: 3
2024-10-22T00:10:41.754+07:00  INFO 7980 --- [restartedMain] [gateway-service,,]o.s.c.n.e.s.EurekaServiceRegistry        : Registering application GATEWAY-SERVICE with eureka with status UP
2024-10-22T00:10:41.755+07:00  INFO 7980 --- [restartedMain] [gateway-service,,]com.netflix.discovery.DiscoveryClient    : Saw local status change event StatusChangeEvent [timestamp=1729530641755, current=UP, previous=STARTING]
2024-10-22T00:10:41.755+07:00  INFO 7980 --- [DiscoveryClient-InstanceInfoReplicator-%d] [gateway-service,,]com.netflix.discovery.DiscoveryClient    : DiscoveryClient_GATEWAY-SERVICE/DESKTOP-GDQ5MDP:gateway-service:8080: registering service...
2024-10-22T00:10:41.765+07:00  INFO 7980 --- [restartedMain] [gateway-service,,]o.s.b.w.embedded.tomcat.TomcatWebServer  : Tomcat started on port 8080 (http) with context path '/'
2024-10-22T00:10:41.766+07:00  INFO 7980 --- [restartedMain] [gateway-service,,].s.c.n.e.s.EurekaAutoServiceRegistration : Updating port to 8080
2024-10-22T00:10:41.772+07:00  INFO 7980 --- [restartedMain] [gateway-service,,]o.e.g.GatewayserviceApplication          : Started GatewayserviceApplication in 1.815 seconds (process running for 2.194)
2024-10-22T00:10:41.778+07:00  INFO 24496 --- [http-nio-9999-exec-3] [discovery-service,,]c.n.e.registry.AbstractInstanceRegistry  : Registered instance GATEWAY-SERVICE/DESKTOP-GDQ5MDP:gateway-service:8080 with status UP (replication=false)
2024-10-22T00:10:41.779+07:00  INFO 7980 --- [DiscoveryClient-InstanceInfoReplicator-%d] [gateway-service,,]com.netflix.discovery.DiscoveryClient    : DiscoveryClient_GATEWAY-SERVICE/DESKTOP-GDQ5MDP:gateway-service:8080 - registration status: 204
2024-10-22T00:10:42.300+07:00  INFO 24496 --- [http-nio-9999-exec-8] [discovery-service,,]c.n.e.registry.AbstractInstanceRegistry  : Registered instance GATEWAY-SERVICE/DESKTOP-GDQ5MDP:gateway-service:8080 with status UP (replication=true)
2024-10-22T00:10:43.692+07:00  INFO 18396 --- [AsyncResolver-bootstrap-executor-0] [account-service,,]c.n.d.s.r.aws.ConfigClusterResolver      : Resolving eureka endpoints via configuration
2024-10-22T00:10:49.197+07:00  INFO 7980 --- [http-nio-8080-exec-3] [gateway-service,,]o.a.c.c.C.[Tomcat].[localhost].[/]       : Initializing Spring DispatcherServlet 'dispatcherServlet'
2024-10-22T00:10:49.197+07:00  INFO 7980 --- [http-nio-8080-exec-3] [gateway-service,,]o.s.web.servlet.DispatcherServlet        : Initializing Servlet 'dispatcherServlet'
2024-10-22T00:10:49.197+07:00  INFO 7980 --- [http-nio-8080-exec-3] [gateway-service,,]o.s.web.servlet.DispatcherServlet        : Completed initialization in 0 ms
2024-10-22T00:11:01.212+07:00  INFO 24496 --- [ReplicaAwareInstanceRegistry - RenewalThresholdUpdater] [discovery-service,,]c.n.e.r.PeerAwareInstanceRegistryImpl    : Current renewal threshold is : 6
2024-10-22T00:11:01.444+07:00  INFO 24496 --- [Eureka-EvictionTimer] [discovery-service,,]c.n.e.registry.AbstractInstanceRegistry  : Running the evict task with compensationTime 7ms
2024-10-22T00:11:48.768+07:00  INFO 23316 --- [AsyncResolver-bootstrap-executor-0] [account-service,,]c.n.d.s.r.aws.ConfigClusterResolver      : Resolving eureka endpoints via configuration
2024-10-22T00:12:01.447+07:00  INFO 24496 --- [Eureka-EvictionTimer] [discovery-service,,]c.n.e.registry.AbstractInstanceRegistry  : Running the evict task with compensationTime 3ms
2024-10-22T00:13:01.449+07:00  INFO 24496 --- [Eureka-EvictionTimer] [discovery-service,,]c.n.e.registry.AbstractInstanceRegistry  : Running the evict task with compensationTime 2ms
2024-10-22T00:14:01.462+07:00  INFO 24496 --- [Eureka-EvictionTimer] [discovery-service,,]c.n.e.registry.AbstractInstanceRegistry  : Running the evict task with compensationTime 12ms
2024-10-22T00:14:59.676+07:00  INFO 7980 --- [SpringApplicationShutdownHook] [gateway-service,,]o.s.c.n.e.s.EurekaServiceRegistry        : Unregistering application GATEWAY-SERVICE with eureka with status DOWN
2024-10-22T00:14:59.676+07:00  INFO 7980 --- [SpringApplicationShutdownHook] [gateway-service,,]com.netflix.discovery.DiscoveryClient    : Saw local status change event StatusChangeEvent [timestamp=1729530899676, current=DOWN, previous=UP]
2024-10-22T00:14:59.676+07:00  INFO 7980 --- [DiscoveryClient-InstanceInfoReplicator-%d] [gateway-service,,]com.netflix.discovery.DiscoveryClient    : DiscoveryClient_GATEWAY-SERVICE/DESKTOP-GDQ5MDP:gateway-service:8080: registering service...
2024-10-22T00:14:59.682+07:00  INFO 7980 --- [SpringApplicationShutdownHook] [gateway-service,,]com.netflix.discovery.DiscoveryClient    : Shutting down DiscoveryClient ...
2024-10-22T00:14:59.684+07:00  INFO 24496 --- [http-nio-9999-exec-9] [discovery-service,,]c.n.e.registry.AbstractInstanceRegistry  : Registered instance GATEWAY-SERVICE/DESKTOP-GDQ5MDP:gateway-service:8080 with status DOWN (replication=false)
2024-10-22T00:14:59.684+07:00  INFO 7980 --- [DiscoveryClient-InstanceInfoReplicator-%d] [gateway-service,,]com.netflix.discovery.DiscoveryClient    : DiscoveryClient_GATEWAY-SERVICE/DESKTOP-GDQ5MDP:gateway-service:8080 - registration status: 204
2024-10-22T00:14:59.685+07:00  INFO 7980 --- [SpringApplicationShutdownHook] [gateway-service,,]com.netflix.discovery.DiscoveryClient    : Unregistering ...
2024-10-22T00:14:59.687+07:00  INFO 24496 --- [http-nio-9999-exec-8] [discovery-service,,]c.n.e.registry.AbstractInstanceRegistry  : Cancelled instance GATEWAY-SERVICE/DESKTOP-GDQ5MDP:gateway-service:8080 (replication=false)
2024-10-22T00:14:59.687+07:00  INFO 7980 --- [SpringApplicationShutdownHook] [gateway-service,,]com.netflix.discovery.DiscoveryClient    : DiscoveryClient_GATEWAY-SERVICE/DESKTOP-GDQ5MDP:gateway-service:8080 - deregister  status: 200
2024-10-22T00:14:59.688+07:00  INFO 7980 --- [SpringApplicationShutdownHook] [gateway-service,,]com.netflix.discovery.DiscoveryClient    : Completed shut down of DiscoveryClient
2024-10-22T00:15:00.211+07:00  INFO 24496 --- [http-nio-9999-exec-6] [discovery-service,,]c.n.e.registry.AbstractInstanceRegistry  : Registered instance GATEWAY-SERVICE/DESKTOP-GDQ5MDP:gateway-service:8080 with status DOWN (replication=true)
2024-10-22T00:15:00.211+07:00  INFO 24496 --- [http-nio-9999-exec-6] [discovery-service,,]c.n.e.registry.AbstractInstanceRegistry  : Cancelled instance GATEWAY-SERVICE/DESKTOP-GDQ5MDP:gateway-service:8080 (replication=true)
2024-10-22T00:15:01.467+07:00  INFO 24496 --- [Eureka-EvictionTimer] [discovery-service,,]c.n.e.registry.AbstractInstanceRegistry  : Running the evict task with compensationTime 5ms
2024-10-22T00:15:02.493+07:00  INFO 25856 --- [restartedMain] [gateway-service,,]o.e.g.GatewayserviceApplication          : Starting GatewayserviceApplication using Java 21.0.4 with PID 25856 (C:\Users\Admin\OneDrive\Desktop\SpringCloud0\gatewayservice\target\classes started by Admin in C:\Users\Admin\OneDrive\Desktop\SpringCloud0)
2024-10-22T00:15:02.494+07:00  INFO 25856 --- [restartedMain] [gateway-service,,]o.e.g.GatewayserviceApplication          : No active profile set, falling back to 1 default profile: "default"
2024-10-22T00:15:02.517+07:00  INFO 25856 --- [restartedMain] [gateway-service,,]o.s.c.c.c.ConfigServerConfigDataLoader   : Fetching config from server at : http://localhost:8888
2024-10-22T00:15:02.517+07:00  INFO 25856 --- [restartedMain] [gateway-service,,]o.s.c.c.c.ConfigServerConfigDataLoader   : Located environment: name=gateway-service, profiles=[default], label=null, version=null, state=null
2024-10-22T00:15:02.518+07:00  INFO 25856 --- [restartedMain] [gateway-service,,].e.DevToolsPropertyDefaultsPostProcessor : Devtools property defaults active! Set 'spring.devtools.add-properties' to 'false' to disable
2024-10-22T00:15:02.518+07:00  INFO 25856 --- [restartedMain] [gateway-service,,].e.DevToolsPropertyDefaultsPostProcessor : For additional web related logging consider setting the 'logging.level.web' property to 'DEBUG'
2024-10-22T00:15:02.949+07:00  INFO 25856 --- [restartedMain] [gateway-service,,]o.s.cloud.context.scope.GenericScope     : BeanFactory id=5bd0a126-396c-3366-9805-7ea6decca7fb
2024-10-22T00:15:02.982+07:00  WARN 25856 --- [restartedMain] [gateway-service,,]trationDelegate$BeanPostProcessorChecker : Bean 'org.springframework.cloud.client.loadbalancer.LoadBalancerAutoConfiguration$DeferringLoadBalancerInterceptorConfig' of type [org.springframework.cloud.client.loadbalancer.LoadBalancerAutoConfiguration$DeferringLoadBalancerInterceptorConfig] is not eligible for getting processed by all BeanPostProcessors (for example: not eligible for auto-proxying). The currently created BeanPostProcessor [lbRestClientPostProcessor] is declared through a non-static factory method on that class; consider declaring it as static instead.
2024-10-22T00:15:02.983+07:00  WARN 25856 --- [restartedMain] [gateway-service,,]trationDelegate$BeanPostProcessorChecker : Bean 'deferringLoadBalancerInterceptor' of type [org.springframework.cloud.client.loadbalancer.DeferringLoadBalancerInterceptor] is not eligible for getting processed by all BeanPostProcessors (for example: not eligible for auto-proxying). Is this bean getting eagerly injected into a currently created BeanPostProcessor [lbRestClientPostProcessor]? Check the corresponding BeanPostProcessor declaration and its dependencies.
2024-10-22T00:15:03.169+07:00  INFO 25856 --- [restartedMain] [gateway-service,,]o.s.b.w.embedded.tomcat.TomcatWebServer  : Tomcat initialized with port 8080 (http)
2024-10-22T00:15:03.177+07:00  INFO 25856 --- [restartedMain] [gateway-service,,]o.apache.catalina.core.StandardService   : Starting service [Tomcat]
2024-10-22T00:15:03.177+07:00  INFO 25856 --- [restartedMain] [gateway-service,,]o.apache.catalina.core.StandardEngine    : Starting Servlet engine: [Apache Tomcat/10.1.30]
2024-10-22T00:15:03.207+07:00  INFO 25856 --- [restartedMain] [gateway-service,,]o.a.c.c.C.[Tomcat].[localhost].[/]       : Initializing Spring embedded WebApplicationContext
2024-10-22T00:15:03.207+07:00  INFO 25856 --- [restartedMain] [gateway-service,,]w.s.c.ServletWebServerApplicationContext : Root WebApplicationContext: initialization completed in 688 ms
2024-10-22T00:15:03.561+07:00  WARN 25856 --- [restartedMain] [gateway-service,,]o.s.b.d.a.OptionalLiveReloadServer       : Unable to start LiveReload server
2024-10-22T00:15:03.593+07:00  INFO 25856 --- [restartedMain] [gateway-service,,]DiscoveryClientOptionalArgsConfiguration : Eureka HTTP Client uses RestTemplate.
2024-10-22T00:15:03.658+07:00  WARN 25856 --- [restartedMain] [gateway-service,,]iguration$LoadBalancerCaffeineWarnLogger : Spring Cloud LoadBalancer is currently working with the default cache. While this cache implementation is useful for development and tests, it's recommended to use Caffeine cache in production.You can switch to using Caffeine cache, by adding it and org.springframework.cache.caffeine.CaffeineCacheManager to the classpath.
2024-10-22T00:15:03.684+07:00  INFO 25856 --- [restartedMain] [gateway-service,,]o.s.c.n.eureka.InstanceInfoFactory       : Setting initial instance status as: STARTING
2024-10-22T00:15:03.697+07:00  INFO 25856 --- [restartedMain] [gateway-service,,]com.netflix.discovery.DiscoveryClient    : Initializing Eureka in region us-east-1
2024-10-22T00:15:03.699+07:00  INFO 25856 --- [restartedMain] [gateway-service,,]c.n.d.s.r.aws.ConfigClusterResolver      : Resolving eureka endpoints via configuration
2024-10-22T00:15:03.704+07:00  INFO 25856 --- [restartedMain] [gateway-service,,]com.netflix.discovery.DiscoveryClient    : Disable delta property : false
2024-10-22T00:15:03.704+07:00  INFO 25856 --- [restartedMain] [gateway-service,,]com.netflix.discovery.DiscoveryClient    : Single vip registry refresh property : null
2024-10-22T00:15:03.704+07:00  INFO 25856 --- [restartedMain] [gateway-service,,]com.netflix.discovery.DiscoveryClient    : Force full registry fetch : false
2024-10-22T00:15:03.704+07:00  INFO 25856 --- [restartedMain] [gateway-service,,]com.netflix.discovery.DiscoveryClient    : Application is null : false
2024-10-22T00:15:03.704+07:00  INFO 25856 --- [restartedMain] [gateway-service,,]com.netflix.discovery.DiscoveryClient    : Registered Applications size is zero : true
2024-10-22T00:15:03.704+07:00  INFO 25856 --- [restartedMain] [gateway-service,,]com.netflix.discovery.DiscoveryClient    : Application version is -1: true
2024-10-22T00:15:03.704+07:00  INFO 25856 --- [restartedMain] [gateway-service,,]com.netflix.discovery.DiscoveryClient    : Getting all instance registry info from the eureka server
2024-10-22T00:15:03.779+07:00  INFO 25856 --- [restartedMain] [gateway-service,,]com.netflix.discovery.DiscoveryClient    : The response status is 200
2024-10-22T00:15:03.780+07:00  INFO 25856 --- [restartedMain] [gateway-service,,]com.netflix.discovery.DiscoveryClient    : Starting heartbeat executor: renew interval is: 30
2024-10-22T00:15:03.780+07:00  INFO 25856 --- [restartedMain] [gateway-service,,]c.n.discovery.InstanceInfoReplicator     : InstanceInfoReplicator onDemand update allowed rate per min is 4
2024-10-22T00:15:03.782+07:00  INFO 25856 --- [restartedMain] [gateway-service,,]com.netflix.discovery.DiscoveryClient    : Discovery Client initialized at timestamp 1729530903781 with initial instances count: 2
2024-10-22T00:15:03.784+07:00  INFO 25856 --- [restartedMain] [gateway-service,,]o.s.c.n.e.s.EurekaServiceRegistry        : Registering application GATEWAY-SERVICE with eureka with status UP
2024-10-22T00:15:03.785+07:00  INFO 25856 --- [restartedMain] [gateway-service,,]com.netflix.discovery.DiscoveryClient    : Saw local status change event StatusChangeEvent [timestamp=1729530903785, current=UP, previous=STARTING]
2024-10-22T00:15:03.786+07:00  INFO 25856 --- [DiscoveryClient-InstanceInfoReplicator-%d] [gateway-service,,]com.netflix.discovery.DiscoveryClient    : DiscoveryClient_GATEWAY-SERVICE/DESKTOP-GDQ5MDP:gateway-service:8080: registering service...
2024-10-22T00:15:03.796+07:00  INFO 25856 --- [restartedMain] [gateway-service,,]o.s.b.w.embedded.tomcat.TomcatWebServer  : Tomcat started on port 8080 (http) with context path '/'
2024-10-22T00:15:03.797+07:00  INFO 25856 --- [restartedMain] [gateway-service,,].s.c.n.e.s.EurekaAutoServiceRegistration : Updating port to 8080
2024-10-22T00:15:03.808+07:00  INFO 25856 --- [restartedMain] [gateway-service,,]o.e.g.GatewayserviceApplication          : Started GatewayserviceApplication in 1.757 seconds (process running for 2.136)
2024-10-22T00:15:03.815+07:00  INFO 24496 --- [http-nio-9999-exec-1] [discovery-service,,]c.n.e.registry.AbstractInstanceRegistry  : Registered instance GATEWAY-SERVICE/DESKTOP-GDQ5MDP:gateway-service:8080 with status UP (replication=false)
2024-10-22T00:15:03.816+07:00  INFO 25856 --- [DiscoveryClient-InstanceInfoReplicator-%d] [gateway-service,,]com.netflix.discovery.DiscoveryClient    : DiscoveryClient_GATEWAY-SERVICE/DESKTOP-GDQ5MDP:gateway-service:8080 - registration status: 204
2024-10-22T00:15:04.340+07:00  INFO 24496 --- [http-nio-9999-exec-3] [discovery-service,,]c.n.e.registry.AbstractInstanceRegistry  : Registered instance GATEWAY-SERVICE/DESKTOP-GDQ5MDP:gateway-service:8080 with status UP (replication=true)
2024-10-22T00:15:43.704+07:00  INFO 18396 --- [AsyncResolver-bootstrap-executor-0] [account-service,,]c.n.d.s.r.aws.ConfigClusterResolver      : Resolving eureka endpoints via configuration
2024-10-22T00:16:01.483+07:00  INFO 24496 --- [Eureka-EvictionTimer] [discovery-service,,]c.n.e.registry.AbstractInstanceRegistry  : Running the evict task with compensationTime 15ms
2024-10-22T00:16:48.780+07:00  INFO 23316 --- [AsyncResolver-bootstrap-executor-0] [account-service,,]c.n.d.s.r.aws.ConfigClusterResolver      : Resolving eureka endpoints via configuration
2024-10-22T00:17:01.492+07:00  INFO 24496 --- [Eureka-EvictionTimer] [discovery-service,,]c.n.e.registry.AbstractInstanceRegistry  : Running the evict task with compensationTime 9ms
2024-10-22T00:17:03.743+07:00  INFO 25856 --- [File Watcher] [gateway-service,,]rtingClassPathChangeChangedEventListener : Restarting due to 1 class path change (0 additions, 0 deletions, 1 modification)
2024-10-22T00:17:03.744+07:00  INFO 25856 --- [Thread-1] [gateway-service,,]o.s.c.n.e.s.EurekaServiceRegistry        : Unregistering application GATEWAY-SERVICE with eureka with status DOWN
2024-10-22T00:17:03.744+07:00  INFO 25856 --- [Thread-1] [gateway-service,,]com.netflix.discovery.DiscoveryClient    : Saw local status change event StatusChangeEvent [timestamp=1729531023744, current=DOWN, previous=UP]
2024-10-22T00:17:03.744+07:00  INFO 25856 --- [DiscoveryClient-InstanceInfoReplicator-%d] [gateway-service,,]com.netflix.discovery.DiscoveryClient    : DiscoveryClient_GATEWAY-SERVICE/DESKTOP-GDQ5MDP:gateway-service:8080: registering service...
2024-10-22T00:17:03.750+07:00  INFO 25856 --- [Thread-1] [gateway-service,,]com.netflix.discovery.DiscoveryClient    : Shutting down DiscoveryClient ...
2024-10-22T00:17:03.758+07:00  INFO 24496 --- [http-nio-9999-exec-4] [discovery-service,,]c.n.e.registry.AbstractInstanceRegistry  : Registered instance GATEWAY-SERVICE/DESKTOP-GDQ5MDP:gateway-service:8080 with status DOWN (replication=false)
2024-10-22T00:17:03.758+07:00  INFO 25856 --- [DiscoveryClient-InstanceInfoReplicator-%d] [gateway-service,,]com.netflix.discovery.DiscoveryClient    : DiscoveryClient_GATEWAY-SERVICE/DESKTOP-GDQ5MDP:gateway-service:8080 - registration status: 204
2024-10-22T00:17:03.759+07:00  INFO 25856 --- [Thread-1] [gateway-service,,]com.netflix.discovery.DiscoveryClient    : Unregistering ...
2024-10-22T00:17:03.760+07:00  INFO 24496 --- [http-nio-9999-exec-9] [discovery-service,,]c.n.e.registry.AbstractInstanceRegistry  : Cancelled instance GATEWAY-SERVICE/DESKTOP-GDQ5MDP:gateway-service:8080 (replication=false)
2024-10-22T00:17:03.760+07:00  INFO 25856 --- [Thread-1] [gateway-service,,]com.netflix.discovery.DiscoveryClient    : DiscoveryClient_GATEWAY-SERVICE/DESKTOP-GDQ5MDP:gateway-service:8080 - deregister  status: 200
2024-10-22T00:17:03.760+07:00  INFO 25856 --- [Thread-1] [gateway-service,,]com.netflix.discovery.DiscoveryClient    : Completed shut down of DiscoveryClient
2024-10-22T00:17:03.822+07:00  INFO 25856 --- [restartedMain] [gateway-service,,]o.e.g.GatewayserviceApplication          : Starting GatewayserviceApplication using Java 21.0.4 with PID 25856 (C:\Users\Admin\OneDrive\Desktop\SpringCloud0\gatewayservice\target\classes started by Admin in C:\Users\Admin\OneDrive\Desktop\SpringCloud0)
2024-10-22T00:17:03.822+07:00  INFO 25856 --- [restartedMain] [gateway-service,,]o.e.g.GatewayserviceApplication          : No active profile set, falling back to 1 default profile: "default"
2024-10-22T00:17:03.823+07:00  INFO 25856 --- [restartedMain] [gateway-service,,]o.s.c.c.c.ConfigServerConfigDataLoader   : Fetching config from server at : http://localhost:8888
2024-10-22T00:17:03.823+07:00  INFO 25856 --- [restartedMain] [gateway-service,,]o.s.c.c.c.ConfigServerConfigDataLoader   : Located environment: name=gateway-service, profiles=[default], label=null, version=null, state=null
2024-10-22T00:17:03.933+07:00  INFO 25856 --- [restartedMain] [gateway-service,,]o.s.cloud.context.scope.GenericScope     : BeanFactory id=5bd0a126-396c-3366-9805-7ea6decca7fb
2024-10-22T00:17:03.938+07:00  WARN 25856 --- [restartedMain] [gateway-service,,]trationDelegate$BeanPostProcessorChecker : Bean 'org.springframework.cloud.client.loadbalancer.LoadBalancerAutoConfiguration$DeferringLoadBalancerInterceptorConfig' of type [org.springframework.cloud.client.loadbalancer.LoadBalancerAutoConfiguration$DeferringLoadBalancerInterceptorConfig] is not eligible for getting processed by all BeanPostProcessors (for example: not eligible for auto-proxying). The currently created BeanPostProcessor [lbRestClientPostProcessor] is declared through a non-static factory method on that class; consider declaring it as static instead.
2024-10-22T00:17:03.938+07:00  WARN 25856 --- [restartedMain] [gateway-service,,]trationDelegate$BeanPostProcessorChecker : Bean 'deferringLoadBalancerInterceptor' of type [org.springframework.cloud.client.loadbalancer.DeferringLoadBalancerInterceptor] is not eligible for getting processed by all BeanPostProcessors (for example: not eligible for auto-proxying). Is this bean getting eagerly injected into a currently created BeanPostProcessor [lbRestClientPostProcessor]? Check the corresponding BeanPostProcessor declaration and its dependencies.
2024-10-22T00:17:03.960+07:00  INFO 25856 --- [restartedMain] [gateway-service,,]o.s.b.w.embedded.tomcat.TomcatWebServer  : Tomcat initialized with port 8080 (http)
2024-10-22T00:17:03.960+07:00  INFO 25856 --- [restartedMain] [gateway-service,,]o.apache.catalina.core.StandardService   : Starting service [Tomcat]
2024-10-22T00:17:03.961+07:00  INFO 25856 --- [restartedMain] [gateway-service,,]o.apache.catalina.core.StandardEngine    : Starting Servlet engine: [Apache Tomcat/10.1.30]
2024-10-22T00:17:03.975+07:00  INFO 25856 --- [restartedMain] [gateway-service,,]o.a.c.c.C.[Tomcat].[localhost].[/]       : Initializing Spring embedded WebApplicationContext
2024-10-22T00:17:03.975+07:00  INFO 25856 --- [restartedMain] [gateway-service,,]w.s.c.ServletWebServerApplicationContext : Root WebApplicationContext: initialization completed in 151 ms
2024-10-22T00:17:04.036+07:00  WARN 25856 --- [restartedMain] [gateway-service,,]o.s.b.d.a.OptionalLiveReloadServer       : Unable to start LiveReload server
2024-10-22T00:17:04.052+07:00  INFO 25856 --- [restartedMain] [gateway-service,,]DiscoveryClientOptionalArgsConfiguration : Eureka HTTP Client uses RestTemplate.
2024-10-22T00:17:04.064+07:00  WARN 25856 --- [restartedMain] [gateway-service,,]iguration$LoadBalancerCaffeineWarnLogger : Spring Cloud LoadBalancer is currently working with the default cache. While this cache implementation is useful for development and tests, it's recommended to use Caffeine cache in production.You can switch to using Caffeine cache, by adding it and org.springframework.cache.caffeine.CaffeineCacheManager to the classpath.
2024-10-22T00:17:04.072+07:00  INFO 25856 --- [restartedMain] [gateway-service,,]o.s.c.n.eureka.InstanceInfoFactory       : Setting initial instance status as: STARTING
2024-10-22T00:17:04.074+07:00  INFO 25856 --- [restartedMain] [gateway-service,,]com.netflix.discovery.DiscoveryClient    : Initializing Eureka in region us-east-1
2024-10-22T00:17:04.074+07:00  INFO 25856 --- [restartedMain] [gateway-service,,]c.n.d.s.r.aws.ConfigClusterResolver      : Resolving eureka endpoints via configuration
2024-10-22T00:17:04.074+07:00  INFO 25856 --- [restartedMain] [gateway-service,,]com.netflix.discovery.DiscoveryClient    : Disable delta property : false
2024-10-22T00:17:04.074+07:00  INFO 25856 --- [restartedMain] [gateway-service,,]com.netflix.discovery.DiscoveryClient    : Single vip registry refresh property : null
2024-10-22T00:17:04.074+07:00  INFO 25856 --- [restartedMain] [gateway-service,,]com.netflix.discovery.DiscoveryClient    : Force full registry fetch : false
2024-10-22T00:17:04.074+07:00  INFO 25856 --- [restartedMain] [gateway-service,,]com.netflix.discovery.DiscoveryClient    : Application is null : false
2024-10-22T00:17:04.074+07:00  INFO 25856 --- [restartedMain] [gateway-service,,]com.netflix.discovery.DiscoveryClient    : Registered Applications size is zero : true
2024-10-22T00:17:04.074+07:00  INFO 25856 --- [restartedMain] [gateway-service,,]com.netflix.discovery.DiscoveryClient    : Application version is -1: true
2024-10-22T00:17:04.074+07:00  INFO 25856 --- [restartedMain] [gateway-service,,]com.netflix.discovery.DiscoveryClient    : Getting all instance registry info from the eureka server
2024-10-22T00:17:04.090+07:00  INFO 25856 --- [restartedMain] [gateway-service,,]com.netflix.discovery.DiscoveryClient    : The response status is 200
2024-10-22T00:17:04.090+07:00  INFO 25856 --- [restartedMain] [gateway-service,,]com.netflix.discovery.DiscoveryClient    : Starting heartbeat executor: renew interval is: 30
2024-10-22T00:17:04.090+07:00  INFO 25856 --- [restartedMain] [gateway-service,,]c.n.discovery.InstanceInfoReplicator     : InstanceInfoReplicator onDemand update allowed rate per min is 4
2024-10-22T00:17:04.090+07:00  INFO 25856 --- [restartedMain] [gateway-service,,]com.netflix.discovery.DiscoveryClient    : Discovery Client initialized at timestamp 1729531024090 with initial instances count: 3
2024-10-22T00:17:04.091+07:00  INFO 25856 --- [restartedMain] [gateway-service,,]o.s.c.n.e.s.EurekaServiceRegistry        : Registering application GATEWAY-SERVICE with eureka with status UP
2024-10-22T00:17:04.091+07:00  INFO 25856 --- [restartedMain] [gateway-service,,]com.netflix.discovery.DiscoveryClient    : Saw local status change event StatusChangeEvent [timestamp=1729531024091, current=UP, previous=STARTING]
2024-10-22T00:17:04.091+07:00  INFO 25856 --- [DiscoveryClient-InstanceInfoReplicator-%d] [gateway-service,,]com.netflix.discovery.DiscoveryClient    : DiscoveryClient_GATEWAY-SERVICE/DESKTOP-GDQ5MDP:gateway-service:8080: registering service...
2024-10-22T00:17:04.093+07:00  INFO 25856 --- [restartedMain] [gateway-service,,]o.s.b.w.embedded.tomcat.TomcatWebServer  : Tomcat started on port 8080 (http) with context path '/'
2024-10-22T00:17:04.093+07:00  INFO 25856 --- [restartedMain] [gateway-service,,].s.c.n.e.s.EurekaAutoServiceRegistration : Updating port to 8080
2024-10-22T00:17:04.097+07:00  INFO 24496 --- [http-nio-9999-exec-6] [discovery-service,,]c.n.e.registry.AbstractInstanceRegistry  : Registered instance GATEWAY-SERVICE/DESKTOP-GDQ5MDP:gateway-service:8080 with status UP (replication=false)
2024-10-22T00:17:04.097+07:00  INFO 25856 --- [DiscoveryClient-InstanceInfoReplicator-%d] [gateway-service,,]com.netflix.discovery.DiscoveryClient    : DiscoveryClient_GATEWAY-SERVICE/DESKTOP-GDQ5MDP:gateway-service:8080 - registration status: 204
2024-10-22T00:17:04.098+07:00  INFO 25856 --- [restartedMain] [gateway-service,,]o.e.g.GatewayserviceApplication          : Started GatewayserviceApplication in 0.314 seconds (process running for 122.426)
2024-10-22T00:17:04.099+07:00  INFO 25856 --- [restartedMain] [gateway-service,,].ConditionEvaluationDeltaLoggingListener : Condition evaluation unchanged
2024-10-22T00:17:04.627+07:00  INFO 24496 --- [http-nio-9999-exec-5] [discovery-service,,]c.n.e.registry.AbstractInstanceRegistry  : Registered instance GATEWAY-SERVICE/DESKTOP-GDQ5MDP:gateway-service:8080 with status UP (replication=true)
2024-10-22T00:17:04.628+07:00  INFO 24496 --- [http-nio-9999-exec-5] [discovery-service,,]c.n.e.registry.AbstractInstanceRegistry  : Cancelled instance GATEWAY-SERVICE/DESKTOP-GDQ5MDP:gateway-service:8080 (replication=true)
2024-10-22T00:17:34.116+07:00  WARN 24496 --- [http-nio-9999-exec-2] [discovery-service,,]c.n.e.registry.AbstractInstanceRegistry  : DS: Registry: lease doesn't exist, registering resource: GATEWAY-SERVICE - DESKTOP-GDQ5MDP:gateway-service:8080
2024-10-22T00:17:34.116+07:00  WARN 24496 --- [http-nio-9999-exec-2] [discovery-service,,]c.n.eureka.resources.InstanceResource    : Not Found (Renew): GATEWAY-SERVICE - DESKTOP-GDQ5MDP:gateway-service:8080
2024-10-22T00:17:34.117+07:00  INFO 25856 --- [DiscoveryClient-HeartbeatExecutor-%d] [gateway-service,,]com.netflix.discovery.DiscoveryClient    : DiscoveryClient_GATEWAY-SERVICE/DESKTOP-GDQ5MDP:gateway-service:8080 - Re-registering apps/GATEWAY-SERVICE
2024-10-22T00:17:34.118+07:00  INFO 25856 --- [DiscoveryClient-HeartbeatExecutor-%d] [gateway-service,,]com.netflix.discovery.DiscoveryClient    : DiscoveryClient_GATEWAY-SERVICE/DESKTOP-GDQ5MDP:gateway-service:8080: registering service...
2024-10-22T00:17:34.120+07:00  INFO 24496 --- [http-nio-9999-exec-6] [discovery-service,,]c.n.e.registry.AbstractInstanceRegistry  : Registered instance GATEWAY-SERVICE/DESKTOP-GDQ5MDP:gateway-service:8080 with status UP (replication=false)
2024-10-22T00:17:34.120+07:00  INFO 25856 --- [DiscoveryClient-HeartbeatExecutor-%d] [gateway-service,,]com.netflix.discovery.DiscoveryClient    : DiscoveryClient_GATEWAY-SERVICE/DESKTOP-GDQ5MDP:gateway-service:8080 - registration status: 204
2024-10-22T00:17:34.644+07:00  INFO 24496 --- [http-nio-9999-exec-5] [discovery-service,,]c.n.e.registry.AbstractInstanceRegistry  : Registered instance GATEWAY-SERVICE/DESKTOP-GDQ5MDP:gateway-service:8080 with status UP (replication=true)
2024-10-22T00:18:01.492+07:00  INFO 24496 --- [Eureka-EvictionTimer] [discovery-service,,]c.n.e.registry.AbstractInstanceRegistry  : Running the evict task with compensationTime 0ms
2024-10-22T00:18:22.278+07:00  INFO 25856 --- [http-nio-8080-exec-2] [gateway-service,,]o.a.c.c.C.[Tomcat].[localhost].[/]       : Initializing Spring DispatcherServlet 'dispatcherServlet'
2024-10-22T00:18:22.278+07:00  INFO 25856 --- [http-nio-8080-exec-2] [gateway-service,,]o.s.web.servlet.DispatcherServlet        : Initializing Servlet 'dispatcherServlet'
2024-10-22T00:18:22.279+07:00  INFO 25856 --- [http-nio-8080-exec-2] [gateway-service,,]o.s.web.servlet.DispatcherServlet        : Completed initialization in 1 ms
2024-10-22T00:19:01.507+07:00  INFO 24496 --- [Eureka-EvictionTimer] [discovery-service,,]c.n.e.registry.AbstractInstanceRegistry  : Running the evict task with compensationTime 14ms
2024-10-22T00:19:14.178+07:00  INFO 25856 --- [SpringApplicationShutdownHook] [gateway-service,,]o.s.c.n.e.s.EurekaServiceRegistry        : Unregistering application GATEWAY-SERVICE with eureka with status DOWN
2024-10-22T00:19:14.178+07:00  INFO 25856 --- [SpringApplicationShutdownHook] [gateway-service,,]com.netflix.discovery.DiscoveryClient    : Saw local status change event StatusChangeEvent [timestamp=1729531154178, current=DOWN, previous=UP]
2024-10-22T00:19:14.179+07:00  INFO 25856 --- [DiscoveryClient-InstanceInfoReplicator-%d] [gateway-service,,]com.netflix.discovery.DiscoveryClient    : DiscoveryClient_GATEWAY-SERVICE/DESKTOP-GDQ5MDP:gateway-service:8080: registering service...
2024-10-22T00:19:14.183+07:00  INFO 25856 --- [SpringApplicationShutdownHook] [gateway-service,,]com.netflix.discovery.DiscoveryClient    : Shutting down DiscoveryClient ...
2024-10-22T00:19:14.196+07:00  INFO 24496 --- [http-nio-9999-exec-10] [discovery-service,,]c.n.e.registry.AbstractInstanceRegistry  : Registered instance GATEWAY-SERVICE/DESKTOP-GDQ5MDP:gateway-service:8080 with status DOWN (replication=false)
2024-10-22T00:19:14.196+07:00  INFO 25856 --- [DiscoveryClient-InstanceInfoReplicator-%d] [gateway-service,,]com.netflix.discovery.DiscoveryClient    : DiscoveryClient_GATEWAY-SERVICE/DESKTOP-GDQ5MDP:gateway-service:8080 - registration status: 204
2024-10-22T00:19:14.196+07:00  INFO 25856 --- [SpringApplicationShutdownHook] [gateway-service,,]com.netflix.discovery.DiscoveryClient    : Unregistering ...
2024-10-22T00:19:14.197+07:00  INFO 24496 --- [http-nio-9999-exec-6] [discovery-service,,]c.n.e.registry.AbstractInstanceRegistry  : Cancelled instance GATEWAY-SERVICE/DESKTOP-GDQ5MDP:gateway-service:8080 (replication=false)
2024-10-22T00:19:14.198+07:00  INFO 25856 --- [SpringApplicationShutdownHook] [gateway-service,,]com.netflix.discovery.DiscoveryClient    : DiscoveryClient_GATEWAY-SERVICE/DESKTOP-GDQ5MDP:gateway-service:8080 - deregister  status: 200
2024-10-22T00:19:14.198+07:00  INFO 25856 --- [SpringApplicationShutdownHook] [gateway-service,,]com.netflix.discovery.DiscoveryClient    : Completed shut down of DiscoveryClient
2024-10-22T00:19:14.722+07:00  INFO 24496 --- [http-nio-9999-exec-3] [discovery-service,,]c.n.e.registry.AbstractInstanceRegistry  : Registered instance GATEWAY-SERVICE/DESKTOP-GDQ5MDP:gateway-service:8080 with status DOWN (replication=true)
2024-10-22T00:19:14.723+07:00  INFO 24496 --- [http-nio-9999-exec-3] [discovery-service,,]c.n.e.registry.AbstractInstanceRegistry  : Cancelled instance GATEWAY-SERVICE/DESKTOP-GDQ5MDP:gateway-service:8080 (replication=true)
2024-10-22T00:19:15.944+07:00  INFO 6596 --- [restartedMain] [gateway-service,,]o.e.g.GatewayserviceApplication          : Starting GatewayserviceApplication using Java 21.0.4 with PID 6596 (C:\Users\Admin\OneDrive\Desktop\SpringCloud0\gatewayservice\target\classes started by Admin in C:\Users\Admin\OneDrive\Desktop\SpringCloud0)
2024-10-22T00:19:15.945+07:00  INFO 6596 --- [restartedMain] [gateway-service,,]o.e.g.GatewayserviceApplication          : No active profile set, falling back to 1 default profile: "default"
2024-10-22T00:19:15.970+07:00  INFO 6596 --- [restartedMain] [gateway-service,,]o.s.c.c.c.ConfigServerConfigDataLoader   : Fetching config from server at : http://localhost:8888
2024-10-22T00:19:15.970+07:00  INFO 6596 --- [restartedMain] [gateway-service,,]o.s.c.c.c.ConfigServerConfigDataLoader   : Located environment: name=gateway-service, profiles=[default], label=null, version=null, state=null
2024-10-22T00:19:15.971+07:00  INFO 6596 --- [restartedMain] [gateway-service,,].e.DevToolsPropertyDefaultsPostProcessor : Devtools property defaults active! Set 'spring.devtools.add-properties' to 'false' to disable
2024-10-22T00:19:15.973+07:00  INFO 6596 --- [restartedMain] [gateway-service,,].e.DevToolsPropertyDefaultsPostProcessor : For additional web related logging consider setting the 'logging.level.web' property to 'DEBUG'
2024-10-22T00:19:16.382+07:00  INFO 6596 --- [restartedMain] [gateway-service,,]o.s.cloud.context.scope.GenericScope     : BeanFactory id=5bd0a126-396c-3366-9805-7ea6decca7fb
2024-10-22T00:19:16.413+07:00  WARN 6596 --- [restartedMain] [gateway-service,,]trationDelegate$BeanPostProcessorChecker : Bean 'org.springframework.cloud.client.loadbalancer.LoadBalancerAutoConfiguration$DeferringLoadBalancerInterceptorConfig' of type [org.springframework.cloud.client.loadbalancer.LoadBalancerAutoConfiguration$DeferringLoadBalancerInterceptorConfig] is not eligible for getting processed by all BeanPostProcessors (for example: not eligible for auto-proxying). The currently created BeanPostProcessor [lbRestClientPostProcessor] is declared through a non-static factory method on that class; consider declaring it as static instead.
2024-10-22T00:19:16.415+07:00  WARN 6596 --- [restartedMain] [gateway-service,,]trationDelegate$BeanPostProcessorChecker : Bean 'deferringLoadBalancerInterceptor' of type [org.springframework.cloud.client.loadbalancer.DeferringLoadBalancerInterceptor] is not eligible for getting processed by all BeanPostProcessors (for example: not eligible for auto-proxying). Is this bean getting eagerly injected into a currently created BeanPostProcessor [lbRestClientPostProcessor]? Check the corresponding BeanPostProcessor declaration and its dependencies.
2024-10-22T00:19:16.605+07:00  INFO 6596 --- [restartedMain] [gateway-service,,]o.s.b.w.embedded.tomcat.TomcatWebServer  : Tomcat initialized with port 8080 (http)
2024-10-22T00:19:16.613+07:00  INFO 6596 --- [restartedMain] [gateway-service,,]o.apache.catalina.core.StandardService   : Starting service [Tomcat]
2024-10-22T00:19:16.613+07:00  INFO 6596 --- [restartedMain] [gateway-service,,]o.apache.catalina.core.StandardEngine    : Starting Servlet engine: [Apache Tomcat/10.1.30]
2024-10-22T00:19:16.642+07:00  INFO 6596 --- [restartedMain] [gateway-service,,]o.a.c.c.C.[Tomcat].[localhost].[/]       : Initializing Spring embedded WebApplicationContext
2024-10-22T00:19:16.642+07:00  INFO 6596 --- [restartedMain] [gateway-service,,]w.s.c.ServletWebServerApplicationContext : Root WebApplicationContext: initialization completed in 669 ms
2024-10-22T00:19:17.003+07:00  WARN 6596 --- [restartedMain] [gateway-service,,]o.s.b.d.a.OptionalLiveReloadServer       : Unable to start LiveReload server
2024-10-22T00:19:17.039+07:00  INFO 6596 --- [restartedMain] [gateway-service,,]DiscoveryClientOptionalArgsConfiguration : Eureka HTTP Client uses RestTemplate.
2024-10-22T00:19:17.105+07:00  WARN 6596 --- [restartedMain] [gateway-service,,]iguration$LoadBalancerCaffeineWarnLogger : Spring Cloud LoadBalancer is currently working with the default cache. While this cache implementation is useful for development and tests, it's recommended to use Caffeine cache in production.You can switch to using Caffeine cache, by adding it and org.springframework.cache.caffeine.CaffeineCacheManager to the classpath.
2024-10-22T00:19:17.134+07:00  INFO 6596 --- [restartedMain] [gateway-service,,]o.s.c.n.eureka.InstanceInfoFactory       : Setting initial instance status as: STARTING
2024-10-22T00:19:17.148+07:00  INFO 6596 --- [restartedMain] [gateway-service,,]com.netflix.discovery.DiscoveryClient    : Initializing Eureka in region us-east-1
2024-10-22T00:19:17.151+07:00  INFO 6596 --- [restartedMain] [gateway-service,,]c.n.d.s.r.aws.ConfigClusterResolver      : Resolving eureka endpoints via configuration
2024-10-22T00:19:17.155+07:00  INFO 6596 --- [restartedMain] [gateway-service,,]com.netflix.discovery.DiscoveryClient    : Disable delta property : false
2024-10-22T00:19:17.156+07:00  INFO 6596 --- [restartedMain] [gateway-service,,]com.netflix.discovery.DiscoveryClient    : Single vip registry refresh property : null
2024-10-22T00:19:17.156+07:00  INFO 6596 --- [restartedMain] [gateway-service,,]com.netflix.discovery.DiscoveryClient    : Force full registry fetch : false
2024-10-22T00:19:17.156+07:00  INFO 6596 --- [restartedMain] [gateway-service,,]com.netflix.discovery.DiscoveryClient    : Application is null : false
2024-10-22T00:19:17.156+07:00  INFO 6596 --- [restartedMain] [gateway-service,,]com.netflix.discovery.DiscoveryClient    : Registered Applications size is zero : true
2024-10-22T00:19:17.156+07:00  INFO 6596 --- [restartedMain] [gateway-service,,]com.netflix.discovery.DiscoveryClient    : Application version is -1: true
2024-10-22T00:19:17.156+07:00  INFO 6596 --- [restartedMain] [gateway-service,,]com.netflix.discovery.DiscoveryClient    : Getting all instance registry info from the eureka server
2024-10-22T00:19:17.234+07:00  INFO 6596 --- [restartedMain] [gateway-service,,]com.netflix.discovery.DiscoveryClient    : The response status is 200
2024-10-22T00:19:17.235+07:00  INFO 6596 --- [restartedMain] [gateway-service,,]com.netflix.discovery.DiscoveryClient    : Starting heartbeat executor: renew interval is: 30
2024-10-22T00:19:17.236+07:00  INFO 6596 --- [restartedMain] [gateway-service,,]c.n.discovery.InstanceInfoReplicator     : InstanceInfoReplicator onDemand update allowed rate per min is 4
2024-10-22T00:19:17.237+07:00  INFO 6596 --- [restartedMain] [gateway-service,,]com.netflix.discovery.DiscoveryClient    : Discovery Client initialized at timestamp 1729531157237 with initial instances count: 3
2024-10-22T00:19:17.239+07:00  INFO 6596 --- [restartedMain] [gateway-service,,]o.s.c.n.e.s.EurekaServiceRegistry        : Registering application GATEWAY-SERVICE with eureka with status UP
2024-10-22T00:19:17.240+07:00  INFO 6596 --- [restartedMain] [gateway-service,,]com.netflix.discovery.DiscoveryClient    : Saw local status change event StatusChangeEvent [timestamp=1729531157240, current=UP, previous=STARTING]
2024-10-22T00:19:17.240+07:00  INFO 6596 --- [DiscoveryClient-InstanceInfoReplicator-%d] [gateway-service,,]com.netflix.discovery.DiscoveryClient    : DiscoveryClient_GATEWAY-SERVICE/DESKTOP-GDQ5MDP:gateway-service:8080: registering service...
2024-10-22T00:19:17.252+07:00  INFO 6596 --- [restartedMain] [gateway-service,,]o.s.b.w.embedded.tomcat.TomcatWebServer  : Tomcat started on port 8080 (http) with context path '/'
2024-10-22T00:19:17.253+07:00  INFO 6596 --- [restartedMain] [gateway-service,,].s.c.n.e.s.EurekaAutoServiceRegistration : Updating port to 8080
2024-10-22T00:19:17.261+07:00  INFO 6596 --- [restartedMain] [gateway-service,,]o.e.g.GatewayserviceApplication          : Started GatewayserviceApplication in 1.758 seconds (process running for 2.136)
2024-10-22T00:19:17.268+07:00  INFO 24496 --- [http-nio-9999-exec-2] [discovery-service,,]c.n.e.registry.AbstractInstanceRegistry  : Registered instance GATEWAY-SERVICE/DESKTOP-GDQ5MDP:gateway-service:8080 with status UP (replication=false)
2024-10-22T00:19:17.269+07:00  INFO 6596 --- [DiscoveryClient-InstanceInfoReplicator-%d] [gateway-service,,]com.netflix.discovery.DiscoveryClient    : DiscoveryClient_GATEWAY-SERVICE/DESKTOP-GDQ5MDP:gateway-service:8080 - registration status: 204
2024-10-22T00:19:17.783+07:00  INFO 24496 --- [http-nio-9999-exec-10] [discovery-service,,]c.n.e.registry.AbstractInstanceRegistry  : Registered instance GATEWAY-SERVICE/DESKTOP-GDQ5MDP:gateway-service:8080 with status UP (replication=true)
2024-10-22T00:19:20.634+07:00  INFO 6596 --- [http-nio-8080-exec-3] [gateway-service,,]o.a.c.c.C.[Tomcat].[localhost].[/]       : Initializing Spring DispatcherServlet 'dispatcherServlet'
2024-10-22T00:19:20.634+07:00  INFO 6596 --- [http-nio-8080-exec-3] [gateway-service,,]o.s.web.servlet.DispatcherServlet        : Initializing Servlet 'dispatcherServlet'
2024-10-22T00:19:20.635+07:00  INFO 6596 --- [http-nio-8080-exec-3] [gateway-service,,]o.s.web.servlet.DispatcherServlet        : Completed initialization in 1 ms
2024-10-22T00:20:01.519+07:00  INFO 24496 --- [Eureka-EvictionTimer] [discovery-service,,]c.n.e.registry.AbstractInstanceRegistry  : Running the evict task with compensationTime 12ms
2024-10-22T00:20:43.712+07:00  INFO 18396 --- [AsyncResolver-bootstrap-executor-0] [account-service,,]c.n.d.s.r.aws.ConfigClusterResolver      : Resolving eureka endpoints via configuration
2024-10-22T00:20:58.229+07:00  INFO 6596 --- [SpringApplicationShutdownHook] [gateway-service,,]o.s.c.n.e.s.EurekaServiceRegistry        : Unregistering application GATEWAY-SERVICE with eureka with status DOWN
2024-10-22T00:20:58.229+07:00  INFO 6596 --- [SpringApplicationShutdownHook] [gateway-service,,]com.netflix.discovery.DiscoveryClient    : Saw local status change event StatusChangeEvent [timestamp=1729531258229, current=DOWN, previous=UP]
2024-10-22T00:20:58.230+07:00  INFO 6596 --- [DiscoveryClient-InstanceInfoReplicator-%d] [gateway-service,,]com.netflix.discovery.DiscoveryClient    : DiscoveryClient_GATEWAY-SERVICE/DESKTOP-GDQ5MDP:gateway-service:8080: registering service...
2024-10-22T00:20:58.235+07:00  INFO 24496 --- [http-nio-9999-exec-6] [discovery-service,,]c.n.e.registry.AbstractInstanceRegistry  : Registered instance GATEWAY-SERVICE/DESKTOP-GDQ5MDP:gateway-service:8080 with status DOWN (replication=false)
2024-10-22T00:20:58.236+07:00  INFO 6596 --- [SpringApplicationShutdownHook] [gateway-service,,]com.netflix.discovery.DiscoveryClient    : Shutting down DiscoveryClient ...
2024-10-22T00:20:58.236+07:00  INFO 6596 --- [DiscoveryClient-InstanceInfoReplicator-%d] [gateway-service,,]com.netflix.discovery.DiscoveryClient    : DiscoveryClient_GATEWAY-SERVICE/DESKTOP-GDQ5MDP:gateway-service:8080 - registration status: 204
2024-10-22T00:20:58.236+07:00  INFO 6596 --- [SpringApplicationShutdownHook] [gateway-service,,]com.netflix.discovery.DiscoveryClient    : Unregistering ...
2024-10-22T00:20:58.238+07:00  INFO 24496 --- [http-nio-9999-exec-5] [discovery-service,,]c.n.e.registry.AbstractInstanceRegistry  : Cancelled instance GATEWAY-SERVICE/DESKTOP-GDQ5MDP:gateway-service:8080 (replication=false)
2024-10-22T00:20:58.238+07:00  INFO 6596 --- [SpringApplicationShutdownHook] [gateway-service,,]com.netflix.discovery.DiscoveryClient    : DiscoveryClient_GATEWAY-SERVICE/DESKTOP-GDQ5MDP:gateway-service:8080 - deregister  status: 200
2024-10-22T00:20:58.238+07:00  INFO 6596 --- [SpringApplicationShutdownHook] [gateway-service,,]com.netflix.discovery.DiscoveryClient    : Completed shut down of DiscoveryClient
2024-10-22T00:20:58.762+07:00  INFO 24496 --- [http-nio-9999-exec-7] [discovery-service,,]c.n.e.registry.AbstractInstanceRegistry  : Registered instance GATEWAY-SERVICE/DESKTOP-GDQ5MDP:gateway-service:8080 with status DOWN (replication=true)
2024-10-22T00:20:58.762+07:00  INFO 24496 --- [http-nio-9999-exec-7] [discovery-service,,]c.n.e.registry.AbstractInstanceRegistry  : Cancelled instance GATEWAY-SERVICE/DESKTOP-GDQ5MDP:gateway-service:8080 (replication=true)
2024-10-22T00:21:00.000+07:00  INFO 2340 --- [restartedMain] [gateway-service,,]o.e.g.GatewayserviceApplication          : Starting GatewayserviceApplication using Java 21.0.4 with PID 2340 (C:\Users\Admin\OneDrive\Desktop\SpringCloud0\gatewayservice\target\classes started by Admin in C:\Users\Admin\OneDrive\Desktop\SpringCloud0)
2024-10-22T00:21:00.002+07:00  INFO 2340 --- [restartedMain] [gateway-service,,]o.e.g.GatewayserviceApplication          : No active profile set, falling back to 1 default profile: "default"
2024-10-22T00:21:00.028+07:00  INFO 2340 --- [restartedMain] [gateway-service,,]o.s.c.c.c.ConfigServerConfigDataLoader   : Fetching config from server at : http://localhost:8888
2024-10-22T00:21:00.028+07:00  INFO 2340 --- [restartedMain] [gateway-service,,]o.s.c.c.c.ConfigServerConfigDataLoader   : Located environment: name=gateway-service, profiles=[default], label=null, version=null, state=null
2024-10-22T00:21:00.029+07:00  INFO 2340 --- [restartedMain] [gateway-service,,].e.DevToolsPropertyDefaultsPostProcessor : Devtools property defaults active! Set 'spring.devtools.add-properties' to 'false' to disable
2024-10-22T00:21:00.029+07:00  INFO 2340 --- [restartedMain] [gateway-service,,].e.DevToolsPropertyDefaultsPostProcessor : For additional web related logging consider setting the 'logging.level.web' property to 'DEBUG'
2024-10-22T00:21:00.430+07:00  INFO 2340 --- [restartedMain] [gateway-service,,]o.s.cloud.context.scope.GenericScope     : BeanFactory id=5bd0a126-396c-3366-9805-7ea6decca7fb
2024-10-22T00:21:00.462+07:00  WARN 2340 --- [restartedMain] [gateway-service,,]trationDelegate$BeanPostProcessorChecker : Bean 'org.springframework.cloud.client.loadbalancer.LoadBalancerAutoConfiguration$DeferringLoadBalancerInterceptorConfig' of type [org.springframework.cloud.client.loadbalancer.LoadBalancerAutoConfiguration$DeferringLoadBalancerInterceptorConfig] is not eligible for getting processed by all BeanPostProcessors (for example: not eligible for auto-proxying). The currently created BeanPostProcessor [lbRestClientPostProcessor] is declared through a non-static factory method on that class; consider declaring it as static instead.
2024-10-22T00:21:00.463+07:00  WARN 2340 --- [restartedMain] [gateway-service,,]trationDelegate$BeanPostProcessorChecker : Bean 'deferringLoadBalancerInterceptor' of type [org.springframework.cloud.client.loadbalancer.DeferringLoadBalancerInterceptor] is not eligible for getting processed by all BeanPostProcessors (for example: not eligible for auto-proxying). Is this bean getting eagerly injected into a currently created BeanPostProcessor [lbRestClientPostProcessor]? Check the corresponding BeanPostProcessor declaration and its dependencies.
2024-10-22T00:21:00.647+07:00  INFO 2340 --- [restartedMain] [gateway-service,,]o.s.b.w.embedded.tomcat.TomcatWebServer  : Tomcat initialized with port 8080 (http)
2024-10-22T00:21:00.656+07:00  INFO 2340 --- [restartedMain] [gateway-service,,]o.apache.catalina.core.StandardService   : Starting service [Tomcat]
2024-10-22T00:21:00.656+07:00  INFO 2340 --- [restartedMain] [gateway-service,,]o.apache.catalina.core.StandardEngine    : Starting Servlet engine: [Apache Tomcat/10.1.30]
2024-10-22T00:21:00.684+07:00  INFO 2340 --- [restartedMain] [gateway-service,,]o.a.c.c.C.[Tomcat].[localhost].[/]       : Initializing Spring embedded WebApplicationContext
2024-10-22T00:21:00.684+07:00  INFO 2340 --- [restartedMain] [gateway-service,,]w.s.c.ServletWebServerApplicationContext : Root WebApplicationContext: initialization completed in 655 ms
2024-10-22T00:21:01.063+07:00  WARN 2340 --- [restartedMain] [gateway-service,,]o.s.b.d.a.OptionalLiveReloadServer       : Unable to start LiveReload server
2024-10-22T00:21:01.097+07:00  INFO 2340 --- [restartedMain] [gateway-service,,]DiscoveryClientOptionalArgsConfiguration : Eureka HTTP Client uses RestTemplate.
2024-10-22T00:21:01.162+07:00  WARN 2340 --- [restartedMain] [gateway-service,,]iguration$LoadBalancerCaffeineWarnLogger : Spring Cloud LoadBalancer is currently working with the default cache. While this cache implementation is useful for development and tests, it's recommended to use Caffeine cache in production.You can switch to using Caffeine cache, by adding it and org.springframework.cache.caffeine.CaffeineCacheManager to the classpath.
2024-10-22T00:21:01.189+07:00  INFO 2340 --- [restartedMain] [gateway-service,,]o.s.c.n.eureka.InstanceInfoFactory       : Setting initial instance status as: STARTING
2024-10-22T00:21:01.202+07:00  INFO 2340 --- [restartedMain] [gateway-service,,]com.netflix.discovery.DiscoveryClient    : Initializing Eureka in region us-east-1
2024-10-22T00:21:01.204+07:00  INFO 2340 --- [restartedMain] [gateway-service,,]c.n.d.s.r.aws.ConfigClusterResolver      : Resolving eureka endpoints via configuration
2024-10-22T00:21:01.208+07:00  INFO 2340 --- [restartedMain] [gateway-service,,]com.netflix.discovery.DiscoveryClient    : Disable delta property : false
2024-10-22T00:21:01.208+07:00  INFO 2340 --- [restartedMain] [gateway-service,,]com.netflix.discovery.DiscoveryClient    : Single vip registry refresh property : null
2024-10-22T00:21:01.209+07:00  INFO 2340 --- [restartedMain] [gateway-service,,]com.netflix.discovery.DiscoveryClient    : Force full registry fetch : false
2024-10-22T00:21:01.209+07:00  INFO 2340 --- [restartedMain] [gateway-service,,]com.netflix.discovery.DiscoveryClient    : Application is null : false
2024-10-22T00:21:01.209+07:00  INFO 2340 --- [restartedMain] [gateway-service,,]com.netflix.discovery.DiscoveryClient    : Registered Applications size is zero : true
2024-10-22T00:21:01.209+07:00  INFO 2340 --- [restartedMain] [gateway-service,,]com.netflix.discovery.DiscoveryClient    : Application version is -1: true
2024-10-22T00:21:01.209+07:00  INFO 2340 --- [restartedMain] [gateway-service,,]com.netflix.discovery.DiscoveryClient    : Getting all instance registry info from the eureka server
2024-10-22T00:21:01.274+07:00  INFO 2340 --- [restartedMain] [gateway-service,,]com.netflix.discovery.DiscoveryClient    : The response status is 200
2024-10-22T00:21:01.275+07:00  INFO 2340 --- [restartedMain] [gateway-service,,]com.netflix.discovery.DiscoveryClient    : Starting heartbeat executor: renew interval is: 30
2024-10-22T00:21:01.276+07:00  INFO 2340 --- [restartedMain] [gateway-service,,]c.n.discovery.InstanceInfoReplicator     : InstanceInfoReplicator onDemand update allowed rate per min is 4
2024-10-22T00:21:01.277+07:00  INFO 2340 --- [restartedMain] [gateway-service,,]com.netflix.discovery.DiscoveryClient    : Discovery Client initialized at timestamp 1729531261277 with initial instances count: 2
2024-10-22T00:21:01.278+07:00  INFO 2340 --- [restartedMain] [gateway-service,,]o.s.c.n.e.s.EurekaServiceRegistry        : Registering application GATEWAY-SERVICE with eureka with status UP
2024-10-22T00:21:01.279+07:00  INFO 2340 --- [restartedMain] [gateway-service,,]com.netflix.discovery.DiscoveryClient    : Saw local status change event StatusChangeEvent [timestamp=1729531261279, current=UP, previous=STARTING]
2024-10-22T00:21:01.280+07:00  INFO 2340 --- [DiscoveryClient-InstanceInfoReplicator-%d] [gateway-service,,]com.netflix.discovery.DiscoveryClient    : DiscoveryClient_GATEWAY-SERVICE/DESKTOP-GDQ5MDP:gateway-service:8080: registering service...
2024-10-22T00:21:01.286+07:00  INFO 2340 --- [restartedMain] [gateway-service,,]o.s.b.w.embedded.tomcat.TomcatWebServer  : Tomcat started on port 8080 (http) with context path '/'
2024-10-22T00:21:01.287+07:00  INFO 2340 --- [restartedMain] [gateway-service,,].s.c.n.e.s.EurekaAutoServiceRegistration : Updating port to 8080
2024-10-22T00:21:01.294+07:00  INFO 2340 --- [restartedMain] [gateway-service,,]o.e.g.GatewayserviceApplication          : Started GatewayserviceApplication in 1.735 seconds (process running for 2.116)
2024-10-22T00:21:01.301+07:00  INFO 24496 --- [http-nio-9999-exec-8] [discovery-service,,]c.n.e.registry.AbstractInstanceRegistry  : Registered instance GATEWAY-SERVICE/DESKTOP-GDQ5MDP:gateway-service:8080 with status UP (replication=false)
2024-10-22T00:21:01.302+07:00  INFO 2340 --- [DiscoveryClient-InstanceInfoReplicator-%d] [gateway-service,,]com.netflix.discovery.DiscoveryClient    : DiscoveryClient_GATEWAY-SERVICE/DESKTOP-GDQ5MDP:gateway-service:8080 - registration status: 204
2024-10-22T00:21:01.525+07:00  INFO 24496 --- [Eureka-EvictionTimer] [discovery-service,,]c.n.e.registry.AbstractInstanceRegistry  : Running the evict task with compensationTime 6ms
2024-10-22T00:21:01.819+07:00  INFO 24496 --- [http-nio-9999-exec-4] [discovery-service,,]c.n.e.registry.AbstractInstanceRegistry  : Registered instance GATEWAY-SERVICE/DESKTOP-GDQ5MDP:gateway-service:8080 with status UP (replication=true)
2024-10-22T00:21:10.108+07:00  INFO 2340 --- [SpringApplicationShutdownHook] [gateway-service,,]o.s.c.n.e.s.EurekaServiceRegistry        : Unregistering application GATEWAY-SERVICE with eureka with status DOWN
2024-10-22T00:21:10.108+07:00  INFO 2340 --- [SpringApplicationShutdownHook] [gateway-service,,]com.netflix.discovery.DiscoveryClient    : Saw local status change event StatusChangeEvent [timestamp=1729531270108, current=DOWN, previous=UP]
2024-10-22T00:21:10.109+07:00  INFO 2340 --- [DiscoveryClient-InstanceInfoReplicator-%d] [gateway-service,,]com.netflix.discovery.DiscoveryClient    : DiscoveryClient_GATEWAY-SERVICE/DESKTOP-GDQ5MDP:gateway-service:8080: registering service...
2024-10-22T00:21:10.114+07:00  INFO 2340 --- [SpringApplicationShutdownHook] [gateway-service,,]com.netflix.discovery.DiscoveryClient    : Shutting down DiscoveryClient ...
2024-10-22T00:21:10.118+07:00  INFO 24496 --- [http-nio-9999-exec-2] [discovery-service,,]c.n.e.registry.AbstractInstanceRegistry  : Registered instance GATEWAY-SERVICE/DESKTOP-GDQ5MDP:gateway-service:8080 with status DOWN (replication=false)
2024-10-22T00:21:10.119+07:00  INFO 2340 --- [DiscoveryClient-InstanceInfoReplicator-%d] [gateway-service,,]com.netflix.discovery.DiscoveryClient    : DiscoveryClient_GATEWAY-SERVICE/DESKTOP-GDQ5MDP:gateway-service:8080 - registration status: 204
2024-10-22T00:21:10.119+07:00  INFO 2340 --- [SpringApplicationShutdownHook] [gateway-service,,]com.netflix.discovery.DiscoveryClient    : Unregistering ...
2024-10-22T00:21:10.121+07:00  INFO 24496 --- [http-nio-9999-exec-10] [discovery-service,,]c.n.e.registry.AbstractInstanceRegistry  : Cancelled instance GATEWAY-SERVICE/DESKTOP-GDQ5MDP:gateway-service:8080 (replication=false)
2024-10-22T00:21:10.122+07:00  INFO 2340 --- [SpringApplicationShutdownHook] [gateway-service,,]com.netflix.discovery.DiscoveryClient    : DiscoveryClient_GATEWAY-SERVICE/DESKTOP-GDQ5MDP:gateway-service:8080 - deregister  status: 200
2024-10-22T00:21:10.122+07:00  INFO 2340 --- [SpringApplicationShutdownHook] [gateway-service,,]com.netflix.discovery.DiscoveryClient    : Completed shut down of DiscoveryClient
2024-10-22T00:21:10.645+07:00  INFO 24496 --- [http-nio-9999-exec-1] [discovery-service,,]c.n.e.registry.AbstractInstanceRegistry  : Registered instance GATEWAY-SERVICE/DESKTOP-GDQ5MDP:gateway-service:8080 with status DOWN (replication=true)
2024-10-22T00:21:10.645+07:00  INFO 24496 --- [http-nio-9999-exec-1] [discovery-service,,]c.n.e.registry.AbstractInstanceRegistry  : Cancelled instance GATEWAY-SERVICE/DESKTOP-GDQ5MDP:gateway-service:8080 (replication=true)
2024-10-22T00:21:12.395+07:00  INFO 19696 --- [restartedMain] [gateway-service,,]o.e.g.GatewayserviceApplication          : Starting GatewayserviceApplication using Java 21.0.4 with PID 19696 (C:\Users\Admin\OneDrive\Desktop\SpringCloud0\gatewayservice\target\classes started by Admin in C:\Users\Admin\OneDrive\Desktop\SpringCloud0)
2024-10-22T00:21:12.396+07:00  INFO 19696 --- [restartedMain] [gateway-service,,]o.e.g.GatewayserviceApplication          : No active profile set, falling back to 1 default profile: "default"
2024-10-22T00:21:12.423+07:00  INFO 19696 --- [restartedMain] [gateway-service,,]o.s.c.c.c.ConfigServerConfigDataLoader   : Fetching config from server at : http://localhost:8888
2024-10-22T00:21:12.423+07:00  INFO 19696 --- [restartedMain] [gateway-service,,]o.s.c.c.c.ConfigServerConfigDataLoader   : Located environment: name=gateway-service, profiles=[default], label=null, version=null, state=null
2024-10-22T00:21:12.424+07:00  INFO 19696 --- [restartedMain] [gateway-service,,].e.DevToolsPropertyDefaultsPostProcessor : Devtools property defaults active! Set 'spring.devtools.add-properties' to 'false' to disable
2024-10-22T00:21:12.424+07:00  INFO 19696 --- [restartedMain] [gateway-service,,].e.DevToolsPropertyDefaultsPostProcessor : For additional web related logging consider setting the 'logging.level.web' property to 'DEBUG'
2024-10-22T00:21:12.822+07:00  INFO 19696 --- [restartedMain] [gateway-service,,]o.s.cloud.context.scope.GenericScope     : BeanFactory id=5bd0a126-396c-3366-9805-7ea6decca7fb
2024-10-22T00:21:12.856+07:00  WARN 19696 --- [restartedMain] [gateway-service,,]trationDelegate$BeanPostProcessorChecker : Bean 'org.springframework.cloud.client.loadbalancer.LoadBalancerAutoConfiguration$DeferringLoadBalancerInterceptorConfig' of type [org.springframework.cloud.client.loadbalancer.LoadBalancerAutoConfiguration$DeferringLoadBalancerInterceptorConfig] is not eligible for getting processed by all BeanPostProcessors (for example: not eligible for auto-proxying). The currently created BeanPostProcessor [lbRestClientPostProcessor] is declared through a non-static factory method on that class; consider declaring it as static instead.
2024-10-22T00:21:12.857+07:00  WARN 19696 --- [restartedMain] [gateway-service,,]trationDelegate$BeanPostProcessorChecker : Bean 'deferringLoadBalancerInterceptor' of type [org.springframework.cloud.client.loadbalancer.DeferringLoadBalancerInterceptor] is not eligible for getting processed by all BeanPostProcessors (for example: not eligible for auto-proxying). Is this bean getting eagerly injected into a currently created BeanPostProcessor [lbRestClientPostProcessor]? Check the corresponding BeanPostProcessor declaration and its dependencies.
2024-10-22T00:21:13.047+07:00  INFO 19696 --- [restartedMain] [gateway-service,,]o.s.b.w.embedded.tomcat.TomcatWebServer  : Tomcat initialized with port 8080 (http)
2024-10-22T00:21:13.055+07:00  INFO 19696 --- [restartedMain] [gateway-service,,]o.apache.catalina.core.StandardService   : Starting service [Tomcat]
2024-10-22T00:21:13.058+07:00  INFO 19696 --- [restartedMain] [gateway-service,,]o.apache.catalina.core.StandardEngine    : Starting Servlet engine: [Apache Tomcat/10.1.30]
2024-10-22T00:21:13.086+07:00  INFO 19696 --- [restartedMain] [gateway-service,,]o.a.c.c.C.[Tomcat].[localhost].[/]       : Initializing Spring embedded WebApplicationContext
2024-10-22T00:21:13.086+07:00  INFO 19696 --- [restartedMain] [gateway-service,,]w.s.c.ServletWebServerApplicationContext : Root WebApplicationContext: initialization completed in 662 ms
2024-10-22T00:21:13.464+07:00  WARN 19696 --- [restartedMain] [gateway-service,,]o.s.b.d.a.OptionalLiveReloadServer       : Unable to start LiveReload server
2024-10-22T00:21:13.502+07:00  INFO 19696 --- [restartedMain] [gateway-service,,]DiscoveryClientOptionalArgsConfiguration : Eureka HTTP Client uses RestTemplate.
2024-10-22T00:21:13.577+07:00  WARN 19696 --- [restartedMain] [gateway-service,,]iguration$LoadBalancerCaffeineWarnLogger : Spring Cloud LoadBalancer is currently working with the default cache. While this cache implementation is useful for development and tests, it's recommended to use Caffeine cache in production.You can switch to using Caffeine cache, by adding it and org.springframework.cache.caffeine.CaffeineCacheManager to the classpath.
2024-10-22T00:21:13.606+07:00  INFO 19696 --- [restartedMain] [gateway-service,,]o.s.c.n.eureka.InstanceInfoFactory       : Setting initial instance status as: STARTING
2024-10-22T00:21:13.620+07:00  INFO 19696 --- [restartedMain] [gateway-service,,]com.netflix.discovery.DiscoveryClient    : Initializing Eureka in region us-east-1
2024-10-22T00:21:13.623+07:00  INFO 19696 --- [restartedMain] [gateway-service,,]c.n.d.s.r.aws.ConfigClusterResolver      : Resolving eureka endpoints via configuration
2024-10-22T00:21:13.628+07:00  INFO 19696 --- [restartedMain] [gateway-service,,]com.netflix.discovery.DiscoveryClient    : Disable delta property : false
2024-10-22T00:21:13.628+07:00  INFO 19696 --- [restartedMain] [gateway-service,,]com.netflix.discovery.DiscoveryClient    : Single vip registry refresh property : null
2024-10-22T00:21:13.628+07:00  INFO 19696 --- [restartedMain] [gateway-service,,]com.netflix.discovery.DiscoveryClient    : Force full registry fetch : false
2024-10-22T00:21:13.628+07:00  INFO 19696 --- [restartedMain] [gateway-service,,]com.netflix.discovery.DiscoveryClient    : Application is null : false
2024-10-22T00:21:13.628+07:00  INFO 19696 --- [restartedMain] [gateway-service,,]com.netflix.discovery.DiscoveryClient    : Registered Applications size is zero : true
2024-10-22T00:21:13.628+07:00  INFO 19696 --- [restartedMain] [gateway-service,,]com.netflix.discovery.DiscoveryClient    : Application version is -1: true
2024-10-22T00:21:13.628+07:00  INFO 19696 --- [restartedMain] [gateway-service,,]com.netflix.discovery.DiscoveryClient    : Getting all instance registry info from the eureka server
2024-10-22T00:21:13.713+07:00  INFO 19696 --- [restartedMain] [gateway-service,,]com.netflix.discovery.DiscoveryClient    : The response status is 200
2024-10-22T00:21:13.714+07:00  INFO 19696 --- [restartedMain] [gateway-service,,]com.netflix.discovery.DiscoveryClient    : Starting heartbeat executor: renew interval is: 30
2024-10-22T00:21:13.717+07:00  INFO 19696 --- [restartedMain] [gateway-service,,]c.n.discovery.InstanceInfoReplicator     : InstanceInfoReplicator onDemand update allowed rate per min is 4
2024-10-22T00:21:13.718+07:00  INFO 19696 --- [restartedMain] [gateway-service,,]com.netflix.discovery.DiscoveryClient    : Discovery Client initialized at timestamp 1729531273718 with initial instances count: 2
2024-10-22T00:21:13.720+07:00  INFO 19696 --- [restartedMain] [gateway-service,,]o.s.c.n.e.s.EurekaServiceRegistry        : Registering application GATEWAY-SERVICE with eureka with status UP
2024-10-22T00:21:13.721+07:00  INFO 19696 --- [restartedMain] [gateway-service,,]com.netflix.discovery.DiscoveryClient    : Saw local status change event StatusChangeEvent [timestamp=1729531273721, current=UP, previous=STARTING]
2024-10-22T00:21:13.722+07:00  INFO 19696 --- [DiscoveryClient-InstanceInfoReplicator-%d] [gateway-service,,]com.netflix.discovery.DiscoveryClient    : DiscoveryClient_GATEWAY-SERVICE/DESKTOP-GDQ5MDP:gateway-service:8080: registering service...
2024-10-22T00:21:13.730+07:00  INFO 19696 --- [restartedMain] [gateway-service,,]o.s.b.w.embedded.tomcat.TomcatWebServer  : Tomcat started on port 8080 (http) with context path '/'
2024-10-22T00:21:13.730+07:00  INFO 19696 --- [restartedMain] [gateway-service,,].s.c.n.e.s.EurekaAutoServiceRegistration : Updating port to 8080
2024-10-22T00:21:13.738+07:00  INFO 19696 --- [restartedMain] [gateway-service,,]o.e.g.GatewayserviceApplication          : Started GatewayserviceApplication in 1.865 seconds (process running for 2.243)
2024-10-22T00:21:13.744+07:00  INFO 24496 --- [http-nio-9999-exec-7] [discovery-service,,]c.n.e.registry.AbstractInstanceRegistry  : Registered instance GATEWAY-SERVICE/DESKTOP-GDQ5MDP:gateway-service:8080 with status UP (replication=false)
2024-10-22T00:21:13.745+07:00  INFO 19696 --- [DiscoveryClient-InstanceInfoReplicator-%d] [gateway-service,,]com.netflix.discovery.DiscoveryClient    : DiscoveryClient_GATEWAY-SERVICE/DESKTOP-GDQ5MDP:gateway-service:8080 - registration status: 204
2024-10-22T00:21:14.264+07:00  INFO 24496 --- [http-nio-9999-exec-9] [discovery-service,,]c.n.e.registry.AbstractInstanceRegistry  : Registered instance GATEWAY-SERVICE/DESKTOP-GDQ5MDP:gateway-service:8080 with status UP (replication=true)
2024-10-22T00:21:22.507+07:00  INFO 19696 --- [http-nio-8080-exec-2] [gateway-service,,]o.a.c.c.C.[Tomcat].[localhost].[/]       : Initializing Spring DispatcherServlet 'dispatcherServlet'
2024-10-22T00:21:22.508+07:00  INFO 19696 --- [http-nio-8080-exec-2] [gateway-service,,]o.s.web.servlet.DispatcherServlet        : Initializing Servlet 'dispatcherServlet'
2024-10-22T00:21:22.508+07:00  INFO 19696 --- [http-nio-8080-exec-2] [gateway-service,,]o.s.web.servlet.DispatcherServlet        : Completed initialization in 0 ms
2024-10-22T00:21:48.782+07:00  INFO 23316 --- [AsyncResolver-bootstrap-executor-0] [account-service,,]c.n.d.s.r.aws.ConfigClusterResolver      : Resolving eureka endpoints via configuration
2024-10-22T00:22:01.527+07:00  INFO 24496 --- [Eureka-EvictionTimer] [discovery-service,,]c.n.e.registry.AbstractInstanceRegistry  : Running the evict task with compensationTime 1ms
2024-10-22T00:23:01.534+07:00  INFO 24496 --- [Eureka-EvictionTimer] [discovery-service,,]c.n.e.registry.AbstractInstanceRegistry  : Running the evict task with compensationTime 7ms
2024-10-22T00:24:01.547+07:00  INFO 24496 --- [Eureka-EvictionTimer] [discovery-service,,]c.n.e.registry.AbstractInstanceRegistry  : Running the evict task with compensationTime 12ms
2024-10-22T00:24:56.450+07:00  INFO 19696 --- [File Watcher] [gateway-service,,]rtingClassPathChangeChangedEventListener : Restarting due to 1 class path change (0 additions, 0 deletions, 1 modification)
2024-10-22T00:24:56.452+07:00  INFO 19696 --- [Thread-1] [gateway-service,,]o.s.c.n.e.s.EurekaServiceRegistry        : Unregistering application GATEWAY-SERVICE with eureka with status DOWN
2024-10-22T00:24:56.452+07:00  INFO 19696 --- [Thread-1] [gateway-service,,]com.netflix.discovery.DiscoveryClient    : Saw local status change event StatusChangeEvent [timestamp=1729531496452, current=DOWN, previous=UP]
2024-10-22T00:24:56.452+07:00  INFO 19696 --- [DiscoveryClient-InstanceInfoReplicator-%d] [gateway-service,,]com.netflix.discovery.DiscoveryClient    : DiscoveryClient_GATEWAY-SERVICE/DESKTOP-GDQ5MDP:gateway-service:8080: registering service...
2024-10-22T00:24:56.459+07:00  INFO 19696 --- [Thread-1] [gateway-service,,]com.netflix.discovery.DiscoveryClient    : Shutting down DiscoveryClient ...
2024-10-22T00:24:56.465+07:00  INFO 24496 --- [http-nio-9999-exec-3] [discovery-service,,]c.n.e.registry.AbstractInstanceRegistry  : Registered instance GATEWAY-SERVICE/DESKTOP-GDQ5MDP:gateway-service:8080 with status DOWN (replication=false)
2024-10-22T00:24:56.466+07:00  INFO 19696 --- [DiscoveryClient-InstanceInfoReplicator-%d] [gateway-service,,]com.netflix.discovery.DiscoveryClient    : DiscoveryClient_GATEWAY-SERVICE/DESKTOP-GDQ5MDP:gateway-service:8080 - registration status: 204
2024-10-22T00:24:56.466+07:00  INFO 19696 --- [Thread-1] [gateway-service,,]com.netflix.discovery.DiscoveryClient    : Unregistering ...
2024-10-22T00:24:56.468+07:00  INFO 24496 --- [http-nio-9999-exec-9] [discovery-service,,]c.n.e.registry.AbstractInstanceRegistry  : Cancelled instance GATEWAY-SERVICE/DESKTOP-GDQ5MDP:gateway-service:8080 (replication=false)
2024-10-22T00:24:56.468+07:00  INFO 19696 --- [Thread-1] [gateway-service,,]com.netflix.discovery.DiscoveryClient    : DiscoveryClient_GATEWAY-SERVICE/DESKTOP-GDQ5MDP:gateway-service:8080 - deregister  status: 200
2024-10-22T00:24:56.469+07:00  INFO 19696 --- [Thread-1] [gateway-service,,]com.netflix.discovery.DiscoveryClient    : Completed shut down of DiscoveryClient
2024-10-22T00:24:56.543+07:00  INFO 19696 --- [restartedMain] [gateway-service,,]o.e.g.GatewayserviceApplication          : Starting GatewayserviceApplication using Java 21.0.4 with PID 19696 (C:\Users\Admin\OneDrive\Desktop\SpringCloud0\gatewayservice\target\classes started by Admin in C:\Users\Admin\OneDrive\Desktop\SpringCloud0)
2024-10-22T00:24:56.543+07:00  INFO 19696 --- [restartedMain] [gateway-service,,]o.e.g.GatewayserviceApplication          : No active profile set, falling back to 1 default profile: "default"
2024-10-22T00:24:56.544+07:00  INFO 19696 --- [restartedMain] [gateway-service,,]o.s.c.c.c.ConfigServerConfigDataLoader   : Fetching config from server at : http://localhost:8888
2024-10-22T00:24:56.545+07:00  INFO 19696 --- [restartedMain] [gateway-service,,]o.s.c.c.c.ConfigServerConfigDataLoader   : Located environment: name=gateway-service, profiles=[default], label=null, version=null, state=null
2024-10-22T00:24:56.646+07:00  INFO 19696 --- [restartedMain] [gateway-service,,]o.s.cloud.context.scope.GenericScope     : BeanFactory id=5bd0a126-396c-3366-9805-7ea6decca7fb
2024-10-22T00:24:56.649+07:00  WARN 19696 --- [restartedMain] [gateway-service,,]trationDelegate$BeanPostProcessorChecker : Bean 'org.springframework.cloud.client.loadbalancer.LoadBalancerAutoConfiguration$DeferringLoadBalancerInterceptorConfig' of type [org.springframework.cloud.client.loadbalancer.LoadBalancerAutoConfiguration$DeferringLoadBalancerInterceptorConfig] is not eligible for getting processed by all BeanPostProcessors (for example: not eligible for auto-proxying). The currently created BeanPostProcessor [lbRestClientPostProcessor] is declared through a non-static factory method on that class; consider declaring it as static instead.
2024-10-22T00:24:56.650+07:00  WARN 19696 --- [restartedMain] [gateway-service,,]trationDelegate$BeanPostProcessorChecker : Bean 'deferringLoadBalancerInterceptor' of type [org.springframework.cloud.client.loadbalancer.DeferringLoadBalancerInterceptor] is not eligible for getting processed by all BeanPostProcessors (for example: not eligible for auto-proxying). Is this bean getting eagerly injected into a currently created BeanPostProcessor [lbRestClientPostProcessor]? Check the corresponding BeanPostProcessor declaration and its dependencies.
2024-10-22T00:24:56.672+07:00  INFO 19696 --- [restartedMain] [gateway-service,,]o.s.b.w.embedded.tomcat.TomcatWebServer  : Tomcat initialized with port 8080 (http)
2024-10-22T00:24:56.673+07:00  INFO 19696 --- [restartedMain] [gateway-service,,]o.apache.catalina.core.StandardService   : Starting service [Tomcat]
2024-10-22T00:24:56.673+07:00  INFO 19696 --- [restartedMain] [gateway-service,,]o.apache.catalina.core.StandardEngine    : Starting Servlet engine: [Apache Tomcat/10.1.30]
2024-10-22T00:24:56.685+07:00  INFO 19696 --- [restartedMain] [gateway-service,,]o.a.c.c.C.[Tomcat].[localhost].[/]       : Initializing Spring embedded WebApplicationContext
2024-10-22T00:24:56.686+07:00  INFO 19696 --- [restartedMain] [gateway-service,,]w.s.c.ServletWebServerApplicationContext : Root WebApplicationContext: initialization completed in 141 ms
2024-10-22T00:24:56.737+07:00  WARN 19696 --- [restartedMain] [gateway-service,,]o.s.b.d.a.OptionalLiveReloadServer       : Unable to start LiveReload server
2024-10-22T00:24:56.753+07:00  INFO 19696 --- [restartedMain] [gateway-service,,]DiscoveryClientOptionalArgsConfiguration : Eureka HTTP Client uses RestTemplate.
2024-10-22T00:24:56.762+07:00  WARN 19696 --- [restartedMain] [gateway-service,,]iguration$LoadBalancerCaffeineWarnLogger : Spring Cloud LoadBalancer is currently working with the default cache. While this cache implementation is useful for development and tests, it's recommended to use Caffeine cache in production.You can switch to using Caffeine cache, by adding it and org.springframework.cache.caffeine.CaffeineCacheManager to the classpath.
2024-10-22T00:24:56.770+07:00  INFO 19696 --- [restartedMain] [gateway-service,,]o.s.c.n.eureka.InstanceInfoFactory       : Setting initial instance status as: STARTING
2024-10-22T00:24:56.770+07:00  INFO 19696 --- [restartedMain] [gateway-service,,]com.netflix.discovery.DiscoveryClient    : Initializing Eureka in region us-east-1
2024-10-22T00:24:56.770+07:00  INFO 19696 --- [restartedMain] [gateway-service,,]c.n.d.s.r.aws.ConfigClusterResolver      : Resolving eureka endpoints via configuration
2024-10-22T00:24:56.770+07:00  INFO 19696 --- [restartedMain] [gateway-service,,]com.netflix.discovery.DiscoveryClient    : Disable delta property : false
2024-10-22T00:24:56.770+07:00  INFO 19696 --- [restartedMain] [gateway-service,,]com.netflix.discovery.DiscoveryClient    : Single vip registry refresh property : null
2024-10-22T00:24:56.770+07:00  INFO 19696 --- [restartedMain] [gateway-service,,]com.netflix.discovery.DiscoveryClient    : Force full registry fetch : false
2024-10-22T00:24:56.770+07:00  INFO 19696 --- [restartedMain] [gateway-service,,]com.netflix.discovery.DiscoveryClient    : Application is null : false
2024-10-22T00:24:56.770+07:00  INFO 19696 --- [restartedMain] [gateway-service,,]com.netflix.discovery.DiscoveryClient    : Registered Applications size is zero : true
2024-10-22T00:24:56.770+07:00  INFO 19696 --- [restartedMain] [gateway-service,,]com.netflix.discovery.DiscoveryClient    : Application version is -1: true
2024-10-22T00:24:56.770+07:00  INFO 19696 --- [restartedMain] [gateway-service,,]com.netflix.discovery.DiscoveryClient    : Getting all instance registry info from the eureka server
2024-10-22T00:24:56.784+07:00  INFO 19696 --- [restartedMain] [gateway-service,,]com.netflix.discovery.DiscoveryClient    : The response status is 200
2024-10-22T00:24:56.784+07:00  INFO 19696 --- [restartedMain] [gateway-service,,]com.netflix.discovery.DiscoveryClient    : Starting heartbeat executor: renew interval is: 30
2024-10-22T00:24:56.784+07:00  INFO 19696 --- [restartedMain] [gateway-service,,]c.n.discovery.InstanceInfoReplicator     : InstanceInfoReplicator onDemand update allowed rate per min is 4
2024-10-22T00:24:56.784+07:00  INFO 19696 --- [restartedMain] [gateway-service,,]com.netflix.discovery.DiscoveryClient    : Discovery Client initialized at timestamp 1729531496784 with initial instances count: 3
2024-10-22T00:24:56.784+07:00  INFO 19696 --- [restartedMain] [gateway-service,,]o.s.c.n.e.s.EurekaServiceRegistry        : Registering application GATEWAY-SERVICE with eureka with status UP
2024-10-22T00:24:56.785+07:00  INFO 19696 --- [restartedMain] [gateway-service,,]com.netflix.discovery.DiscoveryClient    : Saw local status change event StatusChangeEvent [timestamp=1729531496785, current=UP, previous=STARTING]
2024-10-22T00:24:56.785+07:00  INFO 19696 --- [DiscoveryClient-InstanceInfoReplicator-%d] [gateway-service,,]com.netflix.discovery.DiscoveryClient    : DiscoveryClient_GATEWAY-SERVICE/DESKTOP-GDQ5MDP:gateway-service:8080: registering service...
2024-10-22T00:24:56.786+07:00  INFO 19696 --- [restartedMain] [gateway-service,,]o.s.b.w.embedded.tomcat.TomcatWebServer  : Tomcat started on port 8080 (http) with context path '/'
2024-10-22T00:24:56.787+07:00  INFO 19696 --- [restartedMain] [gateway-service,,].s.c.n.e.s.EurekaAutoServiceRegistration : Updating port to 8080
2024-10-22T00:24:56.789+07:00  INFO 24496 --- [http-nio-9999-exec-2] [discovery-service,,]c.n.e.registry.AbstractInstanceRegistry  : Registered instance GATEWAY-SERVICE/DESKTOP-GDQ5MDP:gateway-service:8080 with status UP (replication=false)
2024-10-22T00:24:56.789+07:00  INFO 19696 --- [DiscoveryClient-InstanceInfoReplicator-%d] [gateway-service,,]com.netflix.discovery.DiscoveryClient    : DiscoveryClient_GATEWAY-SERVICE/DESKTOP-GDQ5MDP:gateway-service:8080 - registration status: 204
2024-10-22T00:24:56.790+07:00  INFO 19696 --- [restartedMain] [gateway-service,,]o.e.g.GatewayserviceApplication          : Started GatewayserviceApplication in 0.286 seconds (process running for 225.296)
2024-10-22T00:24:56.791+07:00  INFO 19696 --- [restartedMain] [gateway-service,,].ConditionEvaluationDeltaLoggingListener : Condition evaluation unchanged
2024-10-22T00:24:57.294+07:00  INFO 24496 --- [http-nio-9999-exec-5] [discovery-service,,]c.n.e.registry.AbstractInstanceRegistry  : Registered instance GATEWAY-SERVICE/DESKTOP-GDQ5MDP:gateway-service:8080 with status UP (replication=true)
2024-10-22T00:24:57.294+07:00  INFO 24496 --- [http-nio-9999-exec-5] [discovery-service,,]c.n.e.registry.AbstractInstanceRegistry  : Cancelled instance GATEWAY-SERVICE/DESKTOP-GDQ5MDP:gateway-service:8080 (replication=true)
2024-10-22T00:25:01.556+07:00  INFO 24496 --- [Eureka-EvictionTimer] [discovery-service,,]c.n.e.registry.AbstractInstanceRegistry  : Running the evict task with compensationTime 9ms
2024-10-22T00:25:03.184+07:00  INFO 19696 --- [http-nio-8080-exec-2] [gateway-service,,]o.a.c.c.C.[Tomcat].[localhost].[/]       : Initializing Spring DispatcherServlet 'dispatcherServlet'
2024-10-22T00:25:03.184+07:00  INFO 19696 --- [http-nio-8080-exec-2] [gateway-service,,]o.s.web.servlet.DispatcherServlet        : Initializing Servlet 'dispatcherServlet'
2024-10-22T00:25:03.185+07:00  INFO 19696 --- [http-nio-8080-exec-2] [gateway-service,,]o.s.web.servlet.DispatcherServlet        : Completed initialization in 1 ms
2024-10-22T00:25:08.200+07:00  INFO 19696 --- [SpringApplicationShutdownHook] [gateway-service,,]o.s.c.n.e.s.EurekaServiceRegistry        : Unregistering application GATEWAY-SERVICE with eureka with status DOWN
2024-10-22T00:25:08.200+07:00  INFO 19696 --- [SpringApplicationShutdownHook] [gateway-service,,]com.netflix.discovery.DiscoveryClient    : Saw local status change event StatusChangeEvent [timestamp=1729531508200, current=DOWN, previous=UP]
2024-10-22T00:25:08.200+07:00  INFO 19696 --- [DiscoveryClient-InstanceInfoReplicator-%d] [gateway-service,,]com.netflix.discovery.DiscoveryClient    : DiscoveryClient_GATEWAY-SERVICE/DESKTOP-GDQ5MDP:gateway-service:8080: registering service...
2024-10-22T00:25:08.206+07:00  INFO 19696 --- [SpringApplicationShutdownHook] [gateway-service,,]com.netflix.discovery.DiscoveryClient    : Shutting down DiscoveryClient ...
2024-10-22T00:25:08.212+07:00  INFO 24496 --- [http-nio-9999-exec-6] [discovery-service,,]c.n.e.registry.AbstractInstanceRegistry  : Registered instance GATEWAY-SERVICE/DESKTOP-GDQ5MDP:gateway-service:8080 with status DOWN (replication=false)
2024-10-22T00:25:08.213+07:00  INFO 19696 --- [DiscoveryClient-InstanceInfoReplicator-%d] [gateway-service,,]com.netflix.discovery.DiscoveryClient    : DiscoveryClient_GATEWAY-SERVICE/DESKTOP-GDQ5MDP:gateway-service:8080 - registration status: 204
2024-10-22T00:25:08.213+07:00  INFO 19696 --- [SpringApplicationShutdownHook] [gateway-service,,]com.netflix.discovery.DiscoveryClient    : Unregistering ...
2024-10-22T00:25:08.214+07:00  INFO 24496 --- [http-nio-9999-exec-7] [discovery-service,,]c.n.e.registry.AbstractInstanceRegistry  : Cancelled instance GATEWAY-SERVICE/DESKTOP-GDQ5MDP:gateway-service:8080 (replication=false)
2024-10-22T00:25:08.215+07:00  INFO 19696 --- [SpringApplicationShutdownHook] [gateway-service,,]com.netflix.discovery.DiscoveryClient    : DiscoveryClient_GATEWAY-SERVICE/DESKTOP-GDQ5MDP:gateway-service:8080 - deregister  status: 200
2024-10-22T00:25:08.215+07:00  INFO 19696 --- [SpringApplicationShutdownHook] [gateway-service,,]com.netflix.discovery.DiscoveryClient    : Completed shut down of DiscoveryClient
2024-10-22T00:25:08.714+07:00  INFO 24496 --- [http-nio-9999-exec-9] [discovery-service,,]c.n.e.registry.AbstractInstanceRegistry  : Registered instance GATEWAY-SERVICE/DESKTOP-GDQ5MDP:gateway-service:8080 with status DOWN (replication=true)
2024-10-22T00:25:08.714+07:00  INFO 24496 --- [http-nio-9999-exec-9] [discovery-service,,]c.n.e.registry.AbstractInstanceRegistry  : Cancelled instance GATEWAY-SERVICE/DESKTOP-GDQ5MDP:gateway-service:8080 (replication=true)
2024-10-22T00:25:09.955+07:00  INFO 26492 --- [restartedMain] [gateway-service,,]o.e.g.GatewayserviceApplication          : Starting GatewayserviceApplication using Java 21.0.4 with PID 26492 (C:\Users\Admin\OneDrive\Desktop\SpringCloud0\gatewayservice\target\classes started by Admin in C:\Users\Admin\OneDrive\Desktop\SpringCloud0)
2024-10-22T00:25:09.956+07:00  INFO 26492 --- [restartedMain] [gateway-service,,]o.e.g.GatewayserviceApplication          : No active profile set, falling back to 1 default profile: "default"
2024-10-22T00:25:09.982+07:00  INFO 26492 --- [restartedMain] [gateway-service,,]o.s.c.c.c.ConfigServerConfigDataLoader   : Fetching config from server at : http://localhost:8888
2024-10-22T00:25:09.982+07:00  INFO 26492 --- [restartedMain] [gateway-service,,]o.s.c.c.c.ConfigServerConfigDataLoader   : Located environment: name=gateway-service, profiles=[default], label=null, version=null, state=null
2024-10-22T00:25:09.983+07:00  INFO 26492 --- [restartedMain] [gateway-service,,].e.DevToolsPropertyDefaultsPostProcessor : Devtools property defaults active! Set 'spring.devtools.add-properties' to 'false' to disable
2024-10-22T00:25:09.984+07:00  INFO 26492 --- [restartedMain] [gateway-service,,].e.DevToolsPropertyDefaultsPostProcessor : For additional web related logging consider setting the 'logging.level.web' property to 'DEBUG'
2024-10-22T00:25:10.405+07:00  INFO 26492 --- [restartedMain] [gateway-service,,]o.s.cloud.context.scope.GenericScope     : BeanFactory id=5bd0a126-396c-3366-9805-7ea6decca7fb
2024-10-22T00:25:10.440+07:00  WARN 26492 --- [restartedMain] [gateway-service,,]trationDelegate$BeanPostProcessorChecker : Bean 'org.springframework.cloud.client.loadbalancer.LoadBalancerAutoConfiguration$DeferringLoadBalancerInterceptorConfig' of type [org.springframework.cloud.client.loadbalancer.LoadBalancerAutoConfiguration$DeferringLoadBalancerInterceptorConfig] is not eligible for getting processed by all BeanPostProcessors (for example: not eligible for auto-proxying). The currently created BeanPostProcessor [lbRestClientPostProcessor] is declared through a non-static factory method on that class; consider declaring it as static instead.
2024-10-22T00:25:10.440+07:00  WARN 26492 --- [restartedMain] [gateway-service,,]trationDelegate$BeanPostProcessorChecker : Bean 'deferringLoadBalancerInterceptor' of type [org.springframework.cloud.client.loadbalancer.DeferringLoadBalancerInterceptor] is not eligible for getting processed by all BeanPostProcessors (for example: not eligible for auto-proxying). Is this bean getting eagerly injected into a currently created BeanPostProcessor [lbRestClientPostProcessor]? Check the corresponding BeanPostProcessor declaration and its dependencies.
2024-10-22T00:25:10.623+07:00  INFO 26492 --- [restartedMain] [gateway-service,,]o.s.b.w.embedded.tomcat.TomcatWebServer  : Tomcat initialized with port 8080 (http)
2024-10-22T00:25:10.631+07:00  INFO 26492 --- [restartedMain] [gateway-service,,]o.apache.catalina.core.StandardService   : Starting service [Tomcat]
2024-10-22T00:25:10.631+07:00  INFO 26492 --- [restartedMain] [gateway-service,,]o.apache.catalina.core.StandardEngine    : Starting Servlet engine: [Apache Tomcat/10.1.30]
2024-10-22T00:25:10.660+07:00  INFO 26492 --- [restartedMain] [gateway-service,,]o.a.c.c.C.[Tomcat].[localhost].[/]       : Initializing Spring embedded WebApplicationContext
2024-10-22T00:25:10.660+07:00  INFO 26492 --- [restartedMain] [gateway-service,,]w.s.c.ServletWebServerApplicationContext : Root WebApplicationContext: initialization completed in 676 ms
2024-10-22T00:25:11.038+07:00  WARN 26492 --- [restartedMain] [gateway-service,,]o.s.b.d.a.OptionalLiveReloadServer       : Unable to start LiveReload server
2024-10-22T00:25:11.074+07:00  INFO 26492 --- [restartedMain] [gateway-service,,]DiscoveryClientOptionalArgsConfiguration : Eureka HTTP Client uses RestTemplate.
2024-10-22T00:25:11.142+07:00  WARN 26492 --- [restartedMain] [gateway-service,,]iguration$LoadBalancerCaffeineWarnLogger : Spring Cloud LoadBalancer is currently working with the default cache. While this cache implementation is useful for development and tests, it's recommended to use Caffeine cache in production.You can switch to using Caffeine cache, by adding it and org.springframework.cache.caffeine.CaffeineCacheManager to the classpath.
2024-10-22T00:25:11.169+07:00  INFO 26492 --- [restartedMain] [gateway-service,,]o.s.c.n.eureka.InstanceInfoFactory       : Setting initial instance status as: STARTING
2024-10-22T00:25:11.183+07:00  INFO 26492 --- [restartedMain] [gateway-service,,]com.netflix.discovery.DiscoveryClient    : Initializing Eureka in region us-east-1
2024-10-22T00:25:11.185+07:00  INFO 26492 --- [restartedMain] [gateway-service,,]c.n.d.s.r.aws.ConfigClusterResolver      : Resolving eureka endpoints via configuration
2024-10-22T00:25:11.190+07:00  INFO 26492 --- [restartedMain] [gateway-service,,]com.netflix.discovery.DiscoveryClient    : Disable delta property : false
2024-10-22T00:25:11.190+07:00  INFO 26492 --- [restartedMain] [gateway-service,,]com.netflix.discovery.DiscoveryClient    : Single vip registry refresh property : null
2024-10-22T00:25:11.190+07:00  INFO 26492 --- [restartedMain] [gateway-service,,]com.netflix.discovery.DiscoveryClient    : Force full registry fetch : false
2024-10-22T00:25:11.190+07:00  INFO 26492 --- [restartedMain] [gateway-service,,]com.netflix.discovery.DiscoveryClient    : Application is null : false
2024-10-22T00:25:11.190+07:00  INFO 26492 --- [restartedMain] [gateway-service,,]com.netflix.discovery.DiscoveryClient    : Registered Applications size is zero : true
2024-10-22T00:25:11.190+07:00  INFO 26492 --- [restartedMain] [gateway-service,,]com.netflix.discovery.DiscoveryClient    : Application version is -1: true
2024-10-22T00:25:11.190+07:00  INFO 26492 --- [restartedMain] [gateway-service,,]com.netflix.discovery.DiscoveryClient    : Getting all instance registry info from the eureka server
2024-10-22T00:25:11.267+07:00  INFO 26492 --- [restartedMain] [gateway-service,,]com.netflix.discovery.DiscoveryClient    : The response status is 200
2024-10-22T00:25:11.268+07:00  INFO 26492 --- [restartedMain] [gateway-service,,]com.netflix.discovery.DiscoveryClient    : Starting heartbeat executor: renew interval is: 30
2024-10-22T00:25:11.269+07:00  INFO 26492 --- [restartedMain] [gateway-service,,]c.n.discovery.InstanceInfoReplicator     : InstanceInfoReplicator onDemand update allowed rate per min is 4
2024-10-22T00:25:11.270+07:00  INFO 26492 --- [restartedMain] [gateway-service,,]com.netflix.discovery.DiscoveryClient    : Discovery Client initialized at timestamp 1729531511269 with initial instances count: 2
2024-10-22T00:25:11.272+07:00  INFO 26492 --- [restartedMain] [gateway-service,,]o.s.c.n.e.s.EurekaServiceRegistry        : Registering application GATEWAY-SERVICE with eureka with status UP
2024-10-22T00:25:11.272+07:00  INFO 26492 --- [restartedMain] [gateway-service,,]com.netflix.discovery.DiscoveryClient    : Saw local status change event StatusChangeEvent [timestamp=1729531511272, current=UP, previous=STARTING]
2024-10-22T00:25:11.273+07:00  INFO 26492 --- [DiscoveryClient-InstanceInfoReplicator-%d] [gateway-service,,]com.netflix.discovery.DiscoveryClient    : DiscoveryClient_GATEWAY-SERVICE/DESKTOP-GDQ5MDP:gateway-service:8080: registering service...
2024-10-22T00:25:11.280+07:00  INFO 26492 --- [restartedMain] [gateway-service,,]o.s.b.w.embedded.tomcat.TomcatWebServer  : Tomcat started on port 8080 (http) with context path '/'
2024-10-22T00:25:11.282+07:00  INFO 26492 --- [restartedMain] [gateway-service,,].s.c.n.e.s.EurekaAutoServiceRegistration : Updating port to 8080
2024-10-22T00:25:11.289+07:00  INFO 26492 --- [restartedMain] [gateway-service,,]o.e.g.GatewayserviceApplication          : Started GatewayserviceApplication in 1.78 seconds (process running for 2.168)
2024-10-22T00:25:11.293+07:00  INFO 24496 --- [http-nio-9999-exec-4] [discovery-service,,]c.n.e.registry.AbstractInstanceRegistry  : Registered instance GATEWAY-SERVICE/DESKTOP-GDQ5MDP:gateway-service:8080 with status UP (replication=false)
2024-10-22T00:25:11.294+07:00  INFO 26492 --- [DiscoveryClient-InstanceInfoReplicator-%d] [gateway-service,,]com.netflix.discovery.DiscoveryClient    : DiscoveryClient_GATEWAY-SERVICE/DESKTOP-GDQ5MDP:gateway-service:8080 - registration status: 204
2024-10-22T00:25:11.800+07:00  INFO 24496 --- [http-nio-9999-exec-8] [discovery-service,,]c.n.e.registry.AbstractInstanceRegistry  : Registered instance GATEWAY-SERVICE/DESKTOP-GDQ5MDP:gateway-service:8080 with status UP (replication=true)
2024-10-22T00:25:13.981+07:00  INFO 26492 --- [http-nio-8080-exec-1] [gateway-service,,]o.a.c.c.C.[Tomcat].[localhost].[/]       : Initializing Spring DispatcherServlet 'dispatcherServlet'
2024-10-22T00:25:13.981+07:00  INFO 26492 --- [http-nio-8080-exec-1] [gateway-service,,]o.s.web.servlet.DispatcherServlet        : Initializing Servlet 'dispatcherServlet'
2024-10-22T00:25:13.981+07:00  INFO 26492 --- [http-nio-8080-exec-1] [gateway-service,,]o.s.web.servlet.DispatcherServlet        : Completed initialization in 0 ms
2024-10-22T00:25:43.716+07:00  INFO 18396 --- [AsyncResolver-bootstrap-executor-0] [account-service,,]c.n.d.s.r.aws.ConfigClusterResolver      : Resolving eureka endpoints via configuration
2024-10-22T00:25:54.742+07:00  INFO 26492 --- [File Watcher] [gateway-service,,]rtingClassPathChangeChangedEventListener : Restarting due to 1 class path change (0 additions, 0 deletions, 1 modification)
2024-10-22T00:25:54.743+07:00  INFO 26492 --- [Thread-1] [gateway-service,,]o.s.c.n.e.s.EurekaServiceRegistry        : Unregistering application GATEWAY-SERVICE with eureka with status DOWN
2024-10-22T00:25:54.743+07:00  INFO 26492 --- [Thread-1] [gateway-service,,]com.netflix.discovery.DiscoveryClient    : Saw local status change event StatusChangeEvent [timestamp=1729531554743, current=DOWN, previous=UP]
2024-10-22T00:25:54.743+07:00  INFO 26492 --- [DiscoveryClient-InstanceInfoReplicator-%d] [gateway-service,,]com.netflix.discovery.DiscoveryClient    : DiscoveryClient_GATEWAY-SERVICE/DESKTOP-GDQ5MDP:gateway-service:8080: registering service...
2024-10-22T00:25:54.749+07:00  INFO 26492 --- [Thread-1] [gateway-service,,]com.netflix.discovery.DiscoveryClient    : Shutting down DiscoveryClient ...
2024-10-22T00:25:54.756+07:00  INFO 24496 --- [http-nio-9999-exec-1] [discovery-service,,]c.n.e.registry.AbstractInstanceRegistry  : Registered instance GATEWAY-SERVICE/DESKTOP-GDQ5MDP:gateway-service:8080 with status DOWN (replication=false)
2024-10-22T00:25:54.757+07:00  INFO 26492 --- [DiscoveryClient-InstanceInfoReplicator-%d] [gateway-service,,]com.netflix.discovery.DiscoveryClient    : DiscoveryClient_GATEWAY-SERVICE/DESKTOP-GDQ5MDP:gateway-service:8080 - registration status: 204
2024-10-22T00:25:54.757+07:00  INFO 26492 --- [Thread-1] [gateway-service,,]com.netflix.discovery.DiscoveryClient    : Unregistering ...
2024-10-22T00:25:54.759+07:00  INFO 24496 --- [http-nio-9999-exec-9] [discovery-service,,]c.n.e.registry.AbstractInstanceRegistry  : Cancelled instance GATEWAY-SERVICE/DESKTOP-GDQ5MDP:gateway-service:8080 (replication=false)
2024-10-22T00:25:54.759+07:00  INFO 26492 --- [Thread-1] [gateway-service,,]com.netflix.discovery.DiscoveryClient    : DiscoveryClient_GATEWAY-SERVICE/DESKTOP-GDQ5MDP:gateway-service:8080 - deregister  status: 200
2024-10-22T00:25:54.760+07:00  INFO 26492 --- [Thread-1] [gateway-service,,]com.netflix.discovery.DiscoveryClient    : Completed shut down of DiscoveryClient
2024-10-22T00:25:54.829+07:00  INFO 26492 --- [restartedMain] [gateway-service,,]o.e.g.GatewayserviceApplication          : Starting GatewayserviceApplication using Java 21.0.4 with PID 26492 (C:\Users\Admin\OneDrive\Desktop\SpringCloud0\gatewayservice\target\classes started by Admin in C:\Users\Admin\OneDrive\Desktop\SpringCloud0)
2024-10-22T00:25:54.830+07:00  INFO 26492 --- [restartedMain] [gateway-service,,]o.e.g.GatewayserviceApplication          : No active profile set, falling back to 1 default profile: "default"
2024-10-22T00:25:54.830+07:00  INFO 26492 --- [restartedMain] [gateway-service,,]o.s.c.c.c.ConfigServerConfigDataLoader   : Fetching config from server at : http://localhost:8888
2024-10-22T00:25:54.830+07:00  INFO 26492 --- [restartedMain] [gateway-service,,]o.s.c.c.c.ConfigServerConfigDataLoader   : Located environment: name=gateway-service, profiles=[default], label=null, version=null, state=null
2024-10-22T00:25:54.936+07:00  INFO 26492 --- [restartedMain] [gateway-service,,]o.s.cloud.context.scope.GenericScope     : BeanFactory id=5bd0a126-396c-3366-9805-7ea6decca7fb
2024-10-22T00:25:54.940+07:00  WARN 26492 --- [restartedMain] [gateway-service,,]trationDelegate$BeanPostProcessorChecker : Bean 'org.springframework.cloud.client.loadbalancer.LoadBalancerAutoConfiguration$DeferringLoadBalancerInterceptorConfig' of type [org.springframework.cloud.client.loadbalancer.LoadBalancerAutoConfiguration$DeferringLoadBalancerInterceptorConfig] is not eligible for getting processed by all BeanPostProcessors (for example: not eligible for auto-proxying). The currently created BeanPostProcessor [lbRestClientPostProcessor] is declared through a non-static factory method on that class; consider declaring it as static instead.
2024-10-22T00:25:54.940+07:00  WARN 26492 --- [restartedMain] [gateway-service,,]trationDelegate$BeanPostProcessorChecker : Bean 'deferringLoadBalancerInterceptor' of type [org.springframework.cloud.client.loadbalancer.DeferringLoadBalancerInterceptor] is not eligible for getting processed by all BeanPostProcessors (for example: not eligible for auto-proxying). Is this bean getting eagerly injected into a currently created BeanPostProcessor [lbRestClientPostProcessor]? Check the corresponding BeanPostProcessor declaration and its dependencies.
2024-10-22T00:25:54.961+07:00  INFO 26492 --- [restartedMain] [gateway-service,,]o.s.b.w.embedded.tomcat.TomcatWebServer  : Tomcat initialized with port 8080 (http)
2024-10-22T00:25:54.962+07:00  INFO 26492 --- [restartedMain] [gateway-service,,]o.apache.catalina.core.StandardService   : Starting service [Tomcat]
2024-10-22T00:25:54.962+07:00  INFO 26492 --- [restartedMain] [gateway-service,,]o.apache.catalina.core.StandardEngine    : Starting Servlet engine: [Apache Tomcat/10.1.30]
2024-10-22T00:25:54.976+07:00  INFO 26492 --- [restartedMain] [gateway-service,,]o.a.c.c.C.[Tomcat].[localhost].[/]       : Initializing Spring embedded WebApplicationContext
2024-10-22T00:25:54.977+07:00  INFO 26492 --- [restartedMain] [gateway-service,,]w.s.c.ServletWebServerApplicationContext : Root WebApplicationContext: initialization completed in 146 ms
2024-10-22T00:25:55.033+07:00  WARN 26492 --- [restartedMain] [gateway-service,,]o.s.b.d.a.OptionalLiveReloadServer       : Unable to start LiveReload server
2024-10-22T00:25:55.049+07:00  INFO 26492 --- [restartedMain] [gateway-service,,]DiscoveryClientOptionalArgsConfiguration : Eureka HTTP Client uses RestTemplate.
2024-10-22T00:25:55.058+07:00  WARN 26492 --- [restartedMain] [gateway-service,,]iguration$LoadBalancerCaffeineWarnLogger : Spring Cloud LoadBalancer is currently working with the default cache. While this cache implementation is useful for development and tests, it's recommended to use Caffeine cache in production.You can switch to using Caffeine cache, by adding it and org.springframework.cache.caffeine.CaffeineCacheManager to the classpath.
2024-10-22T00:25:55.066+07:00  INFO 26492 --- [restartedMain] [gateway-service,,]o.s.c.n.eureka.InstanceInfoFactory       : Setting initial instance status as: STARTING
2024-10-22T00:25:55.067+07:00  INFO 26492 --- [restartedMain] [gateway-service,,]com.netflix.discovery.DiscoveryClient    : Initializing Eureka in region us-east-1
2024-10-22T00:25:55.067+07:00  INFO 26492 --- [restartedMain] [gateway-service,,]c.n.d.s.r.aws.ConfigClusterResolver      : Resolving eureka endpoints via configuration
2024-10-22T00:25:55.068+07:00  INFO 26492 --- [restartedMain] [gateway-service,,]com.netflix.discovery.DiscoveryClient    : Disable delta property : false
2024-10-22T00:25:55.068+07:00  INFO 26492 --- [restartedMain] [gateway-service,,]com.netflix.discovery.DiscoveryClient    : Single vip registry refresh property : null
2024-10-22T00:25:55.068+07:00  INFO 26492 --- [restartedMain] [gateway-service,,]com.netflix.discovery.DiscoveryClient    : Force full registry fetch : false
2024-10-22T00:25:55.068+07:00  INFO 26492 --- [restartedMain] [gateway-service,,]com.netflix.discovery.DiscoveryClient    : Application is null : false
2024-10-22T00:25:55.068+07:00  INFO 26492 --- [restartedMain] [gateway-service,,]com.netflix.discovery.DiscoveryClient    : Registered Applications size is zero : true
2024-10-22T00:25:55.068+07:00  INFO 26492 --- [restartedMain] [gateway-service,,]com.netflix.discovery.DiscoveryClient    : Application version is -1: true
2024-10-22T00:25:55.068+07:00  INFO 26492 --- [restartedMain] [gateway-service,,]com.netflix.discovery.DiscoveryClient    : Getting all instance registry info from the eureka server
2024-10-22T00:25:55.080+07:00  INFO 26492 --- [restartedMain] [gateway-service,,]com.netflix.discovery.DiscoveryClient    : The response status is 200
2024-10-22T00:25:55.080+07:00  INFO 26492 --- [restartedMain] [gateway-service,,]com.netflix.discovery.DiscoveryClient    : Starting heartbeat executor: renew interval is: 30
2024-10-22T00:25:55.082+07:00  INFO 26492 --- [restartedMain] [gateway-service,,]c.n.discovery.InstanceInfoReplicator     : InstanceInfoReplicator onDemand update allowed rate per min is 4
2024-10-22T00:25:55.082+07:00  INFO 26492 --- [restartedMain] [gateway-service,,]com.netflix.discovery.DiscoveryClient    : Discovery Client initialized at timestamp 1729531555082 with initial instances count: 3
2024-10-22T00:25:55.082+07:00  INFO 26492 --- [restartedMain] [gateway-service,,]o.s.c.n.e.s.EurekaServiceRegistry        : Registering application GATEWAY-SERVICE with eureka with status UP
2024-10-22T00:25:55.082+07:00  INFO 26492 --- [restartedMain] [gateway-service,,]com.netflix.discovery.DiscoveryClient    : Saw local status change event StatusChangeEvent [timestamp=1729531555082, current=UP, previous=STARTING]
2024-10-22T00:25:55.082+07:00  INFO 26492 --- [DiscoveryClient-InstanceInfoReplicator-%d] [gateway-service,,]com.netflix.discovery.DiscoveryClient    : DiscoveryClient_GATEWAY-SERVICE/DESKTOP-GDQ5MDP:gateway-service:8080: registering service...
2024-10-22T00:25:55.084+07:00  INFO 26492 --- [restartedMain] [gateway-service,,]o.s.b.w.embedded.tomcat.TomcatWebServer  : Tomcat started on port 8080 (http) with context path '/'
2024-10-22T00:25:55.084+07:00  INFO 26492 --- [restartedMain] [gateway-service,,].s.c.n.e.s.EurekaAutoServiceRegistration : Updating port to 8080
2024-10-22T00:25:55.086+07:00  INFO 24496 --- [http-nio-9999-exec-2] [discovery-service,,]c.n.e.registry.AbstractInstanceRegistry  : Registered instance GATEWAY-SERVICE/DESKTOP-GDQ5MDP:gateway-service:8080 with status UP (replication=false)
2024-10-22T00:25:55.087+07:00  INFO 26492 --- [DiscoveryClient-InstanceInfoReplicator-%d] [gateway-service,,]com.netflix.discovery.DiscoveryClient    : DiscoveryClient_GATEWAY-SERVICE/DESKTOP-GDQ5MDP:gateway-service:8080 - registration status: 204
2024-10-22T00:25:55.089+07:00  INFO 26492 --- [restartedMain] [gateway-service,,]o.e.g.GatewayserviceApplication          : Started GatewayserviceApplication in 0.295 seconds (process running for 45.969)
2024-10-22T00:25:55.091+07:00  INFO 26492 --- [restartedMain] [gateway-service,,].ConditionEvaluationDeltaLoggingListener : Condition evaluation unchanged
2024-10-22T00:25:55.608+07:00  INFO 24496 --- [http-nio-9999-exec-5] [discovery-service,,]c.n.e.registry.AbstractInstanceRegistry  : Registered instance GATEWAY-SERVICE/DESKTOP-GDQ5MDP:gateway-service:8080 with status UP (replication=true)
2024-10-22T00:25:55.609+07:00  INFO 24496 --- [http-nio-9999-exec-5] [discovery-service,,]c.n.e.registry.AbstractInstanceRegistry  : Cancelled instance GATEWAY-SERVICE/DESKTOP-GDQ5MDP:gateway-service:8080 (replication=true)
2024-10-22T00:26:01.212+07:00  INFO 24496 --- [ReplicaAwareInstanceRegistry - RenewalThresholdUpdater] [discovery-service,,]c.n.e.r.PeerAwareInstanceRegistryImpl    : Current renewal threshold is : 5
2024-10-22T00:26:01.557+07:00  INFO 24496 --- [Eureka-EvictionTimer] [discovery-service,,]c.n.e.registry.AbstractInstanceRegistry  : Running the evict task with compensationTime 0ms
2024-10-22T00:26:06.510+07:00  INFO 26492 --- [File Watcher] [gateway-service,,]rtingClassPathChangeChangedEventListener : Restarting due to 1 class path change (0 additions, 0 deletions, 1 modification)
2024-10-22T00:26:06.511+07:00  INFO 26492 --- [Thread-7] [gateway-service,,]o.s.c.n.e.s.EurekaServiceRegistry        : Unregistering application GATEWAY-SERVICE with eureka with status DOWN
2024-10-22T00:26:06.512+07:00  INFO 26492 --- [Thread-7] [gateway-service,,]com.netflix.discovery.DiscoveryClient    : Saw local status change event StatusChangeEvent [timestamp=1729531566512, current=DOWN, previous=UP]
2024-10-22T00:26:06.512+07:00  INFO 26492 --- [DiscoveryClient-InstanceInfoReplicator-%d] [gateway-service,,]com.netflix.discovery.DiscoveryClient    : DiscoveryClient_GATEWAY-SERVICE/DESKTOP-GDQ5MDP:gateway-service:8080: registering service...
2024-10-22T00:26:06.516+07:00  INFO 26492 --- [Thread-7] [gateway-service,,]com.netflix.discovery.DiscoveryClient    : Shutting down DiscoveryClient ...
2024-10-22T00:26:06.527+07:00  INFO 24496 --- [http-nio-9999-exec-3] [discovery-service,,]c.n.e.registry.AbstractInstanceRegistry  : Registered instance GATEWAY-SERVICE/DESKTOP-GDQ5MDP:gateway-service:8080 with status DOWN (replication=false)
2024-10-22T00:26:06.527+07:00  INFO 26492 --- [DiscoveryClient-InstanceInfoReplicator-%d] [gateway-service,,]com.netflix.discovery.DiscoveryClient    : DiscoveryClient_GATEWAY-SERVICE/DESKTOP-GDQ5MDP:gateway-service:8080 - registration status: 204
2024-10-22T00:26:06.528+07:00  INFO 26492 --- [Thread-7] [gateway-service,,]com.netflix.discovery.DiscoveryClient    : Unregistering ...
2024-10-22T00:26:06.529+07:00  INFO 24496 --- [http-nio-9999-exec-6] [discovery-service,,]c.n.e.registry.AbstractInstanceRegistry  : Cancelled instance GATEWAY-SERVICE/DESKTOP-GDQ5MDP:gateway-service:8080 (replication=false)
2024-10-22T00:26:06.529+07:00  INFO 26492 --- [Thread-7] [gateway-service,,]com.netflix.discovery.DiscoveryClient    : DiscoveryClient_GATEWAY-SERVICE/DESKTOP-GDQ5MDP:gateway-service:8080 - deregister  status: 200
2024-10-22T00:26:06.529+07:00  INFO 26492 --- [Thread-7] [gateway-service,,]com.netflix.discovery.DiscoveryClient    : Completed shut down of DiscoveryClient
2024-10-22T00:26:06.598+07:00  INFO 26492 --- [restartedMain] [gateway-service,,]o.e.g.GatewayserviceApplication          : Starting GatewayserviceApplication using Java 21.0.4 with PID 26492 (C:\Users\Admin\OneDrive\Desktop\SpringCloud0\gatewayservice\target\classes started by Admin in C:\Users\Admin\OneDrive\Desktop\SpringCloud0)
2024-10-22T00:26:06.598+07:00  INFO 26492 --- [restartedMain] [gateway-service,,]o.e.g.GatewayserviceApplication          : No active profile set, falling back to 1 default profile: "default"
2024-10-22T00:26:06.599+07:00  INFO 26492 --- [restartedMain] [gateway-service,,]o.s.c.c.c.ConfigServerConfigDataLoader   : Fetching config from server at : http://localhost:8888
2024-10-22T00:26:06.599+07:00  INFO 26492 --- [restartedMain] [gateway-service,,]o.s.c.c.c.ConfigServerConfigDataLoader   : Located environment: name=gateway-service, profiles=[default], label=null, version=null, state=null
2024-10-22T00:26:06.695+07:00  INFO 26492 --- [restartedMain] [gateway-service,,]o.s.cloud.context.scope.GenericScope     : BeanFactory id=5bd0a126-396c-3366-9805-7ea6decca7fb
2024-10-22T00:26:06.699+07:00  WARN 26492 --- [restartedMain] [gateway-service,,]trationDelegate$BeanPostProcessorChecker : Bean 'org.springframework.cloud.client.loadbalancer.LoadBalancerAutoConfiguration$DeferringLoadBalancerInterceptorConfig' of type [org.springframework.cloud.client.loadbalancer.LoadBalancerAutoConfiguration$DeferringLoadBalancerInterceptorConfig] is not eligible for getting processed by all BeanPostProcessors (for example: not eligible for auto-proxying). The currently created BeanPostProcessor [lbRestClientPostProcessor] is declared through a non-static factory method on that class; consider declaring it as static instead.
2024-10-22T00:26:06.699+07:00  WARN 26492 --- [restartedMain] [gateway-service,,]trationDelegate$BeanPostProcessorChecker : Bean 'deferringLoadBalancerInterceptor' of type [org.springframework.cloud.client.loadbalancer.DeferringLoadBalancerInterceptor] is not eligible for getting processed by all BeanPostProcessors (for example: not eligible for auto-proxying). Is this bean getting eagerly injected into a currently created BeanPostProcessor [lbRestClientPostProcessor]? Check the corresponding BeanPostProcessor declaration and its dependencies.
2024-10-22T00:26:06.718+07:00  INFO 26492 --- [restartedMain] [gateway-service,,]o.s.b.w.embedded.tomcat.TomcatWebServer  : Tomcat initialized with port 8080 (http)
2024-10-22T00:26:06.718+07:00  INFO 26492 --- [restartedMain] [gateway-service,,]o.apache.catalina.core.StandardService   : Starting service [Tomcat]
2024-10-22T00:26:06.718+07:00  INFO 26492 --- [restartedMain] [gateway-service,,]o.apache.catalina.core.StandardEngine    : Starting Servlet engine: [Apache Tomcat/10.1.30]
2024-10-22T00:26:06.730+07:00  INFO 26492 --- [restartedMain] [gateway-service,,]o.a.c.c.C.[Tomcat].[localhost].[/]       : Initializing Spring embedded WebApplicationContext
2024-10-22T00:26:06.730+07:00  INFO 26492 --- [restartedMain] [gateway-service,,]w.s.c.ServletWebServerApplicationContext : Root WebApplicationContext: initialization completed in 131 ms
2024-10-22T00:26:06.781+07:00  WARN 26492 --- [restartedMain] [gateway-service,,]o.s.b.d.a.OptionalLiveReloadServer       : Unable to start LiveReload server
2024-10-22T00:26:06.796+07:00  INFO 26492 --- [restartedMain] [gateway-service,,]DiscoveryClientOptionalArgsConfiguration : Eureka HTTP Client uses RestTemplate.
2024-10-22T00:26:06.805+07:00  WARN 26492 --- [restartedMain] [gateway-service,,]iguration$LoadBalancerCaffeineWarnLogger : Spring Cloud LoadBalancer is currently working with the default cache. While this cache implementation is useful for development and tests, it's recommended to use Caffeine cache in production.You can switch to using Caffeine cache, by adding it and org.springframework.cache.caffeine.CaffeineCacheManager to the classpath.
2024-10-22T00:26:06.812+07:00  INFO 26492 --- [restartedMain] [gateway-service,,]o.s.c.n.eureka.InstanceInfoFactory       : Setting initial instance status as: STARTING
2024-10-22T00:26:06.814+07:00  INFO 26492 --- [restartedMain] [gateway-service,,]com.netflix.discovery.DiscoveryClient    : Initializing Eureka in region us-east-1
2024-10-22T00:26:06.814+07:00  INFO 26492 --- [restartedMain] [gateway-service,,]c.n.d.s.r.aws.ConfigClusterResolver      : Resolving eureka endpoints via configuration
2024-10-22T00:26:06.814+07:00  INFO 26492 --- [restartedMain] [gateway-service,,]com.netflix.discovery.DiscoveryClient    : Disable delta property : false
2024-10-22T00:26:06.814+07:00  INFO 26492 --- [restartedMain] [gateway-service,,]com.netflix.discovery.DiscoveryClient    : Single vip registry refresh property : null
2024-10-22T00:26:06.814+07:00  INFO 26492 --- [restartedMain] [gateway-service,,]com.netflix.discovery.DiscoveryClient    : Force full registry fetch : false
2024-10-22T00:26:06.814+07:00  INFO 26492 --- [restartedMain] [gateway-service,,]com.netflix.discovery.DiscoveryClient    : Application is null : false
2024-10-22T00:26:06.814+07:00  INFO 26492 --- [restartedMain] [gateway-service,,]com.netflix.discovery.DiscoveryClient    : Registered Applications size is zero : true
2024-10-22T00:26:06.814+07:00  INFO 26492 --- [restartedMain] [gateway-service,,]com.netflix.discovery.DiscoveryClient    : Application version is -1: true
2024-10-22T00:26:06.814+07:00  INFO 26492 --- [restartedMain] [gateway-service,,]com.netflix.discovery.DiscoveryClient    : Getting all instance registry info from the eureka server
2024-10-22T00:26:06.824+07:00  INFO 26492 --- [restartedMain] [gateway-service,,]com.netflix.discovery.DiscoveryClient    : The response status is 200
2024-10-22T00:26:06.824+07:00  INFO 26492 --- [restartedMain] [gateway-service,,]com.netflix.discovery.DiscoveryClient    : Starting heartbeat executor: renew interval is: 30
2024-10-22T00:26:06.824+07:00  INFO 26492 --- [restartedMain] [gateway-service,,]c.n.discovery.InstanceInfoReplicator     : InstanceInfoReplicator onDemand update allowed rate per min is 4
2024-10-22T00:26:06.825+07:00  INFO 26492 --- [restartedMain] [gateway-service,,]com.netflix.discovery.DiscoveryClient    : Discovery Client initialized at timestamp 1729531566825 with initial instances count: 2
2024-10-22T00:26:06.825+07:00  INFO 26492 --- [restartedMain] [gateway-service,,]o.s.c.n.e.s.EurekaServiceRegistry        : Registering application GATEWAY-SERVICE with eureka with status UP
2024-10-22T00:26:06.825+07:00  INFO 26492 --- [restartedMain] [gateway-service,,]com.netflix.discovery.DiscoveryClient    : Saw local status change event StatusChangeEvent [timestamp=1729531566825, current=UP, previous=STARTING]
2024-10-22T00:26:06.825+07:00  INFO 26492 --- [DiscoveryClient-InstanceInfoReplicator-%d] [gateway-service,,]com.netflix.discovery.DiscoveryClient    : DiscoveryClient_GATEWAY-SERVICE/DESKTOP-GDQ5MDP:gateway-service:8080: registering service...
2024-10-22T00:26:06.827+07:00  INFO 26492 --- [restartedMain] [gateway-service,,]o.s.b.w.embedded.tomcat.TomcatWebServer  : Tomcat started on port 8080 (http) with context path '/'
2024-10-22T00:26:06.827+07:00  INFO 26492 --- [restartedMain] [gateway-service,,].s.c.n.e.s.EurekaAutoServiceRegistration : Updating port to 8080
2024-10-22T00:26:06.830+07:00  INFO 24496 --- [http-nio-9999-exec-10] [discovery-service,,]c.n.e.registry.AbstractInstanceRegistry  : Registered instance GATEWAY-SERVICE/DESKTOP-GDQ5MDP:gateway-service:8080 with status UP (replication=false)
2024-10-22T00:26:06.830+07:00  INFO 26492 --- [DiscoveryClient-InstanceInfoReplicator-%d] [gateway-service,,]com.netflix.discovery.DiscoveryClient    : DiscoveryClient_GATEWAY-SERVICE/DESKTOP-GDQ5MDP:gateway-service:8080 - registration status: 204
2024-10-22T00:26:06.830+07:00  INFO 26492 --- [restartedMain] [gateway-service,,]o.e.g.GatewayserviceApplication          : Started GatewayserviceApplication in 0.27 seconds (process running for 57.71)
2024-10-22T00:26:06.831+07:00  INFO 26492 --- [restartedMain] [gateway-service,,].ConditionEvaluationDeltaLoggingListener : Condition evaluation unchanged
2024-10-22T00:26:07.337+07:00  INFO 24496 --- [http-nio-9999-exec-4] [discovery-service,,]c.n.e.registry.AbstractInstanceRegistry  : Registered instance GATEWAY-SERVICE/DESKTOP-GDQ5MDP:gateway-service:8080 with status UP (replication=true)
2024-10-22T00:26:07.337+07:00  INFO 24496 --- [http-nio-9999-exec-4] [discovery-service,,]c.n.e.registry.AbstractInstanceRegistry  : Cancelled instance GATEWAY-SERVICE/DESKTOP-GDQ5MDP:gateway-service:8080 (replication=true)
2024-10-22T00:26:36.846+07:00  WARN 24496 --- [http-nio-9999-exec-1] [discovery-service,,]c.n.e.registry.AbstractInstanceRegistry  : DS: Registry: lease doesn't exist, registering resource: GATEWAY-SERVICE - DESKTOP-GDQ5MDP:gateway-service:8080
2024-10-22T00:26:36.846+07:00  WARN 24496 --- [http-nio-9999-exec-1] [discovery-service,,]c.n.eureka.resources.InstanceResource    : Not Found (Renew): GATEWAY-SERVICE - DESKTOP-GDQ5MDP:gateway-service:8080
2024-10-22T00:26:36.850+07:00  INFO 26492 --- [DiscoveryClient-HeartbeatExecutor-%d] [gateway-service,,]com.netflix.discovery.DiscoveryClient    : DiscoveryClient_GATEWAY-SERVICE/DESKTOP-GDQ5MDP:gateway-service:8080 - Re-registering apps/GATEWAY-SERVICE
2024-10-22T00:26:36.850+07:00  INFO 26492 --- [DiscoveryClient-HeartbeatExecutor-%d] [gateway-service,,]com.netflix.discovery.DiscoveryClient    : DiscoveryClient_GATEWAY-SERVICE/DESKTOP-GDQ5MDP:gateway-service:8080: registering service...
2024-10-22T00:26:36.851+07:00  INFO 24496 --- [http-nio-9999-exec-10] [discovery-service,,]c.n.e.registry.AbstractInstanceRegistry  : Registered instance GATEWAY-SERVICE/DESKTOP-GDQ5MDP:gateway-service:8080 with status UP (replication=false)
2024-10-22T00:26:36.852+07:00  INFO 26492 --- [DiscoveryClient-HeartbeatExecutor-%d] [gateway-service,,]com.netflix.discovery.DiscoveryClient    : DiscoveryClient_GATEWAY-SERVICE/DESKTOP-GDQ5MDP:gateway-service:8080 - registration status: 204
2024-10-22T00:26:37.372+07:00  INFO 24496 --- [http-nio-9999-exec-4] [discovery-service,,]c.n.e.registry.AbstractInstanceRegistry  : Registered instance GATEWAY-SERVICE/DESKTOP-GDQ5MDP:gateway-service:8080 with status UP (replication=true)
2024-10-22T00:26:48.793+07:00  INFO 23316 --- [AsyncResolver-bootstrap-executor-0] [account-service,,]c.n.d.s.r.aws.ConfigClusterResolver      : Resolving eureka endpoints via configuration
2024-10-22T00:27:01.557+07:00  INFO 24496 --- [Eureka-EvictionTimer] [discovery-service,,]c.n.e.registry.AbstractInstanceRegistry  : Running the evict task with compensationTime 0ms
2024-10-22T00:27:18.667+07:00  INFO 26492 --- [File Watcher] [gateway-service,,]rtingClassPathChangeChangedEventListener : Restarting due to 1 class path change (0 additions, 0 deletions, 1 modification)
2024-10-22T00:27:18.668+07:00  INFO 26492 --- [Thread-13] [gateway-service,,]o.s.c.n.e.s.EurekaServiceRegistry        : Unregistering application GATEWAY-SERVICE with eureka with status DOWN
2024-10-22T00:27:18.668+07:00  INFO 26492 --- [Thread-13] [gateway-service,,]com.netflix.discovery.DiscoveryClient    : Saw local status change event StatusChangeEvent [timestamp=1729531638668, current=DOWN, previous=UP]
2024-10-22T00:27:18.668+07:00  INFO 26492 --- [DiscoveryClient-InstanceInfoReplicator-%d] [gateway-service,,]com.netflix.discovery.DiscoveryClient    : DiscoveryClient_GATEWAY-SERVICE/DESKTOP-GDQ5MDP:gateway-service:8080: registering service...
2024-10-22T00:27:18.670+07:00  INFO 26492 --- [Thread-13] [gateway-service,,]com.netflix.discovery.DiscoveryClient    : Shutting down DiscoveryClient ...
2024-10-22T00:27:18.682+07:00  INFO 24496 --- [http-nio-9999-exec-5] [discovery-service,,]c.n.e.registry.AbstractInstanceRegistry  : Registered instance GATEWAY-SERVICE/DESKTOP-GDQ5MDP:gateway-service:8080 with status DOWN (replication=false)
2024-10-22T00:27:18.682+07:00  INFO 26492 --- [DiscoveryClient-InstanceInfoReplicator-%d] [gateway-service,,]com.netflix.discovery.DiscoveryClient    : DiscoveryClient_GATEWAY-SERVICE/DESKTOP-GDQ5MDP:gateway-service:8080 - registration status: 204
2024-10-22T00:27:18.683+07:00  INFO 26492 --- [Thread-13] [gateway-service,,]com.netflix.discovery.DiscoveryClient    : Unregistering ...
2024-10-22T00:27:18.684+07:00  INFO 24496 --- [http-nio-9999-exec-3] [discovery-service,,]c.n.e.registry.AbstractInstanceRegistry  : Cancelled instance GATEWAY-SERVICE/DESKTOP-GDQ5MDP:gateway-service:8080 (replication=false)
2024-10-22T00:27:18.684+07:00  INFO 26492 --- [Thread-13] [gateway-service,,]com.netflix.discovery.DiscoveryClient    : DiscoveryClient_GATEWAY-SERVICE/DESKTOP-GDQ5MDP:gateway-service:8080 - deregister  status: 200
2024-10-22T00:27:18.684+07:00  INFO 26492 --- [Thread-13] [gateway-service,,]com.netflix.discovery.DiscoveryClient    : Completed shut down of DiscoveryClient
2024-10-22T00:27:18.750+07:00  INFO 26492 --- [restartedMain] [gateway-service,,]o.e.g.GatewayserviceApplication          : Starting GatewayserviceApplication using Java 21.0.4 with PID 26492 (C:\Users\Admin\OneDrive\Desktop\SpringCloud0\gatewayservice\target\classes started by Admin in C:\Users\Admin\OneDrive\Desktop\SpringCloud0)
2024-10-22T00:27:18.750+07:00  INFO 26492 --- [restartedMain] [gateway-service,,]o.e.g.GatewayserviceApplication          : No active profile set, falling back to 1 default profile: "default"
2024-10-22T00:27:18.751+07:00  INFO 26492 --- [restartedMain] [gateway-service,,]o.s.c.c.c.ConfigServerConfigDataLoader   : Fetching config from server at : http://localhost:8888
2024-10-22T00:27:18.751+07:00  INFO 26492 --- [restartedMain] [gateway-service,,]o.s.c.c.c.ConfigServerConfigDataLoader   : Located environment: name=gateway-service, profiles=[default], label=null, version=null, state=null
2024-10-22T00:27:18.840+07:00  INFO 26492 --- [restartedMain] [gateway-service,,]o.s.cloud.context.scope.GenericScope     : BeanFactory id=5bd0a126-396c-3366-9805-7ea6decca7fb
2024-10-22T00:27:18.843+07:00  WARN 26492 --- [restartedMain] [gateway-service,,]trationDelegate$BeanPostProcessorChecker : Bean 'org.springframework.cloud.client.loadbalancer.LoadBalancerAutoConfiguration$DeferringLoadBalancerInterceptorConfig' of type [org.springframework.cloud.client.loadbalancer.LoadBalancerAutoConfiguration$DeferringLoadBalancerInterceptorConfig] is not eligible for getting processed by all BeanPostProcessors (for example: not eligible for auto-proxying). The currently created BeanPostProcessor [lbRestClientPostProcessor] is declared through a non-static factory method on that class; consider declaring it as static instead.
2024-10-22T00:27:18.844+07:00  WARN 26492 --- [restartedMain] [gateway-service,,]trationDelegate$BeanPostProcessorChecker : Bean 'deferringLoadBalancerInterceptor' of type [org.springframework.cloud.client.loadbalancer.DeferringLoadBalancerInterceptor] is not eligible for getting processed by all BeanPostProcessors (for example: not eligible for auto-proxying). Is this bean getting eagerly injected into a currently created BeanPostProcessor [lbRestClientPostProcessor]? Check the corresponding BeanPostProcessor declaration and its dependencies.
2024-10-22T00:27:18.861+07:00  INFO 26492 --- [restartedMain] [gateway-service,,]o.s.b.w.embedded.tomcat.TomcatWebServer  : Tomcat initialized with port 8080 (http)
2024-10-22T00:27:18.861+07:00  INFO 26492 --- [restartedMain] [gateway-service,,]o.apache.catalina.core.StandardService   : Starting service [Tomcat]
2024-10-22T00:27:18.861+07:00  INFO 26492 --- [restartedMain] [gateway-service,,]o.apache.catalina.core.StandardEngine    : Starting Servlet engine: [Apache Tomcat/10.1.30]
2024-10-22T00:27:18.882+07:00  INFO 26492 --- [restartedMain] [gateway-service,,]o.a.c.c.C.[Tomcat].[localhost].[/]       : Initializing Spring embedded WebApplicationContext
2024-10-22T00:27:18.882+07:00  INFO 26492 --- [restartedMain] [gateway-service,,]w.s.c.ServletWebServerApplicationContext : Root WebApplicationContext: initialization completed in 131 ms
2024-10-22T00:27:18.930+07:00  WARN 26492 --- [restartedMain] [gateway-service,,]o.s.b.d.a.OptionalLiveReloadServer       : Unable to start LiveReload server
2024-10-22T00:27:18.944+07:00  INFO 26492 --- [restartedMain] [gateway-service,,]DiscoveryClientOptionalArgsConfiguration : Eureka HTTP Client uses RestTemplate.
2024-10-22T00:27:18.954+07:00  WARN 26492 --- [restartedMain] [gateway-service,,]iguration$LoadBalancerCaffeineWarnLogger : Spring Cloud LoadBalancer is currently working with the default cache. While this cache implementation is useful for development and tests, it's recommended to use Caffeine cache in production.You can switch to using Caffeine cache, by adding it and org.springframework.cache.caffeine.CaffeineCacheManager to the classpath.
2024-10-22T00:27:18.960+07:00  INFO 26492 --- [restartedMain] [gateway-service,,]o.s.c.n.eureka.InstanceInfoFactory       : Setting initial instance status as: STARTING
2024-10-22T00:27:18.962+07:00  INFO 26492 --- [restartedMain] [gateway-service,,]com.netflix.discovery.DiscoveryClient    : Initializing Eureka in region us-east-1
2024-10-22T00:27:18.962+07:00  INFO 26492 --- [restartedMain] [gateway-service,,]c.n.d.s.r.aws.ConfigClusterResolver      : Resolving eureka endpoints via configuration
2024-10-22T00:27:18.962+07:00  INFO 26492 --- [restartedMain] [gateway-service,,]com.netflix.discovery.DiscoveryClient    : Disable delta property : false
2024-10-22T00:27:18.962+07:00  INFO 26492 --- [restartedMain] [gateway-service,,]com.netflix.discovery.DiscoveryClient    : Single vip registry refresh property : null
2024-10-22T00:27:18.962+07:00  INFO 26492 --- [restartedMain] [gateway-service,,]com.netflix.discovery.DiscoveryClient    : Force full registry fetch : false
2024-10-22T00:27:18.962+07:00  INFO 26492 --- [restartedMain] [gateway-service,,]com.netflix.discovery.DiscoveryClient    : Application is null : false
2024-10-22T00:27:18.962+07:00  INFO 26492 --- [restartedMain] [gateway-service,,]com.netflix.discovery.DiscoveryClient    : Registered Applications size is zero : true
2024-10-22T00:27:18.962+07:00  INFO 26492 --- [restartedMain] [gateway-service,,]com.netflix.discovery.DiscoveryClient    : Application version is -1: true
2024-10-22T00:27:18.962+07:00  INFO 26492 --- [restartedMain] [gateway-service,,]com.netflix.discovery.DiscoveryClient    : Getting all instance registry info from the eureka server
2024-10-22T00:27:18.970+07:00  INFO 26492 --- [restartedMain] [gateway-service,,]com.netflix.discovery.DiscoveryClient    : The response status is 200
2024-10-22T00:27:18.970+07:00  INFO 26492 --- [restartedMain] [gateway-service,,]com.netflix.discovery.DiscoveryClient    : Starting heartbeat executor: renew interval is: 30
2024-10-22T00:27:18.971+07:00  INFO 26492 --- [restartedMain] [gateway-service,,]c.n.discovery.InstanceInfoReplicator     : InstanceInfoReplicator onDemand update allowed rate per min is 4
2024-10-22T00:27:18.971+07:00  INFO 26492 --- [restartedMain] [gateway-service,,]com.netflix.discovery.DiscoveryClient    : Discovery Client initialized at timestamp 1729531638971 with initial instances count: 3
2024-10-22T00:27:18.971+07:00  INFO 26492 --- [restartedMain] [gateway-service,,]o.s.c.n.e.s.EurekaServiceRegistry        : Registering application GATEWAY-SERVICE with eureka with status UP
2024-10-22T00:27:18.971+07:00  INFO 26492 --- [restartedMain] [gateway-service,,]com.netflix.discovery.DiscoveryClient    : Saw local status change event StatusChangeEvent [timestamp=1729531638971, current=UP, previous=STARTING]
2024-10-22T00:27:18.972+07:00  INFO 26492 --- [DiscoveryClient-InstanceInfoReplicator-%d] [gateway-service,,]com.netflix.discovery.DiscoveryClient    : DiscoveryClient_GATEWAY-SERVICE/DESKTOP-GDQ5MDP:gateway-service:8080: registering service...
2024-10-22T00:27:18.973+07:00  INFO 26492 --- [restartedMain] [gateway-service,,]o.s.b.w.embedded.tomcat.TomcatWebServer  : Tomcat started on port 8080 (http) with context path '/'
2024-10-22T00:27:18.973+07:00  INFO 26492 --- [restartedMain] [gateway-service,,].s.c.n.e.s.EurekaAutoServiceRegistration : Updating port to 8080
2024-10-22T00:27:18.976+07:00  INFO 24496 --- [http-nio-9999-exec-9] [discovery-service,,]c.n.e.registry.AbstractInstanceRegistry  : Registered instance GATEWAY-SERVICE/DESKTOP-GDQ5MDP:gateway-service:8080 with status UP (replication=false)
2024-10-22T00:27:18.976+07:00  INFO 26492 --- [DiscoveryClient-InstanceInfoReplicator-%d] [gateway-service,,]com.netflix.discovery.DiscoveryClient    : DiscoveryClient_GATEWAY-SERVICE/DESKTOP-GDQ5MDP:gateway-service:8080 - registration status: 204
2024-10-22T00:27:18.977+07:00  INFO 26492 --- [restartedMain] [gateway-service,,]o.e.g.GatewayserviceApplication          : Started GatewayserviceApplication in 0.26 seconds (process running for 129.857)
2024-10-22T00:27:18.978+07:00  INFO 26492 --- [restartedMain] [gateway-service,,].ConditionEvaluationDeltaLoggingListener : Condition evaluation unchanged
2024-10-22T00:27:19.480+07:00  INFO 24496 --- [http-nio-9999-exec-10] [discovery-service,,]c.n.e.registry.AbstractInstanceRegistry  : Registered instance GATEWAY-SERVICE/DESKTOP-GDQ5MDP:gateway-service:8080 with status UP (replication=true)
2024-10-22T00:27:19.480+07:00  INFO 24496 --- [http-nio-9999-exec-10] [discovery-service,,]c.n.e.registry.AbstractInstanceRegistry  : Cancelled instance GATEWAY-SERVICE/DESKTOP-GDQ5MDP:gateway-service:8080 (replication=true)
2024-10-22T00:27:48.997+07:00  WARN 24496 --- [http-nio-9999-exec-1] [discovery-service,,]c.n.e.registry.AbstractInstanceRegistry  : DS: Registry: lease doesn't exist, registering resource: GATEWAY-SERVICE - DESKTOP-GDQ5MDP:gateway-service:8080
2024-10-22T00:27:48.997+07:00  WARN 24496 --- [http-nio-9999-exec-1] [discovery-service,,]c.n.eureka.resources.InstanceResource    : Not Found (Renew): GATEWAY-SERVICE - DESKTOP-GDQ5MDP:gateway-service:8080
2024-10-22T00:27:48.999+07:00  INFO 26492 --- [DiscoveryClient-HeartbeatExecutor-%d] [gateway-service,,]com.netflix.discovery.DiscoveryClient    : DiscoveryClient_GATEWAY-SERVICE/DESKTOP-GDQ5MDP:gateway-service:8080 - Re-registering apps/GATEWAY-SERVICE
2024-10-22T00:27:48.999+07:00  INFO 26492 --- [DiscoveryClient-HeartbeatExecutor-%d] [gateway-service,,]com.netflix.discovery.DiscoveryClient    : DiscoveryClient_GATEWAY-SERVICE/DESKTOP-GDQ5MDP:gateway-service:8080: registering service...
2024-10-22T00:27:49.000+07:00  INFO 24496 --- [http-nio-9999-exec-9] [discovery-service,,]c.n.e.registry.AbstractInstanceRegistry  : Registered instance GATEWAY-SERVICE/DESKTOP-GDQ5MDP:gateway-service:8080 with status UP (replication=false)
2024-10-22T00:27:49.000+07:00  INFO 26492 --- [DiscoveryClient-HeartbeatExecutor-%d] [gateway-service,,]com.netflix.discovery.DiscoveryClient    : DiscoveryClient_GATEWAY-SERVICE/DESKTOP-GDQ5MDP:gateway-service:8080 - registration status: 204
2024-10-22T00:27:49.505+07:00  INFO 24496 --- [http-nio-9999-exec-10] [discovery-service,,]c.n.e.registry.AbstractInstanceRegistry  : Registered instance GATEWAY-SERVICE/DESKTOP-GDQ5MDP:gateway-service:8080 with status UP (replication=true)
2024-10-22T00:28:01.557+07:00  INFO 24496 --- [Eureka-EvictionTimer] [discovery-service,,]c.n.e.registry.AbstractInstanceRegistry  : Running the evict task with compensationTime 0ms
2024-10-22T00:29:01.557+07:00  INFO 24496 --- [Eureka-EvictionTimer] [discovery-service,,]c.n.e.registry.AbstractInstanceRegistry  : Running the evict task with compensationTime 0ms
2024-10-22T00:30:01.569+07:00  INFO 24496 --- [Eureka-EvictionTimer] [discovery-service,,]c.n.e.registry.AbstractInstanceRegistry  : Running the evict task with compensationTime 12ms
2024-10-22T00:30:43.718+07:00  INFO 18396 --- [AsyncResolver-bootstrap-executor-0] [account-service,,]c.n.d.s.r.aws.ConfigClusterResolver      : Resolving eureka endpoints via configuration
2024-10-22T00:31:01.578+07:00  INFO 24496 --- [Eureka-EvictionTimer] [discovery-service,,]c.n.e.registry.AbstractInstanceRegistry  : Running the evict task with compensationTime 8ms
2024-10-22T00:31:22.030+07:00  INFO 26492 --- [File Watcher] [gateway-service,,]rtingClassPathChangeChangedEventListener : Restarting due to 1 class path change (0 additions, 0 deletions, 1 modification)
2024-10-22T00:31:22.030+07:00  INFO 26492 --- [Thread-19] [gateway-service,,]o.s.c.n.e.s.EurekaServiceRegistry        : Unregistering application GATEWAY-SERVICE with eureka with status DOWN
2024-10-22T00:31:22.030+07:00  INFO 26492 --- [Thread-19] [gateway-service,,]com.netflix.discovery.DiscoveryClient    : Saw local status change event StatusChangeEvent [timestamp=1729531882030, current=DOWN, previous=UP]
2024-10-22T00:31:22.031+07:00  INFO 26492 --- [DiscoveryClient-InstanceInfoReplicator-%d] [gateway-service,,]com.netflix.discovery.DiscoveryClient    : DiscoveryClient_GATEWAY-SERVICE/DESKTOP-GDQ5MDP:gateway-service:8080: registering service...
2024-10-22T00:31:22.035+07:00  INFO 26492 --- [Thread-19] [gateway-service,,]com.netflix.discovery.DiscoveryClient    : Shutting down DiscoveryClient ...
2024-10-22T00:31:22.046+07:00  INFO 24496 --- [http-nio-9999-exec-10] [discovery-service,,]c.n.e.registry.AbstractInstanceRegistry  : Registered instance GATEWAY-SERVICE/DESKTOP-GDQ5MDP:gateway-service:8080 with status DOWN (replication=false)
2024-10-22T00:31:22.046+07:00  INFO 26492 --- [DiscoveryClient-InstanceInfoReplicator-%d] [gateway-service,,]com.netflix.discovery.DiscoveryClient    : DiscoveryClient_GATEWAY-SERVICE/DESKTOP-GDQ5MDP:gateway-service:8080 - registration status: 204
2024-10-22T00:31:22.047+07:00  INFO 26492 --- [Thread-19] [gateway-service,,]com.netflix.discovery.DiscoveryClient    : Unregistering ...
2024-10-22T00:31:22.048+07:00  INFO 24496 --- [http-nio-9999-exec-4] [discovery-service,,]c.n.e.registry.AbstractInstanceRegistry  : Cancelled instance GATEWAY-SERVICE/DESKTOP-GDQ5MDP:gateway-service:8080 (replication=false)
2024-10-22T00:31:22.048+07:00  INFO 26492 --- [Thread-19] [gateway-service,,]com.netflix.discovery.DiscoveryClient    : DiscoveryClient_GATEWAY-SERVICE/DESKTOP-GDQ5MDP:gateway-service:8080 - deregister  status: 200
2024-10-22T00:31:22.048+07:00  INFO 26492 --- [Thread-19] [gateway-service,,]com.netflix.discovery.DiscoveryClient    : Completed shut down of DiscoveryClient
2024-10-22T00:31:22.122+07:00  INFO 26492 --- [restartedMain] [gateway-service,,]o.e.g.GatewayserviceApplication          : Starting GatewayserviceApplication using Java 21.0.4 with PID 26492 (C:\Users\Admin\OneDrive\Desktop\SpringCloud0\gatewayservice\target\classes started by Admin in C:\Users\Admin\OneDrive\Desktop\SpringCloud0)
2024-10-22T00:31:22.122+07:00  INFO 26492 --- [restartedMain] [gateway-service,,]o.e.g.GatewayserviceApplication          : No active profile set, falling back to 1 default profile: "default"
2024-10-22T00:31:22.123+07:00  INFO 26492 --- [restartedMain] [gateway-service,,]o.s.c.c.c.ConfigServerConfigDataLoader   : Fetching config from server at : http://localhost:8888
2024-10-22T00:31:22.123+07:00  INFO 26492 --- [restartedMain] [gateway-service,,]o.s.c.c.c.ConfigServerConfigDataLoader   : Located environment: name=gateway-service, profiles=[default], label=null, version=null, state=null
2024-10-22T00:31:22.207+07:00  INFO 26492 --- [restartedMain] [gateway-service,,]o.s.cloud.context.scope.GenericScope     : BeanFactory id=5bd0a126-396c-3366-9805-7ea6decca7fb
2024-10-22T00:31:22.210+07:00  WARN 26492 --- [restartedMain] [gateway-service,,]trationDelegate$BeanPostProcessorChecker : Bean 'org.springframework.cloud.client.loadbalancer.LoadBalancerAutoConfiguration$DeferringLoadBalancerInterceptorConfig' of type [org.springframework.cloud.client.loadbalancer.LoadBalancerAutoConfiguration$DeferringLoadBalancerInterceptorConfig] is not eligible for getting processed by all BeanPostProcessors (for example: not eligible for auto-proxying). The currently created BeanPostProcessor [lbRestClientPostProcessor] is declared through a non-static factory method on that class; consider declaring it as static instead.
2024-10-22T00:31:22.210+07:00  WARN 26492 --- [restartedMain] [gateway-service,,]trationDelegate$BeanPostProcessorChecker : Bean 'deferringLoadBalancerInterceptor' of type [org.springframework.cloud.client.loadbalancer.DeferringLoadBalancerInterceptor] is not eligible for getting processed by all BeanPostProcessors (for example: not eligible for auto-proxying). Is this bean getting eagerly injected into a currently created BeanPostProcessor [lbRestClientPostProcessor]? Check the corresponding BeanPostProcessor declaration and its dependencies.
2024-10-22T00:31:22.231+07:00  INFO 26492 --- [restartedMain] [gateway-service,,]o.s.b.w.embedded.tomcat.TomcatWebServer  : Tomcat initialized with port 8080 (http)
2024-10-22T00:31:22.232+07:00  INFO 26492 --- [restartedMain] [gateway-service,,]o.apache.catalina.core.StandardService   : Starting service [Tomcat]
2024-10-22T00:31:22.232+07:00  INFO 26492 --- [restartedMain] [gateway-service,,]o.apache.catalina.core.StandardEngine    : Starting Servlet engine: [Apache Tomcat/10.1.30]
2024-10-22T00:31:22.243+07:00  INFO 26492 --- [restartedMain] [gateway-service,,]o.a.c.c.C.[Tomcat].[localhost].[/]       : Initializing Spring embedded WebApplicationContext
2024-10-22T00:31:22.243+07:00  INFO 26492 --- [restartedMain] [gateway-service,,]w.s.c.ServletWebServerApplicationContext : Root WebApplicationContext: initialization completed in 120 ms
2024-10-22T00:31:22.290+07:00  WARN 26492 --- [restartedMain] [gateway-service,,]o.s.b.d.a.OptionalLiveReloadServer       : Unable to start LiveReload server
2024-10-22T00:31:22.304+07:00  INFO 26492 --- [restartedMain] [gateway-service,,]DiscoveryClientOptionalArgsConfiguration : Eureka HTTP Client uses RestTemplate.
2024-10-22T00:31:22.312+07:00  WARN 26492 --- [restartedMain] [gateway-service,,]iguration$LoadBalancerCaffeineWarnLogger : Spring Cloud LoadBalancer is currently working with the default cache. While this cache implementation is useful for development and tests, it's recommended to use Caffeine cache in production.You can switch to using Caffeine cache, by adding it and org.springframework.cache.caffeine.CaffeineCacheManager to the classpath.
2024-10-22T00:31:22.318+07:00  INFO 26492 --- [restartedMain] [gateway-service,,]o.s.c.n.eureka.InstanceInfoFactory       : Setting initial instance status as: STARTING
2024-10-22T00:31:22.318+07:00  INFO 26492 --- [restartedMain] [gateway-service,,]com.netflix.discovery.DiscoveryClient    : Initializing Eureka in region us-east-1
2024-10-22T00:31:22.318+07:00  INFO 26492 --- [restartedMain] [gateway-service,,]c.n.d.s.r.aws.ConfigClusterResolver      : Resolving eureka endpoints via configuration
2024-10-22T00:31:22.319+07:00  INFO 26492 --- [restartedMain] [gateway-service,,]com.netflix.discovery.DiscoveryClient    : Disable delta property : false
2024-10-22T00:31:22.319+07:00  INFO 26492 --- [restartedMain] [gateway-service,,]com.netflix.discovery.DiscoveryClient    : Single vip registry refresh property : null
2024-10-22T00:31:22.319+07:00  INFO 26492 --- [restartedMain] [gateway-service,,]com.netflix.discovery.DiscoveryClient    : Force full registry fetch : false
2024-10-22T00:31:22.319+07:00  INFO 26492 --- [restartedMain] [gateway-service,,]com.netflix.discovery.DiscoveryClient    : Application is null : false
2024-10-22T00:31:22.319+07:00  INFO 26492 --- [restartedMain] [gateway-service,,]com.netflix.discovery.DiscoveryClient    : Registered Applications size is zero : true
2024-10-22T00:31:22.319+07:00  INFO 26492 --- [restartedMain] [gateway-service,,]com.netflix.discovery.DiscoveryClient    : Application version is -1: true
2024-10-22T00:31:22.319+07:00  INFO 26492 --- [restartedMain] [gateway-service,,]com.netflix.discovery.DiscoveryClient    : Getting all instance registry info from the eureka server
2024-10-22T00:31:22.328+07:00  INFO 26492 --- [restartedMain] [gateway-service,,]com.netflix.discovery.DiscoveryClient    : The response status is 200
2024-10-22T00:31:22.329+07:00  INFO 26492 --- [restartedMain] [gateway-service,,]com.netflix.discovery.DiscoveryClient    : Starting heartbeat executor: renew interval is: 30
2024-10-22T00:31:22.329+07:00  INFO 26492 --- [restartedMain] [gateway-service,,]c.n.discovery.InstanceInfoReplicator     : InstanceInfoReplicator onDemand update allowed rate per min is 4
2024-10-22T00:31:22.329+07:00  INFO 26492 --- [restartedMain] [gateway-service,,]com.netflix.discovery.DiscoveryClient    : Discovery Client initialized at timestamp 1729531882329 with initial instances count: 3
2024-10-22T00:31:22.329+07:00  INFO 26492 --- [restartedMain] [gateway-service,,]o.s.c.n.e.s.EurekaServiceRegistry        : Registering application GATEWAY-SERVICE with eureka with status UP
2024-10-22T00:31:22.329+07:00  INFO 26492 --- [restartedMain] [gateway-service,,]com.netflix.discovery.DiscoveryClient    : Saw local status change event StatusChangeEvent [timestamp=1729531882329, current=UP, previous=STARTING]
2024-10-22T00:31:22.329+07:00  INFO 26492 --- [DiscoveryClient-InstanceInfoReplicator-%d] [gateway-service,,]com.netflix.discovery.DiscoveryClient    : DiscoveryClient_GATEWAY-SERVICE/DESKTOP-GDQ5MDP:gateway-service:8080: registering service...
2024-10-22T00:31:22.332+07:00  INFO 26492 --- [restartedMain] [gateway-service,,]o.s.b.w.embedded.tomcat.TomcatWebServer  : Tomcat started on port 8080 (http) with context path '/'
2024-10-22T00:31:22.332+07:00  INFO 26492 --- [restartedMain] [gateway-service,,].s.c.n.e.s.EurekaAutoServiceRegistration : Updating port to 8080
2024-10-22T00:31:22.334+07:00  INFO 24496 --- [http-nio-9999-exec-8] [discovery-service,,]c.n.e.registry.AbstractInstanceRegistry  : Registered instance GATEWAY-SERVICE/DESKTOP-GDQ5MDP:gateway-service:8080 with status UP (replication=false)
2024-10-22T00:31:22.335+07:00  INFO 26492 --- [DiscoveryClient-InstanceInfoReplicator-%d] [gateway-service,,]com.netflix.discovery.DiscoveryClient    : DiscoveryClient_GATEWAY-SERVICE/DESKTOP-GDQ5MDP:gateway-service:8080 - registration status: 204
2024-10-22T00:31:22.335+07:00  INFO 26492 --- [restartedMain] [gateway-service,,]o.e.g.GatewayserviceApplication          : Started GatewayserviceApplication in 0.249 seconds (process running for 373.215)
2024-10-22T00:31:22.336+07:00  INFO 26492 --- [restartedMain] [gateway-service,,].ConditionEvaluationDeltaLoggingListener : Condition evaluation unchanged
2024-10-22T00:31:22.836+07:00  INFO 24496 --- [http-nio-9999-exec-2] [discovery-service,,]c.n.e.registry.AbstractInstanceRegistry  : Registered instance GATEWAY-SERVICE/DESKTOP-GDQ5MDP:gateway-service:8080 with status UP (replication=true)
2024-10-22T00:31:22.836+07:00  INFO 24496 --- [http-nio-9999-exec-2] [discovery-service,,]c.n.e.registry.AbstractInstanceRegistry  : Cancelled instance GATEWAY-SERVICE/DESKTOP-GDQ5MDP:gateway-service:8080 (replication=true)
2024-10-22T00:31:48.805+07:00  INFO 23316 --- [AsyncResolver-bootstrap-executor-0] [account-service,,]c.n.d.s.r.aws.ConfigClusterResolver      : Resolving eureka endpoints via configuration
2024-10-22T00:31:52.347+07:00  WARN 24496 --- [http-nio-9999-exec-1] [discovery-service,,]c.n.e.registry.AbstractInstanceRegistry  : DS: Registry: lease doesn't exist, registering resource: GATEWAY-SERVICE - DESKTOP-GDQ5MDP:gateway-service:8080
2024-10-22T00:31:52.348+07:00  WARN 24496 --- [http-nio-9999-exec-1] [discovery-service,,]c.n.eureka.resources.InstanceResource    : Not Found (Renew): GATEWAY-SERVICE - DESKTOP-GDQ5MDP:gateway-service:8080
2024-10-22T00:31:52.349+07:00  INFO 26492 --- [DiscoveryClient-HeartbeatExecutor-%d] [gateway-service,,]com.netflix.discovery.DiscoveryClient    : DiscoveryClient_GATEWAY-SERVICE/DESKTOP-GDQ5MDP:gateway-service:8080 - Re-registering apps/GATEWAY-SERVICE
2024-10-22T00:31:52.349+07:00  INFO 26492 --- [DiscoveryClient-HeartbeatExecutor-%d] [gateway-service,,]com.netflix.discovery.DiscoveryClient    : DiscoveryClient_GATEWAY-SERVICE/DESKTOP-GDQ5MDP:gateway-service:8080: registering service...
2024-10-22T00:31:52.350+07:00  INFO 24496 --- [http-nio-9999-exec-8] [discovery-service,,]c.n.e.registry.AbstractInstanceRegistry  : Registered instance GATEWAY-SERVICE/DESKTOP-GDQ5MDP:gateway-service:8080 with status UP (replication=false)
2024-10-22T00:31:52.351+07:00  INFO 26492 --- [DiscoveryClient-HeartbeatExecutor-%d] [gateway-service,,]com.netflix.discovery.DiscoveryClient    : DiscoveryClient_GATEWAY-SERVICE/DESKTOP-GDQ5MDP:gateway-service:8080 - registration status: 204
2024-10-22T00:31:52.858+07:00  INFO 24496 --- [http-nio-9999-exec-2] [discovery-service,,]c.n.e.registry.AbstractInstanceRegistry  : Registered instance GATEWAY-SERVICE/DESKTOP-GDQ5MDP:gateway-service:8080 with status UP (replication=true)
2024-10-22T00:32:01.579+07:00  INFO 24496 --- [Eureka-EvictionTimer] [discovery-service,,]c.n.e.registry.AbstractInstanceRegistry  : Running the evict task with compensationTime 0ms
2024-10-22T00:32:01.995+07:00  INFO 26492 --- [SpringApplicationShutdownHook] [gateway-service,,]o.s.c.n.e.s.EurekaServiceRegistry        : Unregistering application GATEWAY-SERVICE with eureka with status DOWN
2024-10-22T00:32:01.995+07:00  INFO 26492 --- [SpringApplicationShutdownHook] [gateway-service,,]com.netflix.discovery.DiscoveryClient    : Saw local status change event StatusChangeEvent [timestamp=1729531921995, current=DOWN, previous=UP]
2024-10-22T00:32:01.995+07:00  INFO 26492 --- [DiscoveryClient-InstanceInfoReplicator-%d] [gateway-service,,]com.netflix.discovery.DiscoveryClient    : DiscoveryClient_GATEWAY-SERVICE/DESKTOP-GDQ5MDP:gateway-service:8080: registering service...
2024-10-22T00:32:01.999+07:00  INFO 26492 --- [SpringApplicationShutdownHook] [gateway-service,,]com.netflix.discovery.DiscoveryClient    : Shutting down DiscoveryClient ...
2024-10-22T00:32:02.009+07:00  INFO 24496 --- [http-nio-9999-exec-5] [discovery-service,,]c.n.e.registry.AbstractInstanceRegistry  : Registered instance GATEWAY-SERVICE/DESKTOP-GDQ5MDP:gateway-service:8080 with status DOWN (replication=false)
2024-10-22T00:32:02.010+07:00  INFO 26492 --- [DiscoveryClient-InstanceInfoReplicator-%d] [gateway-service,,]com.netflix.discovery.DiscoveryClient    : DiscoveryClient_GATEWAY-SERVICE/DESKTOP-GDQ5MDP:gateway-service:8080 - registration status: 204
2024-10-22T00:32:02.010+07:00  INFO 26492 --- [SpringApplicationShutdownHook] [gateway-service,,]com.netflix.discovery.DiscoveryClient    : Unregistering ...
2024-10-22T00:32:02.011+07:00  INFO 24496 --- [http-nio-9999-exec-7] [discovery-service,,]c.n.e.registry.AbstractInstanceRegistry  : Cancelled instance GATEWAY-SERVICE/DESKTOP-GDQ5MDP:gateway-service:8080 (replication=false)
2024-10-22T00:32:02.011+07:00  INFO 26492 --- [SpringApplicationShutdownHook] [gateway-service,,]com.netflix.discovery.DiscoveryClient    : DiscoveryClient_GATEWAY-SERVICE/DESKTOP-GDQ5MDP:gateway-service:8080 - deregister  status: 200
2024-10-22T00:32:02.011+07:00  INFO 26492 --- [SpringApplicationShutdownHook] [gateway-service,,]com.netflix.discovery.DiscoveryClient    : Completed shut down of DiscoveryClient
2024-10-22T00:32:02.516+07:00  INFO 24496 --- [http-nio-9999-exec-4] [discovery-service,,]c.n.e.registry.AbstractInstanceRegistry  : Registered instance GATEWAY-SERVICE/DESKTOP-GDQ5MDP:gateway-service:8080 with status DOWN (replication=true)
2024-10-22T00:32:02.516+07:00  INFO 24496 --- [http-nio-9999-exec-4] [discovery-service,,]c.n.e.registry.AbstractInstanceRegistry  : Cancelled instance GATEWAY-SERVICE/DESKTOP-GDQ5MDP:gateway-service:8080 (replication=true)
2024-10-22T00:32:04.255+07:00  INFO 4352 --- [restartedMain] [gateway-service,,]o.e.g.GatewayserviceApplication          : Starting GatewayserviceApplication using Java 21.0.4 with PID 4352 (C:\Users\Admin\OneDrive\Desktop\SpringCloud0\gatewayservice\target\classes started by Admin in C:\Users\Admin\OneDrive\Desktop\SpringCloud0)
2024-10-22T00:32:04.256+07:00  INFO 4352 --- [restartedMain] [gateway-service,,]o.e.g.GatewayserviceApplication          : No active profile set, falling back to 1 default profile: "default"
2024-10-22T00:32:04.285+07:00  INFO 4352 --- [restartedMain] [gateway-service,,]o.s.c.c.c.ConfigServerConfigDataLoader   : Fetching config from server at : http://localhost:8888
2024-10-22T00:32:04.286+07:00  INFO 4352 --- [restartedMain] [gateway-service,,]o.s.c.c.c.ConfigServerConfigDataLoader   : Located environment: name=gateway-service, profiles=[default], label=null, version=null, state=null
2024-10-22T00:32:04.287+07:00  INFO 4352 --- [restartedMain] [gateway-service,,].e.DevToolsPropertyDefaultsPostProcessor : Devtools property defaults active! Set 'spring.devtools.add-properties' to 'false' to disable
2024-10-22T00:32:04.287+07:00  INFO 4352 --- [restartedMain] [gateway-service,,].e.DevToolsPropertyDefaultsPostProcessor : For additional web related logging consider setting the 'logging.level.web' property to 'DEBUG'
2024-10-22T00:32:04.702+07:00  INFO 4352 --- [restartedMain] [gateway-service,,]o.s.cloud.context.scope.GenericScope     : BeanFactory id=5bd0a126-396c-3366-9805-7ea6decca7fb
2024-10-22T00:32:04.738+07:00  WARN 4352 --- [restartedMain] [gateway-service,,]trationDelegate$BeanPostProcessorChecker : Bean 'org.springframework.cloud.client.loadbalancer.LoadBalancerAutoConfiguration$DeferringLoadBalancerInterceptorConfig' of type [org.springframework.cloud.client.loadbalancer.LoadBalancerAutoConfiguration$DeferringLoadBalancerInterceptorConfig] is not eligible for getting processed by all BeanPostProcessors (for example: not eligible for auto-proxying). The currently created BeanPostProcessor [lbRestClientPostProcessor] is declared through a non-static factory method on that class; consider declaring it as static instead.
2024-10-22T00:32:04.739+07:00  WARN 4352 --- [restartedMain] [gateway-service,,]trationDelegate$BeanPostProcessorChecker : Bean 'deferringLoadBalancerInterceptor' of type [org.springframework.cloud.client.loadbalancer.DeferringLoadBalancerInterceptor] is not eligible for getting processed by all BeanPostProcessors (for example: not eligible for auto-proxying). Is this bean getting eagerly injected into a currently created BeanPostProcessor [lbRestClientPostProcessor]? Check the corresponding BeanPostProcessor declaration and its dependencies.
2024-10-22T00:32:04.937+07:00  INFO 4352 --- [restartedMain] [gateway-service,,]o.s.b.w.embedded.tomcat.TomcatWebServer  : Tomcat initialized with port 8080 (http)
2024-10-22T00:32:04.945+07:00  INFO 4352 --- [restartedMain] [gateway-service,,]o.apache.catalina.core.StandardService   : Starting service [Tomcat]
2024-10-22T00:32:04.945+07:00  INFO 4352 --- [restartedMain] [gateway-service,,]o.apache.catalina.core.StandardEngine    : Starting Servlet engine: [Apache Tomcat/10.1.30]
2024-10-22T00:32:04.975+07:00  INFO 4352 --- [restartedMain] [gateway-service,,]o.a.c.c.C.[Tomcat].[localhost].[/]       : Initializing Spring embedded WebApplicationContext
2024-10-22T00:32:04.975+07:00  INFO 4352 --- [restartedMain] [gateway-service,,]w.s.c.ServletWebServerApplicationContext : Root WebApplicationContext: initialization completed in 688 ms
2024-10-22T00:32:05.344+07:00  WARN 4352 --- [restartedMain] [gateway-service,,]o.s.b.d.a.OptionalLiveReloadServer       : Unable to start LiveReload server
2024-10-22T00:32:05.386+07:00  INFO 4352 --- [restartedMain] [gateway-service,,]DiscoveryClientOptionalArgsConfiguration : Eureka HTTP Client uses RestTemplate.
2024-10-22T00:32:05.471+07:00  WARN 4352 --- [restartedMain] [gateway-service,,]iguration$LoadBalancerCaffeineWarnLogger : Spring Cloud LoadBalancer is currently working with the default cache. While this cache implementation is useful for development and tests, it's recommended to use Caffeine cache in production.You can switch to using Caffeine cache, by adding it and org.springframework.cache.caffeine.CaffeineCacheManager to the classpath.
2024-10-22T00:32:05.500+07:00  INFO 4352 --- [restartedMain] [gateway-service,,]o.s.c.n.eureka.InstanceInfoFactory       : Setting initial instance status as: STARTING
2024-10-22T00:32:05.514+07:00  INFO 4352 --- [restartedMain] [gateway-service,,]com.netflix.discovery.DiscoveryClient    : Initializing Eureka in region us-east-1
2024-10-22T00:32:05.519+07:00  INFO 4352 --- [restartedMain] [gateway-service,,]c.n.d.s.r.aws.ConfigClusterResolver      : Resolving eureka endpoints via configuration
2024-10-22T00:32:05.526+07:00  INFO 4352 --- [restartedMain] [gateway-service,,]com.netflix.discovery.DiscoveryClient    : Disable delta property : false
2024-10-22T00:32:05.526+07:00  INFO 4352 --- [restartedMain] [gateway-service,,]com.netflix.discovery.DiscoveryClient    : Single vip registry refresh property : null
2024-10-22T00:32:05.526+07:00  INFO 4352 --- [restartedMain] [gateway-service,,]com.netflix.discovery.DiscoveryClient    : Force full registry fetch : false
2024-10-22T00:32:05.526+07:00  INFO 4352 --- [restartedMain] [gateway-service,,]com.netflix.discovery.DiscoveryClient    : Application is null : false
2024-10-22T00:32:05.526+07:00  INFO 4352 --- [restartedMain] [gateway-service,,]com.netflix.discovery.DiscoveryClient    : Registered Applications size is zero : true
2024-10-22T00:32:05.526+07:00  INFO 4352 --- [restartedMain] [gateway-service,,]com.netflix.discovery.DiscoveryClient    : Application version is -1: true
2024-10-22T00:32:05.526+07:00  INFO 4352 --- [restartedMain] [gateway-service,,]com.netflix.discovery.DiscoveryClient    : Getting all instance registry info from the eureka server
2024-10-22T00:32:05.605+07:00  INFO 4352 --- [restartedMain] [gateway-service,,]com.netflix.discovery.DiscoveryClient    : The response status is 200
2024-10-22T00:32:05.606+07:00  INFO 4352 --- [restartedMain] [gateway-service,,]com.netflix.discovery.DiscoveryClient    : Starting heartbeat executor: renew interval is: 30
2024-10-22T00:32:05.608+07:00  INFO 4352 --- [restartedMain] [gateway-service,,]c.n.discovery.InstanceInfoReplicator     : InstanceInfoReplicator onDemand update allowed rate per min is 4
2024-10-22T00:32:05.608+07:00  INFO 4352 --- [restartedMain] [gateway-service,,]com.netflix.discovery.DiscoveryClient    : Discovery Client initialized at timestamp 1729531925608 with initial instances count: 3
2024-10-22T00:32:05.610+07:00  INFO 4352 --- [restartedMain] [gateway-service,,]o.s.c.n.e.s.EurekaServiceRegistry        : Registering application GATEWAY-SERVICE with eureka with status UP
2024-10-22T00:32:05.611+07:00  INFO 4352 --- [restartedMain] [gateway-service,,]com.netflix.discovery.DiscoveryClient    : Saw local status change event StatusChangeEvent [timestamp=1729531925611, current=UP, previous=STARTING]
2024-10-22T00:32:05.612+07:00  INFO 4352 --- [DiscoveryClient-InstanceInfoReplicator-%d] [gateway-service,,]com.netflix.discovery.DiscoveryClient    : DiscoveryClient_GATEWAY-SERVICE/DESKTOP-GDQ5MDP:gateway-service:8080: registering service...
2024-10-22T00:32:05.620+07:00  INFO 4352 --- [restartedMain] [gateway-service,,]o.s.b.w.embedded.tomcat.TomcatWebServer  : Tomcat started on port 8080 (http) with context path '/'
2024-10-22T00:32:05.621+07:00  INFO 4352 --- [restartedMain] [gateway-service,,].s.c.n.e.s.EurekaAutoServiceRegistration : Updating port to 8080
2024-10-22T00:32:05.629+07:00  INFO 4352 --- [restartedMain] [gateway-service,,]o.e.g.GatewayserviceApplication          : Started GatewayserviceApplication in 1.818 seconds (process running for 2.225)
2024-10-22T00:32:05.633+07:00  INFO 24496 --- [http-nio-9999-exec-9] [discovery-service,,]c.n.e.registry.AbstractInstanceRegistry  : Registered instance GATEWAY-SERVICE/DESKTOP-GDQ5MDP:gateway-service:8080 with status UP (replication=false)
2024-10-22T00:32:05.634+07:00  INFO 4352 --- [DiscoveryClient-InstanceInfoReplicator-%d] [gateway-service,,]com.netflix.discovery.DiscoveryClient    : DiscoveryClient_GATEWAY-SERVICE/DESKTOP-GDQ5MDP:gateway-service:8080 - registration status: 204
2024-10-22T00:32:06.136+07:00  INFO 24496 --- [http-nio-9999-exec-1] [discovery-service,,]c.n.e.registry.AbstractInstanceRegistry  : Registered instance GATEWAY-SERVICE/DESKTOP-GDQ5MDP:gateway-service:8080 with status UP (replication=true)
2024-10-22T00:32:14.402+07:00  INFO 4352 --- [http-nio-8080-exec-2] [gateway-service,,]o.a.c.c.C.[Tomcat].[localhost].[/]       : Initializing Spring DispatcherServlet 'dispatcherServlet'
2024-10-22T00:32:14.402+07:00  INFO 4352 --- [http-nio-8080-exec-2] [gateway-service,,]o.s.web.servlet.DispatcherServlet        : Initializing Servlet 'dispatcherServlet'
2024-10-22T00:32:14.403+07:00  INFO 4352 --- [http-nio-8080-exec-2] [gateway-service,,]o.s.web.servlet.DispatcherServlet        : Completed initialization in 0 ms
2024-10-22T00:32:33.959+07:00  INFO 4352 --- [File Watcher] [gateway-service,,]rtingClassPathChangeChangedEventListener : Restarting due to 1 class path change (0 additions, 0 deletions, 1 modification)
2024-10-22T00:32:33.960+07:00  INFO 4352 --- [Thread-1] [gateway-service,,]o.s.c.n.e.s.EurekaServiceRegistry        : Unregistering application GATEWAY-SERVICE with eureka with status DOWN
2024-10-22T00:32:33.960+07:00  INFO 4352 --- [Thread-1] [gateway-service,,]com.netflix.discovery.DiscoveryClient    : Saw local status change event StatusChangeEvent [timestamp=1729531953960, current=DOWN, previous=UP]
2024-10-22T00:32:33.960+07:00  INFO 4352 --- [DiscoveryClient-InstanceInfoReplicator-%d] [gateway-service,,]com.netflix.discovery.DiscoveryClient    : DiscoveryClient_GATEWAY-SERVICE/DESKTOP-GDQ5MDP:gateway-service:8080: registering service...
2024-10-22T00:32:33.966+07:00  INFO 4352 --- [Thread-1] [gateway-service,,]com.netflix.discovery.DiscoveryClient    : Shutting down DiscoveryClient ...
2024-10-22T00:32:33.973+07:00  INFO 24496 --- [http-nio-9999-exec-4] [discovery-service,,]c.n.e.registry.AbstractInstanceRegistry  : Registered instance GATEWAY-SERVICE/DESKTOP-GDQ5MDP:gateway-service:8080 with status DOWN (replication=false)
2024-10-22T00:32:33.974+07:00  INFO 4352 --- [DiscoveryClient-InstanceInfoReplicator-%d] [gateway-service,,]com.netflix.discovery.DiscoveryClient    : DiscoveryClient_GATEWAY-SERVICE/DESKTOP-GDQ5MDP:gateway-service:8080 - registration status: 204
2024-10-22T00:32:33.974+07:00  INFO 4352 --- [Thread-1] [gateway-service,,]com.netflix.discovery.DiscoveryClient    : Unregistering ...
2024-10-22T00:32:33.976+07:00  INFO 24496 --- [http-nio-9999-exec-6] [discovery-service,,]c.n.e.registry.AbstractInstanceRegistry  : Cancelled instance GATEWAY-SERVICE/DESKTOP-GDQ5MDP:gateway-service:8080 (replication=false)
2024-10-22T00:32:33.976+07:00  INFO 4352 --- [Thread-1] [gateway-service,,]com.netflix.discovery.DiscoveryClient    : DiscoveryClient_GATEWAY-SERVICE/DESKTOP-GDQ5MDP:gateway-service:8080 - deregister  status: 200
2024-10-22T00:32:33.976+07:00  INFO 4352 --- [Thread-1] [gateway-service,,]com.netflix.discovery.DiscoveryClient    : Completed shut down of DiscoveryClient
2024-10-22T00:32:34.056+07:00  INFO 4352 --- [restartedMain] [gateway-service,,]o.e.g.GatewayserviceApplication          : Starting GatewayserviceApplication using Java 21.0.4 with PID 4352 (C:\Users\Admin\OneDrive\Desktop\SpringCloud0\gatewayservice\target\classes started by Admin in C:\Users\Admin\OneDrive\Desktop\SpringCloud0)
2024-10-22T00:32:34.057+07:00  INFO 4352 --- [restartedMain] [gateway-service,,]o.e.g.GatewayserviceApplication          : No active profile set, falling back to 1 default profile: "default"
2024-10-22T00:32:34.058+07:00  INFO 4352 --- [restartedMain] [gateway-service,,]o.s.c.c.c.ConfigServerConfigDataLoader   : Fetching config from server at : http://localhost:8888
2024-10-22T00:32:34.058+07:00  INFO 4352 --- [restartedMain] [gateway-service,,]o.s.c.c.c.ConfigServerConfigDataLoader   : Located environment: name=gateway-service, profiles=[default], label=null, version=null, state=null
2024-10-22T00:32:34.166+07:00  INFO 4352 --- [restartedMain] [gateway-service,,]o.s.cloud.context.scope.GenericScope     : BeanFactory id=5bd0a126-396c-3366-9805-7ea6decca7fb
2024-10-22T00:32:34.170+07:00  WARN 4352 --- [restartedMain] [gateway-service,,]trationDelegate$BeanPostProcessorChecker : Bean 'org.springframework.cloud.client.loadbalancer.LoadBalancerAutoConfiguration$DeferringLoadBalancerInterceptorConfig' of type [org.springframework.cloud.client.loadbalancer.LoadBalancerAutoConfiguration$DeferringLoadBalancerInterceptorConfig] is not eligible for getting processed by all BeanPostProcessors (for example: not eligible for auto-proxying). The currently created BeanPostProcessor [lbRestClientPostProcessor] is declared through a non-static factory method on that class; consider declaring it as static instead.
2024-10-22T00:32:34.170+07:00  WARN 4352 --- [restartedMain] [gateway-service,,]trationDelegate$BeanPostProcessorChecker : Bean 'deferringLoadBalancerInterceptor' of type [org.springframework.cloud.client.loadbalancer.DeferringLoadBalancerInterceptor] is not eligible for getting processed by all BeanPostProcessors (for example: not eligible for auto-proxying). Is this bean getting eagerly injected into a currently created BeanPostProcessor [lbRestClientPostProcessor]? Check the corresponding BeanPostProcessor declaration and its dependencies.
2024-10-22T00:32:34.192+07:00  INFO 4352 --- [restartedMain] [gateway-service,,]o.s.b.w.embedded.tomcat.TomcatWebServer  : Tomcat initialized with port 8080 (http)
2024-10-22T00:32:34.193+07:00  INFO 4352 --- [restartedMain] [gateway-service,,]o.apache.catalina.core.StandardService   : Starting service [Tomcat]
2024-10-22T00:32:34.193+07:00  INFO 4352 --- [restartedMain] [gateway-service,,]o.apache.catalina.core.StandardEngine    : Starting Servlet engine: [Apache Tomcat/10.1.30]
2024-10-22T00:32:34.207+07:00  INFO 4352 --- [restartedMain] [gateway-service,,]o.a.c.c.C.[Tomcat].[localhost].[/]       : Initializing Spring embedded WebApplicationContext
2024-10-22T00:32:34.208+07:00  INFO 4352 --- [restartedMain] [gateway-service,,]w.s.c.ServletWebServerApplicationContext : Root WebApplicationContext: initialization completed in 150 ms
2024-10-22T00:32:34.263+07:00  WARN 4352 --- [restartedMain] [gateway-service,,]o.s.b.d.a.OptionalLiveReloadServer       : Unable to start LiveReload server
2024-10-22T00:32:34.279+07:00  INFO 4352 --- [restartedMain] [gateway-service,,]DiscoveryClientOptionalArgsConfiguration : Eureka HTTP Client uses RestTemplate.
2024-10-22T00:32:34.287+07:00  WARN 4352 --- [restartedMain] [gateway-service,,]iguration$LoadBalancerCaffeineWarnLogger : Spring Cloud LoadBalancer is currently working with the default cache. While this cache implementation is useful for development and tests, it's recommended to use Caffeine cache in production.You can switch to using Caffeine cache, by adding it and org.springframework.cache.caffeine.CaffeineCacheManager to the classpath.
2024-10-22T00:32:34.295+07:00  INFO 4352 --- [restartedMain] [gateway-service,,]o.s.c.n.eureka.InstanceInfoFactory       : Setting initial instance status as: STARTING
2024-10-22T00:32:34.296+07:00  INFO 4352 --- [restartedMain] [gateway-service,,]com.netflix.discovery.DiscoveryClient    : Initializing Eureka in region us-east-1
2024-10-22T00:32:34.296+07:00  INFO 4352 --- [restartedMain] [gateway-service,,]c.n.d.s.r.aws.ConfigClusterResolver      : Resolving eureka endpoints via configuration
2024-10-22T00:32:34.296+07:00  INFO 4352 --- [restartedMain] [gateway-service,,]com.netflix.discovery.DiscoveryClient    : Disable delta property : false
2024-10-22T00:32:34.296+07:00  INFO 4352 --- [restartedMain] [gateway-service,,]com.netflix.discovery.DiscoveryClient    : Single vip registry refresh property : null
2024-10-22T00:32:34.296+07:00  INFO 4352 --- [restartedMain] [gateway-service,,]com.netflix.discovery.DiscoveryClient    : Force full registry fetch : false
2024-10-22T00:32:34.296+07:00  INFO 4352 --- [restartedMain] [gateway-service,,]com.netflix.discovery.DiscoveryClient    : Application is null : false
2024-10-22T00:32:34.296+07:00  INFO 4352 --- [restartedMain] [gateway-service,,]com.netflix.discovery.DiscoveryClient    : Registered Applications size is zero : true
2024-10-22T00:32:34.296+07:00  INFO 4352 --- [restartedMain] [gateway-service,,]com.netflix.discovery.DiscoveryClient    : Application version is -1: true
2024-10-22T00:32:34.296+07:00  INFO 4352 --- [restartedMain] [gateway-service,,]com.netflix.discovery.DiscoveryClient    : Getting all instance registry info from the eureka server
2024-10-22T00:32:34.312+07:00  INFO 4352 --- [restartedMain] [gateway-service,,]com.netflix.discovery.DiscoveryClient    : The response status is 200
2024-10-22T00:32:34.312+07:00  INFO 4352 --- [restartedMain] [gateway-service,,]com.netflix.discovery.DiscoveryClient    : Starting heartbeat executor: renew interval is: 30
2024-10-22T00:32:34.312+07:00  INFO 4352 --- [restartedMain] [gateway-service,,]c.n.discovery.InstanceInfoReplicator     : InstanceInfoReplicator onDemand update allowed rate per min is 4
2024-10-22T00:32:34.313+07:00  INFO 4352 --- [restartedMain] [gateway-service,,]com.netflix.discovery.DiscoveryClient    : Discovery Client initialized at timestamp 1729531954313 with initial instances count: 3
2024-10-22T00:32:34.313+07:00  INFO 4352 --- [restartedMain] [gateway-service,,]o.s.c.n.e.s.EurekaServiceRegistry        : Registering application GATEWAY-SERVICE with eureka with status UP
2024-10-22T00:32:34.313+07:00  INFO 4352 --- [restartedMain] [gateway-service,,]com.netflix.discovery.DiscoveryClient    : Saw local status change event StatusChangeEvent [timestamp=1729531954313, current=UP, previous=STARTING]
2024-10-22T00:32:34.313+07:00  INFO 4352 --- [DiscoveryClient-InstanceInfoReplicator-%d] [gateway-service,,]com.netflix.discovery.DiscoveryClient    : DiscoveryClient_GATEWAY-SERVICE/DESKTOP-GDQ5MDP:gateway-service:8080: registering service...
2024-10-22T00:32:34.315+07:00  INFO 4352 --- [restartedMain] [gateway-service,,]o.s.b.w.embedded.tomcat.TomcatWebServer  : Tomcat started on port 8080 (http) with context path '/'
2024-10-22T00:32:34.315+07:00  INFO 4352 --- [restartedMain] [gateway-service,,].s.c.n.e.s.EurekaAutoServiceRegistration : Updating port to 8080
2024-10-22T00:32:34.317+07:00  INFO 24496 --- [http-nio-9999-exec-8] [discovery-service,,]c.n.e.registry.AbstractInstanceRegistry  : Registered instance GATEWAY-SERVICE/DESKTOP-GDQ5MDP:gateway-service:8080 with status UP (replication=false)
2024-10-22T00:32:34.318+07:00  INFO 4352 --- [DiscoveryClient-InstanceInfoReplicator-%d] [gateway-service,,]com.netflix.discovery.DiscoveryClient    : DiscoveryClient_GATEWAY-SERVICE/DESKTOP-GDQ5MDP:gateway-service:8080 - registration status: 204
2024-10-22T00:32:34.319+07:00  INFO 4352 --- [restartedMain] [gateway-service,,]o.e.g.GatewayserviceApplication          : Started GatewayserviceApplication in 0.301 seconds (process running for 30.915)
2024-10-22T00:32:34.320+07:00  INFO 4352 --- [restartedMain] [gateway-service,,].ConditionEvaluationDeltaLoggingListener : Condition evaluation unchanged
2024-10-22T00:32:34.829+07:00  INFO 24496 --- [http-nio-9999-exec-5] [discovery-service,,]c.n.e.registry.AbstractInstanceRegistry  : Registered instance GATEWAY-SERVICE/DESKTOP-GDQ5MDP:gateway-service:8080 with status UP (replication=true)
2024-10-22T00:32:34.829+07:00  INFO 24496 --- [http-nio-9999-exec-5] [discovery-service,,]c.n.e.registry.AbstractInstanceRegistry  : Cancelled instance GATEWAY-SERVICE/DESKTOP-GDQ5MDP:gateway-service:8080 (replication=true)
2024-10-22T00:33:01.579+07:00  INFO 24496 --- [Eureka-EvictionTimer] [discovery-service,,]c.n.e.registry.AbstractInstanceRegistry  : Running the evict task with compensationTime 0ms
2024-10-22T00:33:04.329+07:00  WARN 24496 --- [http-nio-9999-exec-2] [discovery-service,,]c.n.e.registry.AbstractInstanceRegistry  : DS: Registry: lease doesn't exist, registering resource: GATEWAY-SERVICE - DESKTOP-GDQ5MDP:gateway-service:8080
2024-10-22T00:33:04.329+07:00  WARN 24496 --- [http-nio-9999-exec-2] [discovery-service,,]c.n.eureka.resources.InstanceResource    : Not Found (Renew): GATEWAY-SERVICE - DESKTOP-GDQ5MDP:gateway-service:8080
2024-10-22T00:33:04.332+07:00  INFO 4352 --- [DiscoveryClient-HeartbeatExecutor-%d] [gateway-service,,]com.netflix.discovery.DiscoveryClient    : DiscoveryClient_GATEWAY-SERVICE/DESKTOP-GDQ5MDP:gateway-service:8080 - Re-registering apps/GATEWAY-SERVICE
2024-10-22T00:33:04.332+07:00  INFO 4352 --- [DiscoveryClient-HeartbeatExecutor-%d] [gateway-service,,]com.netflix.discovery.DiscoveryClient    : DiscoveryClient_GATEWAY-SERVICE/DESKTOP-GDQ5MDP:gateway-service:8080: registering service...
2024-10-22T00:33:04.333+07:00  INFO 24496 --- [http-nio-9999-exec-8] [discovery-service,,]c.n.e.registry.AbstractInstanceRegistry  : Registered instance GATEWAY-SERVICE/DESKTOP-GDQ5MDP:gateway-service:8080 with status UP (replication=false)
2024-10-22T00:33:04.333+07:00  INFO 4352 --- [DiscoveryClient-HeartbeatExecutor-%d] [gateway-service,,]com.netflix.discovery.DiscoveryClient    : DiscoveryClient_GATEWAY-SERVICE/DESKTOP-GDQ5MDP:gateway-service:8080 - registration status: 204
2024-10-22T00:33:04.858+07:00  INFO 24496 --- [http-nio-9999-exec-5] [discovery-service,,]c.n.e.registry.AbstractInstanceRegistry  : Registered instance GATEWAY-SERVICE/DESKTOP-GDQ5MDP:gateway-service:8080 with status UP (replication=true)
2024-10-22T00:34:01.582+07:00  INFO 24496 --- [Eureka-EvictionTimer] [discovery-service,,]c.n.e.registry.AbstractInstanceRegistry  : Running the evict task with compensationTime 2ms
2024-10-22T00:34:58.697+07:00  INFO 4352 --- [File Watcher] [gateway-service,,]rtingClassPathChangeChangedEventListener : Restarting due to 1 class path change (0 additions, 0 deletions, 1 modification)
2024-10-22T00:34:58.698+07:00  INFO 4352 --- [Thread-7] [gateway-service,,]o.s.c.n.e.s.EurekaServiceRegistry        : Unregistering application GATEWAY-SERVICE with eureka with status DOWN
2024-10-22T00:34:58.698+07:00  INFO 4352 --- [Thread-7] [gateway-service,,]com.netflix.discovery.DiscoveryClient    : Saw local status change event StatusChangeEvent [timestamp=1729532098698, current=DOWN, previous=UP]
2024-10-22T00:34:58.698+07:00  INFO 4352 --- [DiscoveryClient-InstanceInfoReplicator-%d] [gateway-service,,]com.netflix.discovery.DiscoveryClient    : DiscoveryClient_GATEWAY-SERVICE/DESKTOP-GDQ5MDP:gateway-service:8080: registering service...
2024-10-22T00:34:58.702+07:00  INFO 4352 --- [Thread-7] [gateway-service,,]com.netflix.discovery.DiscoveryClient    : Shutting down DiscoveryClient ...
2024-10-22T00:34:58.713+07:00  INFO 24496 --- [http-nio-9999-exec-4] [discovery-service,,]c.n.e.registry.AbstractInstanceRegistry  : Registered instance GATEWAY-SERVICE/DESKTOP-GDQ5MDP:gateway-service:8080 with status DOWN (replication=false)
2024-10-22T00:34:58.714+07:00  INFO 4352 --- [DiscoveryClient-InstanceInfoReplicator-%d] [gateway-service,,]com.netflix.discovery.DiscoveryClient    : DiscoveryClient_GATEWAY-SERVICE/DESKTOP-GDQ5MDP:gateway-service:8080 - registration status: 204
2024-10-22T00:34:58.714+07:00  INFO 4352 --- [Thread-7] [gateway-service,,]com.netflix.discovery.DiscoveryClient    : Unregistering ...
2024-10-22T00:34:58.715+07:00  INFO 24496 --- [http-nio-9999-exec-6] [discovery-service,,]c.n.e.registry.AbstractInstanceRegistry  : Cancelled instance GATEWAY-SERVICE/DESKTOP-GDQ5MDP:gateway-service:8080 (replication=false)
2024-10-22T00:34:58.716+07:00  INFO 4352 --- [Thread-7] [gateway-service,,]com.netflix.discovery.DiscoveryClient    : DiscoveryClient_GATEWAY-SERVICE/DESKTOP-GDQ5MDP:gateway-service:8080 - deregister  status: 200
2024-10-22T00:34:58.716+07:00  INFO 4352 --- [Thread-7] [gateway-service,,]com.netflix.discovery.DiscoveryClient    : Completed shut down of DiscoveryClient
2024-10-22T00:34:58.866+07:00  INFO 4352 --- [restartedMain] [gateway-service,,]o.e.g.GatewayserviceApplication          : Starting GatewayserviceApplication using Java 21.0.4 with PID 4352 (C:\Users\Admin\OneDrive\Desktop\SpringCloud0\gatewayservice\target\classes started by Admin in C:\Users\Admin\OneDrive\Desktop\SpringCloud0)
2024-10-22T00:34:58.867+07:00  INFO 4352 --- [restartedMain] [gateway-service,,]o.e.g.GatewayserviceApplication          : No active profile set, falling back to 1 default profile: "default"
2024-10-22T00:34:58.868+07:00  INFO 4352 --- [restartedMain] [gateway-service,,]o.s.c.c.c.ConfigServerConfigDataLoader   : Fetching config from server at : http://localhost:8888
2024-10-22T00:34:58.868+07:00  INFO 4352 --- [restartedMain] [gateway-service,,]o.s.c.c.c.ConfigServerConfigDataLoader   : Located environment: name=gateway-service, profiles=[default], label=null, version=null, state=null
2024-10-22T00:34:58.957+07:00  INFO 4352 --- [restartedMain] [gateway-service,,]o.s.cloud.context.scope.GenericScope     : BeanFactory id=5bd0a126-396c-3366-9805-7ea6decca7fb
2024-10-22T00:34:58.960+07:00  WARN 4352 --- [restartedMain] [gateway-service,,]trationDelegate$BeanPostProcessorChecker : Bean 'org.springframework.cloud.client.loadbalancer.LoadBalancerAutoConfiguration$DeferringLoadBalancerInterceptorConfig' of type [org.springframework.cloud.client.loadbalancer.LoadBalancerAutoConfiguration$DeferringLoadBalancerInterceptorConfig] is not eligible for getting processed by all BeanPostProcessors (for example: not eligible for auto-proxying). The currently created BeanPostProcessor [lbRestClientPostProcessor] is declared through a non-static factory method on that class; consider declaring it as static instead.
2024-10-22T00:34:58.961+07:00  WARN 4352 --- [restartedMain] [gateway-service,,]trationDelegate$BeanPostProcessorChecker : Bean 'deferringLoadBalancerInterceptor' of type [org.springframework.cloud.client.loadbalancer.DeferringLoadBalancerInterceptor] is not eligible for getting processed by all BeanPostProcessors (for example: not eligible for auto-proxying). Is this bean getting eagerly injected into a currently created BeanPostProcessor [lbRestClientPostProcessor]? Check the corresponding BeanPostProcessor declaration and its dependencies.
2024-10-22T00:34:58.980+07:00  INFO 4352 --- [restartedMain] [gateway-service,,]o.s.b.w.embedded.tomcat.TomcatWebServer  : Tomcat initialized with port 8080 (http)
2024-10-22T00:34:58.981+07:00  INFO 4352 --- [restartedMain] [gateway-service,,]o.apache.catalina.core.StandardService   : Starting service [Tomcat]
2024-10-22T00:34:58.981+07:00  INFO 4352 --- [restartedMain] [gateway-service,,]o.apache.catalina.core.StandardEngine    : Starting Servlet engine: [Apache Tomcat/10.1.30]
2024-10-22T00:34:58.991+07:00  INFO 4352 --- [restartedMain] [gateway-service,,]o.a.c.c.C.[Tomcat].[localhost].[/]       : Initializing Spring embedded WebApplicationContext
2024-10-22T00:34:58.992+07:00  INFO 4352 --- [restartedMain] [gateway-service,,]w.s.c.ServletWebServerApplicationContext : Root WebApplicationContext: initialization completed in 124 ms
2024-10-22T00:34:59.040+07:00  WARN 4352 --- [restartedMain] [gateway-service,,]o.s.b.d.a.OptionalLiveReloadServer       : Unable to start LiveReload server
2024-10-22T00:34:59.054+07:00  INFO 4352 --- [restartedMain] [gateway-service,,]DiscoveryClientOptionalArgsConfiguration : Eureka HTTP Client uses RestTemplate.
2024-10-22T00:34:59.062+07:00  WARN 4352 --- [restartedMain] [gateway-service,,]iguration$LoadBalancerCaffeineWarnLogger : Spring Cloud LoadBalancer is currently working with the default cache. While this cache implementation is useful for development and tests, it's recommended to use Caffeine cache in production.You can switch to using Caffeine cache, by adding it and org.springframework.cache.caffeine.CaffeineCacheManager to the classpath.
2024-10-22T00:34:59.070+07:00  INFO 4352 --- [restartedMain] [gateway-service,,]o.s.c.n.eureka.InstanceInfoFactory       : Setting initial instance status as: STARTING
2024-10-22T00:34:59.070+07:00  INFO 4352 --- [restartedMain] [gateway-service,,]com.netflix.discovery.DiscoveryClient    : Initializing Eureka in region us-east-1
2024-10-22T00:34:59.070+07:00  INFO 4352 --- [restartedMain] [gateway-service,,]c.n.d.s.r.aws.ConfigClusterResolver      : Resolving eureka endpoints via configuration
2024-10-22T00:34:59.070+07:00  INFO 4352 --- [restartedMain] [gateway-service,,]com.netflix.discovery.DiscoveryClient    : Disable delta property : false
2024-10-22T00:34:59.070+07:00  INFO 4352 --- [restartedMain] [gateway-service,,]com.netflix.discovery.DiscoveryClient    : Single vip registry refresh property : null
2024-10-22T00:34:59.070+07:00  INFO 4352 --- [restartedMain] [gateway-service,,]com.netflix.discovery.DiscoveryClient    : Force full registry fetch : false
2024-10-22T00:34:59.070+07:00  INFO 4352 --- [restartedMain] [gateway-service,,]com.netflix.discovery.DiscoveryClient    : Application is null : false
2024-10-22T00:34:59.070+07:00  INFO 4352 --- [restartedMain] [gateway-service,,]com.netflix.discovery.DiscoveryClient    : Registered Applications size is zero : true
2024-10-22T00:34:59.070+07:00  INFO 4352 --- [restartedMain] [gateway-service,,]com.netflix.discovery.DiscoveryClient    : Application version is -1: true
2024-10-22T00:34:59.070+07:00  INFO 4352 --- [restartedMain] [gateway-service,,]com.netflix.discovery.DiscoveryClient    : Getting all instance registry info from the eureka server
2024-10-22T00:34:59.081+07:00  INFO 4352 --- [restartedMain] [gateway-service,,]com.netflix.discovery.DiscoveryClient    : The response status is 200
2024-10-22T00:34:59.081+07:00  INFO 4352 --- [restartedMain] [gateway-service,,]com.netflix.discovery.DiscoveryClient    : Starting heartbeat executor: renew interval is: 30
2024-10-22T00:34:59.081+07:00  INFO 4352 --- [restartedMain] [gateway-service,,]c.n.discovery.InstanceInfoReplicator     : InstanceInfoReplicator onDemand update allowed rate per min is 4
2024-10-22T00:34:59.081+07:00  INFO 4352 --- [restartedMain] [gateway-service,,]com.netflix.discovery.DiscoveryClient    : Discovery Client initialized at timestamp 1729532099081 with initial instances count: 3
2024-10-22T00:34:59.081+07:00  INFO 4352 --- [restartedMain] [gateway-service,,]o.s.c.n.e.s.EurekaServiceRegistry        : Registering application GATEWAY-SERVICE with eureka with status UP
2024-10-22T00:34:59.081+07:00  INFO 4352 --- [restartedMain] [gateway-service,,]com.netflix.discovery.DiscoveryClient    : Saw local status change event StatusChangeEvent [timestamp=1729532099081, current=UP, previous=STARTING]
2024-10-22T00:34:59.082+07:00  INFO 4352 --- [DiscoveryClient-InstanceInfoReplicator-%d] [gateway-service,,]com.netflix.discovery.DiscoveryClient    : DiscoveryClient_GATEWAY-SERVICE/DESKTOP-GDQ5MDP:gateway-service:8080: registering service...
2024-10-22T00:34:59.083+07:00  INFO 4352 --- [restartedMain] [gateway-service,,]o.s.b.w.embedded.tomcat.TomcatWebServer  : Tomcat started on port 8080 (http) with context path '/'
2024-10-22T00:34:59.083+07:00  INFO 4352 --- [restartedMain] [gateway-service,,].s.c.n.e.s.EurekaAutoServiceRegistration : Updating port to 8080
2024-10-22T00:34:59.086+07:00  INFO 24496 --- [http-nio-9999-exec-2] [discovery-service,,]c.n.e.registry.AbstractInstanceRegistry  : Registered instance GATEWAY-SERVICE/DESKTOP-GDQ5MDP:gateway-service:8080 with status UP (replication=false)
2024-10-22T00:34:59.086+07:00  INFO 4352 --- [DiscoveryClient-InstanceInfoReplicator-%d] [gateway-service,,]com.netflix.discovery.DiscoveryClient    : DiscoveryClient_GATEWAY-SERVICE/DESKTOP-GDQ5MDP:gateway-service:8080 - registration status: 204
2024-10-22T00:34:59.086+07:00  INFO 4352 --- [restartedMain] [gateway-service,,]o.e.g.GatewayserviceApplication          : Started GatewayserviceApplication in 0.336 seconds (process running for 175.683)
2024-10-22T00:34:59.087+07:00  INFO 4352 --- [restartedMain] [gateway-service,,].ConditionEvaluationDeltaLoggingListener : Condition evaluation unchanged
2024-10-22T00:34:59.590+07:00  INFO 24496 --- [http-nio-9999-exec-8] [discovery-service,,]c.n.e.registry.AbstractInstanceRegistry  : Registered instance GATEWAY-SERVICE/DESKTOP-GDQ5MDP:gateway-service:8080 with status UP (replication=true)
2024-10-22T00:34:59.590+07:00  INFO 24496 --- [http-nio-9999-exec-8] [discovery-service,,]c.n.e.registry.AbstractInstanceRegistry  : Cancelled instance GATEWAY-SERVICE/DESKTOP-GDQ5MDP:gateway-service:8080 (replication=true)
2024-10-22T00:35:01.581+07:00  INFO 24496 --- [Eureka-EvictionTimer] [discovery-service,,]c.n.e.registry.AbstractInstanceRegistry  : Running the evict task with compensationTime 0ms
2024-10-22T00:35:05.485+07:00  INFO 4352 --- [File Watcher] [gateway-service,,]rtingClassPathChangeChangedEventListener : Restarting due to 1 class path change (0 additions, 0 deletions, 1 modification)
2024-10-22T00:35:05.486+07:00  INFO 4352 --- [Thread-13] [gateway-service,,]o.s.c.n.e.s.EurekaServiceRegistry        : Unregistering application GATEWAY-SERVICE with eureka with status DOWN
2024-10-22T00:35:05.486+07:00  INFO 4352 --- [Thread-13] [gateway-service,,]com.netflix.discovery.DiscoveryClient    : Saw local status change event StatusChangeEvent [timestamp=1729532105486, current=DOWN, previous=UP]
2024-10-22T00:35:05.486+07:00  INFO 4352 --- [DiscoveryClient-InstanceInfoReplicator-%d] [gateway-service,,]com.netflix.discovery.DiscoveryClient    : DiscoveryClient_GATEWAY-SERVICE/DESKTOP-GDQ5MDP:gateway-service:8080: registering service...
2024-10-22T00:35:05.490+07:00  INFO 4352 --- [Thread-13] [gateway-service,,]com.netflix.discovery.DiscoveryClient    : Shutting down DiscoveryClient ...
2024-10-22T00:35:05.501+07:00  INFO 24496 --- [http-nio-9999-exec-7] [discovery-service,,]c.n.e.registry.AbstractInstanceRegistry  : Registered instance GATEWAY-SERVICE/DESKTOP-GDQ5MDP:gateway-service:8080 with status DOWN (replication=false)
2024-10-22T00:35:05.502+07:00  INFO 4352 --- [DiscoveryClient-InstanceInfoReplicator-%d] [gateway-service,,]com.netflix.discovery.DiscoveryClient    : DiscoveryClient_GATEWAY-SERVICE/DESKTOP-GDQ5MDP:gateway-service:8080 - registration status: 204
2024-10-22T00:35:05.502+07:00  INFO 4352 --- [Thread-13] [gateway-service,,]com.netflix.discovery.DiscoveryClient    : Unregistering ...
2024-10-22T00:35:05.503+07:00  INFO 24496 --- [http-nio-9999-exec-3] [discovery-service,,]c.n.e.registry.AbstractInstanceRegistry  : Cancelled instance GATEWAY-SERVICE/DESKTOP-GDQ5MDP:gateway-service:8080 (replication=false)
2024-10-22T00:35:05.504+07:00  INFO 4352 --- [Thread-13] [gateway-service,,]com.netflix.discovery.DiscoveryClient    : DiscoveryClient_GATEWAY-SERVICE/DESKTOP-GDQ5MDP:gateway-service:8080 - deregister  status: 200
2024-10-22T00:35:05.504+07:00  INFO 4352 --- [Thread-13] [gateway-service,,]com.netflix.discovery.DiscoveryClient    : Completed shut down of DiscoveryClient
2024-10-22T00:35:05.569+07:00  INFO 4352 --- [restartedMain] [gateway-service,,]o.e.g.GatewayserviceApplication          : Starting GatewayserviceApplication using Java 21.0.4 with PID 4352 (C:\Users\Admin\OneDrive\Desktop\SpringCloud0\gatewayservice\target\classes started by Admin in C:\Users\Admin\OneDrive\Desktop\SpringCloud0)
2024-10-22T00:35:05.569+07:00  INFO 4352 --- [restartedMain] [gateway-service,,]o.e.g.GatewayserviceApplication          : No active profile set, falling back to 1 default profile: "default"
2024-10-22T00:35:05.570+07:00  INFO 4352 --- [restartedMain] [gateway-service,,]o.s.c.c.c.ConfigServerConfigDataLoader   : Fetching config from server at : http://localhost:8888
2024-10-22T00:35:05.570+07:00  INFO 4352 --- [restartedMain] [gateway-service,,]o.s.c.c.c.ConfigServerConfigDataLoader   : Located environment: name=gateway-service, profiles=[default], label=null, version=null, state=null
2024-10-22T00:35:05.655+07:00  INFO 4352 --- [restartedMain] [gateway-service,,]o.s.cloud.context.scope.GenericScope     : BeanFactory id=5bd0a126-396c-3366-9805-7ea6decca7fb
2024-10-22T00:35:05.658+07:00  WARN 4352 --- [restartedMain] [gateway-service,,]trationDelegate$BeanPostProcessorChecker : Bean 'org.springframework.cloud.client.loadbalancer.LoadBalancerAutoConfiguration$DeferringLoadBalancerInterceptorConfig' of type [org.springframework.cloud.client.loadbalancer.LoadBalancerAutoConfiguration$DeferringLoadBalancerInterceptorConfig] is not eligible for getting processed by all BeanPostProcessors (for example: not eligible for auto-proxying). The currently created BeanPostProcessor [lbRestClientPostProcessor] is declared through a non-static factory method on that class; consider declaring it as static instead.
2024-10-22T00:35:05.658+07:00  WARN 4352 --- [restartedMain] [gateway-service,,]trationDelegate$BeanPostProcessorChecker : Bean 'deferringLoadBalancerInterceptor' of type [org.springframework.cloud.client.loadbalancer.DeferringLoadBalancerInterceptor] is not eligible for getting processed by all BeanPostProcessors (for example: not eligible for auto-proxying). Is this bean getting eagerly injected into a currently created BeanPostProcessor [lbRestClientPostProcessor]? Check the corresponding BeanPostProcessor declaration and its dependencies.
2024-10-22T00:35:05.680+07:00  INFO 4352 --- [restartedMain] [gateway-service,,]o.s.b.w.embedded.tomcat.TomcatWebServer  : Tomcat initialized with port 8080 (http)
2024-10-22T00:35:05.680+07:00  INFO 4352 --- [restartedMain] [gateway-service,,]o.apache.catalina.core.StandardService   : Starting service [Tomcat]
2024-10-22T00:35:05.680+07:00  INFO 4352 --- [restartedMain] [gateway-service,,]o.apache.catalina.core.StandardEngine    : Starting Servlet engine: [Apache Tomcat/10.1.30]
2024-10-22T00:35:05.692+07:00  INFO 4352 --- [restartedMain] [gateway-service,,]o.a.c.c.C.[Tomcat].[localhost].[/]       : Initializing Spring embedded WebApplicationContext
2024-10-22T00:35:05.692+07:00  INFO 4352 --- [restartedMain] [gateway-service,,]w.s.c.ServletWebServerApplicationContext : Root WebApplicationContext: initialization completed in 121 ms
2024-10-22T00:35:05.743+07:00  WARN 4352 --- [restartedMain] [gateway-service,,]o.s.b.d.a.OptionalLiveReloadServer       : Unable to start LiveReload server
2024-10-22T00:35:05.756+07:00  INFO 4352 --- [restartedMain] [gateway-service,,]DiscoveryClientOptionalArgsConfiguration : Eureka HTTP Client uses RestTemplate.
2024-10-22T00:35:05.765+07:00  WARN 4352 --- [restartedMain] [gateway-service,,]iguration$LoadBalancerCaffeineWarnLogger : Spring Cloud LoadBalancer is currently working with the default cache. While this cache implementation is useful for development and tests, it's recommended to use Caffeine cache in production.You can switch to using Caffeine cache, by adding it and org.springframework.cache.caffeine.CaffeineCacheManager to the classpath.
2024-10-22T00:35:05.771+07:00  INFO 4352 --- [restartedMain] [gateway-service,,]o.s.c.n.eureka.InstanceInfoFactory       : Setting initial instance status as: STARTING
2024-10-22T00:35:05.772+07:00  INFO 4352 --- [restartedMain] [gateway-service,,]com.netflix.discovery.DiscoveryClient    : Initializing Eureka in region us-east-1
2024-10-22T00:35:05.772+07:00  INFO 4352 --- [restartedMain] [gateway-service,,]c.n.d.s.r.aws.ConfigClusterResolver      : Resolving eureka endpoints via configuration
2024-10-22T00:35:05.772+07:00  INFO 4352 --- [restartedMain] [gateway-service,,]com.netflix.discovery.DiscoveryClient    : Disable delta property : false
2024-10-22T00:35:05.772+07:00  INFO 4352 --- [restartedMain] [gateway-service,,]com.netflix.discovery.DiscoveryClient    : Single vip registry refresh property : null
2024-10-22T00:35:05.772+07:00  INFO 4352 --- [restartedMain] [gateway-service,,]com.netflix.discovery.DiscoveryClient    : Force full registry fetch : false
2024-10-22T00:35:05.772+07:00  INFO 4352 --- [restartedMain] [gateway-service,,]com.netflix.discovery.DiscoveryClient    : Application is null : false
2024-10-22T00:35:05.772+07:00  INFO 4352 --- [restartedMain] [gateway-service,,]com.netflix.discovery.DiscoveryClient    : Registered Applications size is zero : true
2024-10-22T00:35:05.772+07:00  INFO 4352 --- [restartedMain] [gateway-service,,]com.netflix.discovery.DiscoveryClient    : Application version is -1: true
2024-10-22T00:35:05.772+07:00  INFO 4352 --- [restartedMain] [gateway-service,,]com.netflix.discovery.DiscoveryClient    : Getting all instance registry info from the eureka server
2024-10-22T00:35:05.782+07:00  INFO 4352 --- [restartedMain] [gateway-service,,]com.netflix.discovery.DiscoveryClient    : The response status is 200
2024-10-22T00:35:05.782+07:00  INFO 4352 --- [restartedMain] [gateway-service,,]com.netflix.discovery.DiscoveryClient    : Starting heartbeat executor: renew interval is: 30
2024-10-22T00:35:05.782+07:00  INFO 4352 --- [restartedMain] [gateway-service,,]c.n.discovery.InstanceInfoReplicator     : InstanceInfoReplicator onDemand update allowed rate per min is 4
2024-10-22T00:35:05.782+07:00  INFO 4352 --- [restartedMain] [gateway-service,,]com.netflix.discovery.DiscoveryClient    : Discovery Client initialized at timestamp 1729532105782 with initial instances count: 2
2024-10-22T00:35:05.783+07:00  INFO 4352 --- [restartedMain] [gateway-service,,]o.s.c.n.e.s.EurekaServiceRegistry        : Registering application GATEWAY-SERVICE with eureka with status UP
2024-10-22T00:35:05.783+07:00  INFO 4352 --- [restartedMain] [gateway-service,,]com.netflix.discovery.DiscoveryClient    : Saw local status change event StatusChangeEvent [timestamp=1729532105783, current=UP, previous=STARTING]
2024-10-22T00:35:05.783+07:00  INFO 4352 --- [DiscoveryClient-InstanceInfoReplicator-%d] [gateway-service,,]com.netflix.discovery.DiscoveryClient    : DiscoveryClient_GATEWAY-SERVICE/DESKTOP-GDQ5MDP:gateway-service:8080: registering service...
2024-10-22T00:35:05.784+07:00  INFO 4352 --- [restartedMain] [gateway-service,,]o.s.b.w.embedded.tomcat.TomcatWebServer  : Tomcat started on port 8080 (http) with context path '/'
2024-10-22T00:35:05.784+07:00  INFO 4352 --- [restartedMain] [gateway-service,,].s.c.n.e.s.EurekaAutoServiceRegistration : Updating port to 8080
2024-10-22T00:35:05.787+07:00  INFO 24496 --- [http-nio-9999-exec-9] [discovery-service,,]c.n.e.registry.AbstractInstanceRegistry  : Registered instance GATEWAY-SERVICE/DESKTOP-GDQ5MDP:gateway-service:8080 with status UP (replication=false)
2024-10-22T00:35:05.787+07:00  INFO 4352 --- [DiscoveryClient-InstanceInfoReplicator-%d] [gateway-service,,]com.netflix.discovery.DiscoveryClient    : DiscoveryClient_GATEWAY-SERVICE/DESKTOP-GDQ5MDP:gateway-service:8080 - registration status: 204
2024-10-22T00:35:05.788+07:00  INFO 4352 --- [restartedMain] [gateway-service,,]o.e.g.GatewayserviceApplication          : Started GatewayserviceApplication in 0.253 seconds (process running for 182.384)
2024-10-22T00:35:05.788+07:00  INFO 4352 --- [restartedMain] [gateway-service,,].ConditionEvaluationDeltaLoggingListener : Condition evaluation unchanged
2024-10-22T00:35:06.295+07:00  INFO 24496 --- [http-nio-9999-exec-1] [discovery-service,,]c.n.e.registry.AbstractInstanceRegistry  : Registered instance GATEWAY-SERVICE/DESKTOP-GDQ5MDP:gateway-service:8080 with status UP (replication=true)
2024-10-22T00:35:06.295+07:00  INFO 24496 --- [http-nio-9999-exec-1] [discovery-service,,]c.n.e.registry.AbstractInstanceRegistry  : Cancelled instance GATEWAY-SERVICE/DESKTOP-GDQ5MDP:gateway-service:8080 (replication=true)
2024-10-22T00:35:16.227+07:00  INFO 4352 --- [File Watcher] [gateway-service,,]rtingClassPathChangeChangedEventListener : Restarting due to 1 class path change (0 additions, 0 deletions, 1 modification)
2024-10-22T00:35:16.228+07:00  INFO 4352 --- [Thread-19] [gateway-service,,]o.s.c.n.e.s.EurekaServiceRegistry        : Unregistering application GATEWAY-SERVICE with eureka with status DOWN
2024-10-22T00:35:16.228+07:00  INFO 4352 --- [Thread-19] [gateway-service,,]com.netflix.discovery.DiscoveryClient    : Saw local status change event StatusChangeEvent [timestamp=1729532116228, current=DOWN, previous=UP]
2024-10-22T00:35:16.228+07:00  INFO 4352 --- [DiscoveryClient-InstanceInfoReplicator-%d] [gateway-service,,]com.netflix.discovery.DiscoveryClient    : DiscoveryClient_GATEWAY-SERVICE/DESKTOP-GDQ5MDP:gateway-service:8080: registering service...
2024-10-22T00:35:16.232+07:00  INFO 4352 --- [Thread-19] [gateway-service,,]com.netflix.discovery.DiscoveryClient    : Shutting down DiscoveryClient ...
2024-10-22T00:35:16.243+07:00  INFO 24496 --- [http-nio-9999-exec-5] [discovery-service,,]c.n.e.registry.AbstractInstanceRegistry  : Registered instance GATEWAY-SERVICE/DESKTOP-GDQ5MDP:gateway-service:8080 with status DOWN (replication=false)
2024-10-22T00:35:16.243+07:00  INFO 4352 --- [DiscoveryClient-InstanceInfoReplicator-%d] [gateway-service,,]com.netflix.discovery.DiscoveryClient    : DiscoveryClient_GATEWAY-SERVICE/DESKTOP-GDQ5MDP:gateway-service:8080 - registration status: 204
2024-10-22T00:35:16.244+07:00  INFO 4352 --- [Thread-19] [gateway-service,,]com.netflix.discovery.DiscoveryClient    : Unregistering ...
2024-10-22T00:35:16.245+07:00  INFO 24496 --- [http-nio-9999-exec-2] [discovery-service,,]c.n.e.registry.AbstractInstanceRegistry  : Cancelled instance GATEWAY-SERVICE/DESKTOP-GDQ5MDP:gateway-service:8080 (replication=false)
2024-10-22T00:35:16.246+07:00  INFO 4352 --- [Thread-19] [gateway-service,,]com.netflix.discovery.DiscoveryClient    : DiscoveryClient_GATEWAY-SERVICE/DESKTOP-GDQ5MDP:gateway-service:8080 - deregister  status: 200
2024-10-22T00:35:16.246+07:00  INFO 4352 --- [Thread-19] [gateway-service,,]com.netflix.discovery.DiscoveryClient    : Completed shut down of DiscoveryClient
2024-10-22T00:35:16.310+07:00  INFO 4352 --- [restartedMain] [gateway-service,,]o.e.g.GatewayserviceApplication          : Starting GatewayserviceApplication using Java 21.0.4 with PID 4352 (C:\Users\Admin\OneDrive\Desktop\SpringCloud0\gatewayservice\target\classes started by Admin in C:\Users\Admin\OneDrive\Desktop\SpringCloud0)
2024-10-22T00:35:16.310+07:00  INFO 4352 --- [restartedMain] [gateway-service,,]o.e.g.GatewayserviceApplication          : No active profile set, falling back to 1 default profile: "default"
2024-10-22T00:35:16.311+07:00  INFO 4352 --- [restartedMain] [gateway-service,,]o.s.c.c.c.ConfigServerConfigDataLoader   : Fetching config from server at : http://localhost:8888
2024-10-22T00:35:16.311+07:00  INFO 4352 --- [restartedMain] [gateway-service,,]o.s.c.c.c.ConfigServerConfigDataLoader   : Located environment: name=gateway-service, profiles=[default], label=null, version=null, state=null
2024-10-22T00:35:16.392+07:00  INFO 4352 --- [restartedMain] [gateway-service,,]o.s.cloud.context.scope.GenericScope     : BeanFactory id=5bd0a126-396c-3366-9805-7ea6decca7fb
2024-10-22T00:35:16.395+07:00  WARN 4352 --- [restartedMain] [gateway-service,,]trationDelegate$BeanPostProcessorChecker : Bean 'org.springframework.cloud.client.loadbalancer.LoadBalancerAutoConfiguration$DeferringLoadBalancerInterceptorConfig' of type [org.springframework.cloud.client.loadbalancer.LoadBalancerAutoConfiguration$DeferringLoadBalancerInterceptorConfig] is not eligible for getting processed by all BeanPostProcessors (for example: not eligible for auto-proxying). The currently created BeanPostProcessor [lbRestClientPostProcessor] is declared through a non-static factory method on that class; consider declaring it as static instead.
2024-10-22T00:35:16.396+07:00  WARN 4352 --- [restartedMain] [gateway-service,,]trationDelegate$BeanPostProcessorChecker : Bean 'deferringLoadBalancerInterceptor' of type [org.springframework.cloud.client.loadbalancer.DeferringLoadBalancerInterceptor] is not eligible for getting processed by all BeanPostProcessors (for example: not eligible for auto-proxying). Is this bean getting eagerly injected into a currently created BeanPostProcessor [lbRestClientPostProcessor]? Check the corresponding BeanPostProcessor declaration and its dependencies.
2024-10-22T00:35:16.413+07:00  INFO 4352 --- [restartedMain] [gateway-service,,]o.s.b.w.embedded.tomcat.TomcatWebServer  : Tomcat initialized with port 8080 (http)
2024-10-22T00:35:16.413+07:00  INFO 4352 --- [restartedMain] [gateway-service,,]o.apache.catalina.core.StandardService   : Starting service [Tomcat]
2024-10-22T00:35:16.414+07:00  INFO 4352 --- [restartedMain] [gateway-service,,]o.apache.catalina.core.StandardEngine    : Starting Servlet engine: [Apache Tomcat/10.1.30]
2024-10-22T00:35:16.424+07:00  INFO 4352 --- [restartedMain] [gateway-service,,]o.a.c.c.C.[Tomcat].[localhost].[/]       : Initializing Spring embedded WebApplicationContext
2024-10-22T00:35:16.424+07:00  INFO 4352 --- [restartedMain] [gateway-service,,]w.s.c.ServletWebServerApplicationContext : Root WebApplicationContext: initialization completed in 113 ms
2024-10-22T00:35:16.470+07:00  WARN 4352 --- [restartedMain] [gateway-service,,]o.s.b.d.a.OptionalLiveReloadServer       : Unable to start LiveReload server
2024-10-22T00:35:16.483+07:00  INFO 4352 --- [restartedMain] [gateway-service,,]DiscoveryClientOptionalArgsConfiguration : Eureka HTTP Client uses RestTemplate.
2024-10-22T00:35:16.491+07:00  WARN 4352 --- [restartedMain] [gateway-service,,]iguration$LoadBalancerCaffeineWarnLogger : Spring Cloud LoadBalancer is currently working with the default cache. While this cache implementation is useful for development and tests, it's recommended to use Caffeine cache in production.You can switch to using Caffeine cache, by adding it and org.springframework.cache.caffeine.CaffeineCacheManager to the classpath.
2024-10-22T00:35:16.497+07:00  INFO 4352 --- [restartedMain] [gateway-service,,]o.s.c.n.eureka.InstanceInfoFactory       : Setting initial instance status as: STARTING
2024-10-22T00:35:16.498+07:00  INFO 4352 --- [restartedMain] [gateway-service,,]com.netflix.discovery.DiscoveryClient    : Initializing Eureka in region us-east-1
2024-10-22T00:35:16.498+07:00  INFO 4352 --- [restartedMain] [gateway-service,,]c.n.d.s.r.aws.ConfigClusterResolver      : Resolving eureka endpoints via configuration
2024-10-22T00:35:16.499+07:00  INFO 4352 --- [restartedMain] [gateway-service,,]com.netflix.discovery.DiscoveryClient    : Disable delta property : false
2024-10-22T00:35:16.499+07:00  INFO 4352 --- [restartedMain] [gateway-service,,]com.netflix.discovery.DiscoveryClient    : Single vip registry refresh property : null
2024-10-22T00:35:16.499+07:00  INFO 4352 --- [restartedMain] [gateway-service,,]com.netflix.discovery.DiscoveryClient    : Force full registry fetch : false
2024-10-22T00:35:16.499+07:00  INFO 4352 --- [restartedMain] [gateway-service,,]com.netflix.discovery.DiscoveryClient    : Application is null : false
2024-10-22T00:35:16.499+07:00  INFO 4352 --- [restartedMain] [gateway-service,,]com.netflix.discovery.DiscoveryClient    : Registered Applications size is zero : true
2024-10-22T00:35:16.499+07:00  INFO 4352 --- [restartedMain] [gateway-service,,]com.netflix.discovery.DiscoveryClient    : Application version is -1: true
2024-10-22T00:35:16.499+07:00  INFO 4352 --- [restartedMain] [gateway-service,,]com.netflix.discovery.DiscoveryClient    : Getting all instance registry info from the eureka server
2024-10-22T00:35:16.509+07:00  INFO 4352 --- [restartedMain] [gateway-service,,]com.netflix.discovery.DiscoveryClient    : The response status is 200
2024-10-22T00:35:16.509+07:00  INFO 4352 --- [restartedMain] [gateway-service,,]com.netflix.discovery.DiscoveryClient    : Starting heartbeat executor: renew interval is: 30
2024-10-22T00:35:16.509+07:00  INFO 4352 --- [restartedMain] [gateway-service,,]c.n.discovery.InstanceInfoReplicator     : InstanceInfoReplicator onDemand update allowed rate per min is 4
2024-10-22T00:35:16.509+07:00  INFO 4352 --- [restartedMain] [gateway-service,,]com.netflix.discovery.DiscoveryClient    : Discovery Client initialized at timestamp 1729532116509 with initial instances count: 2
2024-10-22T00:35:16.509+07:00  INFO 4352 --- [restartedMain] [gateway-service,,]o.s.c.n.e.s.EurekaServiceRegistry        : Registering application GATEWAY-SERVICE with eureka with status UP
2024-10-22T00:35:16.509+07:00  INFO 4352 --- [restartedMain] [gateway-service,,]com.netflix.discovery.DiscoveryClient    : Saw local status change event StatusChangeEvent [timestamp=1729532116509, current=UP, previous=STARTING]
2024-10-22T00:35:16.510+07:00  INFO 4352 --- [DiscoveryClient-InstanceInfoReplicator-%d] [gateway-service,,]com.netflix.discovery.DiscoveryClient    : DiscoveryClient_GATEWAY-SERVICE/DESKTOP-GDQ5MDP:gateway-service:8080: registering service...
2024-10-22T00:35:16.511+07:00  INFO 4352 --- [restartedMain] [gateway-service,,]o.s.b.w.embedded.tomcat.TomcatWebServer  : Tomcat started on port 8080 (http) with context path '/'
2024-10-22T00:35:16.511+07:00  INFO 4352 --- [restartedMain] [gateway-service,,].s.c.n.e.s.EurekaAutoServiceRegistration : Updating port to 8080
2024-10-22T00:35:16.514+07:00  INFO 24496 --- [http-nio-9999-exec-10] [discovery-service,,]c.n.e.registry.AbstractInstanceRegistry  : Registered instance GATEWAY-SERVICE/DESKTOP-GDQ5MDP:gateway-service:8080 with status UP (replication=false)
2024-10-22T00:35:16.514+07:00  INFO 4352 --- [DiscoveryClient-InstanceInfoReplicator-%d] [gateway-service,,]com.netflix.discovery.DiscoveryClient    : DiscoveryClient_GATEWAY-SERVICE/DESKTOP-GDQ5MDP:gateway-service:8080 - registration status: 204
2024-10-22T00:35:16.515+07:00  INFO 4352 --- [restartedMain] [gateway-service,,]o.e.g.GatewayserviceApplication          : Started GatewayserviceApplication in 0.238 seconds (process running for 193.111)
2024-10-22T00:35:16.516+07:00  INFO 4352 --- [restartedMain] [gateway-service,,].ConditionEvaluationDeltaLoggingListener : Condition evaluation unchanged
2024-10-22T00:35:17.024+07:00  INFO 24496 --- [http-nio-9999-exec-9] [discovery-service,,]c.n.e.registry.AbstractInstanceRegistry  : Registered instance GATEWAY-SERVICE/DESKTOP-GDQ5MDP:gateway-service:8080 with status UP (replication=true)
2024-10-22T00:35:17.024+07:00  INFO 24496 --- [http-nio-9999-exec-9] [discovery-service,,]c.n.e.registry.AbstractInstanceRegistry  : Cancelled instance GATEWAY-SERVICE/DESKTOP-GDQ5MDP:gateway-service:8080 (replication=true)
2024-10-22T00:35:43.731+07:00  INFO 18396 --- [AsyncResolver-bootstrap-executor-0] [account-service,,]c.n.d.s.r.aws.ConfigClusterResolver      : Resolving eureka endpoints via configuration
2024-10-22T00:35:46.534+07:00  WARN 24496 --- [http-nio-9999-exec-7] [discovery-service,,]c.n.e.registry.AbstractInstanceRegistry  : DS: Registry: lease doesn't exist, registering resource: GATEWAY-SERVICE - DESKTOP-GDQ5MDP:gateway-service:8080
2024-10-22T00:35:46.534+07:00  WARN 24496 --- [http-nio-9999-exec-7] [discovery-service,,]c.n.eureka.resources.InstanceResource    : Not Found (Renew): GATEWAY-SERVICE - DESKTOP-GDQ5MDP:gateway-service:8080
2024-10-22T00:35:46.536+07:00  INFO 4352 --- [DiscoveryClient-HeartbeatExecutor-%d] [gateway-service,,]com.netflix.discovery.DiscoveryClient    : DiscoveryClient_GATEWAY-SERVICE/DESKTOP-GDQ5MDP:gateway-service:8080 - Re-registering apps/GATEWAY-SERVICE
2024-10-22T00:35:46.536+07:00  INFO 4352 --- [DiscoveryClient-HeartbeatExecutor-%d] [gateway-service,,]com.netflix.discovery.DiscoveryClient    : DiscoveryClient_GATEWAY-SERVICE/DESKTOP-GDQ5MDP:gateway-service:8080: registering service...
2024-10-22T00:35:46.537+07:00  INFO 24496 --- [http-nio-9999-exec-3] [discovery-service,,]c.n.e.registry.AbstractInstanceRegistry  : Registered instance GATEWAY-SERVICE/DESKTOP-GDQ5MDP:gateway-service:8080 with status UP (replication=false)
2024-10-22T00:35:46.538+07:00  INFO 4352 --- [DiscoveryClient-HeartbeatExecutor-%d] [gateway-service,,]com.netflix.discovery.DiscoveryClient    : DiscoveryClient_GATEWAY-SERVICE/DESKTOP-GDQ5MDP:gateway-service:8080 - registration status: 204
2024-10-22T00:35:47.051+07:00  INFO 24496 --- [http-nio-9999-exec-4] [discovery-service,,]c.n.e.registry.AbstractInstanceRegistry  : Registered instance GATEWAY-SERVICE/DESKTOP-GDQ5MDP:gateway-service:8080 with status UP (replication=true)
2024-10-22T00:36:01.582+07:00  INFO 24496 --- [Eureka-EvictionTimer] [discovery-service,,]c.n.e.registry.AbstractInstanceRegistry  : Running the evict task with compensationTime 0ms
2024-10-22T00:36:40.420+07:00  INFO 4352 --- [File Watcher] [gateway-service,,]rtingClassPathChangeChangedEventListener : Restarting due to 1 class path change (0 additions, 0 deletions, 1 modification)
2024-10-22T00:36:40.421+07:00  INFO 4352 --- [Thread-25] [gateway-service,,]o.s.c.n.e.s.EurekaServiceRegistry        : Unregistering application GATEWAY-SERVICE with eureka with status DOWN
2024-10-22T00:36:40.421+07:00  INFO 4352 --- [Thread-25] [gateway-service,,]com.netflix.discovery.DiscoveryClient    : Saw local status change event StatusChangeEvent [timestamp=1729532200421, current=DOWN, previous=UP]
2024-10-22T00:36:40.421+07:00  INFO 4352 --- [DiscoveryClient-InstanceInfoReplicator-%d] [gateway-service,,]com.netflix.discovery.DiscoveryClient    : DiscoveryClient_GATEWAY-SERVICE/DESKTOP-GDQ5MDP:gateway-service:8080: registering service...
2024-10-22T00:36:40.424+07:00  INFO 4352 --- [Thread-25] [gateway-service,,]com.netflix.discovery.DiscoveryClient    : Shutting down DiscoveryClient ...
2024-10-22T00:36:40.436+07:00  INFO 24496 --- [http-nio-9999-exec-1] [discovery-service,,]c.n.e.registry.AbstractInstanceRegistry  : Registered instance GATEWAY-SERVICE/DESKTOP-GDQ5MDP:gateway-service:8080 with status DOWN (replication=false)
2024-10-22T00:36:40.436+07:00  INFO 4352 --- [DiscoveryClient-InstanceInfoReplicator-%d] [gateway-service,,]com.netflix.discovery.DiscoveryClient    : DiscoveryClient_GATEWAY-SERVICE/DESKTOP-GDQ5MDP:gateway-service:8080 - registration status: 204
2024-10-22T00:36:40.436+07:00  INFO 4352 --- [Thread-25] [gateway-service,,]com.netflix.discovery.DiscoveryClient    : Unregistering ...
2024-10-22T00:36:40.437+07:00  INFO 24496 --- [http-nio-9999-exec-5] [discovery-service,,]c.n.e.registry.AbstractInstanceRegistry  : Cancelled instance GATEWAY-SERVICE/DESKTOP-GDQ5MDP:gateway-service:8080 (replication=false)
2024-10-22T00:36:40.438+07:00  INFO 4352 --- [Thread-25] [gateway-service,,]com.netflix.discovery.DiscoveryClient    : DiscoveryClient_GATEWAY-SERVICE/DESKTOP-GDQ5MDP:gateway-service:8080 - deregister  status: 200
2024-10-22T00:36:40.438+07:00  INFO 4352 --- [Thread-25] [gateway-service,,]com.netflix.discovery.DiscoveryClient    : Completed shut down of DiscoveryClient
2024-10-22T00:36:40.504+07:00  INFO 4352 --- [restartedMain] [gateway-service,,]o.e.g.GatewayserviceApplication          : Starting GatewayserviceApplication using Java 21.0.4 with PID 4352 (C:\Users\Admin\OneDrive\Desktop\SpringCloud0\gatewayservice\target\classes started by Admin in C:\Users\Admin\OneDrive\Desktop\SpringCloud0)
2024-10-22T00:36:40.504+07:00  INFO 4352 --- [restartedMain] [gateway-service,,]o.e.g.GatewayserviceApplication          : No active profile set, falling back to 1 default profile: "default"
2024-10-22T00:36:40.505+07:00  INFO 4352 --- [restartedMain] [gateway-service,,]o.s.c.c.c.ConfigServerConfigDataLoader   : Fetching config from server at : http://localhost:8888
2024-10-22T00:36:40.505+07:00  INFO 4352 --- [restartedMain] [gateway-service,,]o.s.c.c.c.ConfigServerConfigDataLoader   : Located environment: name=gateway-service, profiles=[default], label=null, version=null, state=null
2024-10-22T00:36:40.586+07:00  INFO 4352 --- [restartedMain] [gateway-service,,]o.s.cloud.context.scope.GenericScope     : BeanFactory id=5bd0a126-396c-3366-9805-7ea6decca7fb
2024-10-22T00:36:40.589+07:00  WARN 4352 --- [restartedMain] [gateway-service,,]trationDelegate$BeanPostProcessorChecker : Bean 'org.springframework.cloud.client.loadbalancer.LoadBalancerAutoConfiguration$DeferringLoadBalancerInterceptorConfig' of type [org.springframework.cloud.client.loadbalancer.LoadBalancerAutoConfiguration$DeferringLoadBalancerInterceptorConfig] is not eligible for getting processed by all BeanPostProcessors (for example: not eligible for auto-proxying). The currently created BeanPostProcessor [lbRestClientPostProcessor] is declared through a non-static factory method on that class; consider declaring it as static instead.
2024-10-22T00:36:40.589+07:00  WARN 4352 --- [restartedMain] [gateway-service,,]trationDelegate$BeanPostProcessorChecker : Bean 'deferringLoadBalancerInterceptor' of type [org.springframework.cloud.client.loadbalancer.DeferringLoadBalancerInterceptor] is not eligible for getting processed by all BeanPostProcessors (for example: not eligible for auto-proxying). Is this bean getting eagerly injected into a currently created BeanPostProcessor [lbRestClientPostProcessor]? Check the corresponding BeanPostProcessor declaration and its dependencies.
2024-10-22T00:36:40.605+07:00  INFO 4352 --- [restartedMain] [gateway-service,,]o.s.b.w.embedded.tomcat.TomcatWebServer  : Tomcat initialized with port 8080 (http)
2024-10-22T00:36:40.605+07:00  INFO 4352 --- [restartedMain] [gateway-service,,]o.apache.catalina.core.StandardService   : Starting service [Tomcat]
2024-10-22T00:36:40.605+07:00  INFO 4352 --- [restartedMain] [gateway-service,,]o.apache.catalina.core.StandardEngine    : Starting Servlet engine: [Apache Tomcat/10.1.30]
2024-10-22T00:36:40.616+07:00  INFO 4352 --- [restartedMain] [gateway-service,,]o.a.c.c.C.[Tomcat].[localhost].[/]       : Initializing Spring embedded WebApplicationContext
2024-10-22T00:36:40.616+07:00  INFO 4352 --- [restartedMain] [gateway-service,,]w.s.c.ServletWebServerApplicationContext : Root WebApplicationContext: initialization completed in 111 ms
2024-10-22T00:36:40.661+07:00  WARN 4352 --- [restartedMain] [gateway-service,,]o.s.b.d.a.OptionalLiveReloadServer       : Unable to start LiveReload server
2024-10-22T00:36:40.674+07:00  INFO 4352 --- [restartedMain] [gateway-service,,]DiscoveryClientOptionalArgsConfiguration : Eureka HTTP Client uses RestTemplate.
2024-10-22T00:36:40.681+07:00  WARN 4352 --- [restartedMain] [gateway-service,,]iguration$LoadBalancerCaffeineWarnLogger : Spring Cloud LoadBalancer is currently working with the default cache. While this cache implementation is useful for development and tests, it's recommended to use Caffeine cache in production.You can switch to using Caffeine cache, by adding it and org.springframework.cache.caffeine.CaffeineCacheManager to the classpath.
2024-10-22T00:36:40.687+07:00  INFO 4352 --- [restartedMain] [gateway-service,,]o.s.c.n.eureka.InstanceInfoFactory       : Setting initial instance status as: STARTING
2024-10-22T00:36:40.688+07:00  INFO 4352 --- [restartedMain] [gateway-service,,]com.netflix.discovery.DiscoveryClient    : Initializing Eureka in region us-east-1
2024-10-22T00:36:40.688+07:00  INFO 4352 --- [restartedMain] [gateway-service,,]c.n.d.s.r.aws.ConfigClusterResolver      : Resolving eureka endpoints via configuration
2024-10-22T00:36:40.688+07:00  INFO 4352 --- [restartedMain] [gateway-service,,]com.netflix.discovery.DiscoveryClient    : Disable delta property : false
2024-10-22T00:36:40.688+07:00  INFO 4352 --- [restartedMain] [gateway-service,,]com.netflix.discovery.DiscoveryClient    : Single vip registry refresh property : null
2024-10-22T00:36:40.688+07:00  INFO 4352 --- [restartedMain] [gateway-service,,]com.netflix.discovery.DiscoveryClient    : Force full registry fetch : false
2024-10-22T00:36:40.688+07:00  INFO 4352 --- [restartedMain] [gateway-service,,]com.netflix.discovery.DiscoveryClient    : Application is null : false
2024-10-22T00:36:40.688+07:00  INFO 4352 --- [restartedMain] [gateway-service,,]com.netflix.discovery.DiscoveryClient    : Registered Applications size is zero : true
2024-10-22T00:36:40.688+07:00  INFO 4352 --- [restartedMain] [gateway-service,,]com.netflix.discovery.DiscoveryClient    : Application version is -1: true
2024-10-22T00:36:40.688+07:00  INFO 4352 --- [restartedMain] [gateway-service,,]com.netflix.discovery.DiscoveryClient    : Getting all instance registry info from the eureka server
2024-10-22T00:36:40.697+07:00  INFO 4352 --- [restartedMain] [gateway-service,,]com.netflix.discovery.DiscoveryClient    : The response status is 200
2024-10-22T00:36:40.697+07:00  INFO 4352 --- [restartedMain] [gateway-service,,]com.netflix.discovery.DiscoveryClient    : Starting heartbeat executor: renew interval is: 30
2024-10-22T00:36:40.697+07:00  INFO 4352 --- [restartedMain] [gateway-service,,]c.n.discovery.InstanceInfoReplicator     : InstanceInfoReplicator onDemand update allowed rate per min is 4
2024-10-22T00:36:40.697+07:00  INFO 4352 --- [restartedMain] [gateway-service,,]com.netflix.discovery.DiscoveryClient    : Discovery Client initialized at timestamp 1729532200697 with initial instances count: 3
2024-10-22T00:36:40.698+07:00  INFO 4352 --- [restartedMain] [gateway-service,,]o.s.c.n.e.s.EurekaServiceRegistry        : Registering application GATEWAY-SERVICE with eureka with status UP
2024-10-22T00:36:40.698+07:00  INFO 4352 --- [restartedMain] [gateway-service,,]com.netflix.discovery.DiscoveryClient    : Saw local status change event StatusChangeEvent [timestamp=1729532200698, current=UP, previous=STARTING]
2024-10-22T00:36:40.698+07:00  INFO 4352 --- [DiscoveryClient-InstanceInfoReplicator-%d] [gateway-service,,]com.netflix.discovery.DiscoveryClient    : DiscoveryClient_GATEWAY-SERVICE/DESKTOP-GDQ5MDP:gateway-service:8080: registering service...
2024-10-22T00:36:40.700+07:00  INFO 4352 --- [restartedMain] [gateway-service,,]o.s.b.w.embedded.tomcat.TomcatWebServer  : Tomcat started on port 8080 (http) with context path '/'
2024-10-22T00:36:40.700+07:00  INFO 4352 --- [restartedMain] [gateway-service,,].s.c.n.e.s.EurekaAutoServiceRegistration : Updating port to 8080
2024-10-22T00:36:40.703+07:00  INFO 24496 --- [http-nio-9999-exec-7] [discovery-service,,]c.n.e.registry.AbstractInstanceRegistry  : Registered instance GATEWAY-SERVICE/DESKTOP-GDQ5MDP:gateway-service:8080 with status UP (replication=false)
2024-10-22T00:36:40.703+07:00  INFO 4352 --- [DiscoveryClient-InstanceInfoReplicator-%d] [gateway-service,,]com.netflix.discovery.DiscoveryClient    : DiscoveryClient_GATEWAY-SERVICE/DESKTOP-GDQ5MDP:gateway-service:8080 - registration status: 204
2024-10-22T00:36:40.704+07:00  INFO 4352 --- [restartedMain] [gateway-service,,]o.e.g.GatewayserviceApplication          : Started GatewayserviceApplication in 0.235 seconds (process running for 277.3)
2024-10-22T00:36:40.704+07:00  INFO 4352 --- [restartedMain] [gateway-service,,].ConditionEvaluationDeltaLoggingListener : Condition evaluation unchanged
2024-10-22T00:36:41.227+07:00  INFO 24496 --- [http-nio-9999-exec-6] [discovery-service,,]c.n.e.registry.AbstractInstanceRegistry  : Registered instance GATEWAY-SERVICE/DESKTOP-GDQ5MDP:gateway-service:8080 with status UP (replication=true)
2024-10-22T00:36:41.227+07:00  INFO 24496 --- [http-nio-9999-exec-6] [discovery-service,,]c.n.e.registry.AbstractInstanceRegistry  : Cancelled instance GATEWAY-SERVICE/DESKTOP-GDQ5MDP:gateway-service:8080 (replication=true)
2024-10-22T00:36:48.808+07:00  INFO 23316 --- [AsyncResolver-bootstrap-executor-0] [account-service,,]c.n.d.s.r.aws.ConfigClusterResolver      : Resolving eureka endpoints via configuration
2024-10-22T00:37:01.582+07:00  INFO 24496 --- [Eureka-EvictionTimer] [discovery-service,,]c.n.e.registry.AbstractInstanceRegistry  : Running the evict task with compensationTime 0ms
2024-10-22T00:37:10.719+07:00  WARN 24496 --- [http-nio-9999-exec-3] [discovery-service,,]c.n.e.registry.AbstractInstanceRegistry  : DS: Registry: lease doesn't exist, registering resource: GATEWAY-SERVICE - DESKTOP-GDQ5MDP:gateway-service:8080
2024-10-22T00:37:10.719+07:00  WARN 24496 --- [http-nio-9999-exec-3] [discovery-service,,]c.n.eureka.resources.InstanceResource    : Not Found (Renew): GATEWAY-SERVICE - DESKTOP-GDQ5MDP:gateway-service:8080
2024-10-22T00:37:10.720+07:00  INFO 4352 --- [DiscoveryClient-HeartbeatExecutor-%d] [gateway-service,,]com.netflix.discovery.DiscoveryClient    : DiscoveryClient_GATEWAY-SERVICE/DESKTOP-GDQ5MDP:gateway-service:8080 - Re-registering apps/GATEWAY-SERVICE
2024-10-22T00:37:10.720+07:00  INFO 4352 --- [DiscoveryClient-HeartbeatExecutor-%d] [gateway-service,,]com.netflix.discovery.DiscoveryClient    : DiscoveryClient_GATEWAY-SERVICE/DESKTOP-GDQ5MDP:gateway-service:8080: registering service...
2024-10-22T00:37:10.721+07:00  INFO 24496 --- [http-nio-9999-exec-7] [discovery-service,,]c.n.e.registry.AbstractInstanceRegistry  : Registered instance GATEWAY-SERVICE/DESKTOP-GDQ5MDP:gateway-service:8080 with status UP (replication=false)
2024-10-22T00:37:10.721+07:00  INFO 4352 --- [DiscoveryClient-HeartbeatExecutor-%d] [gateway-service,,]com.netflix.discovery.DiscoveryClient    : DiscoveryClient_GATEWAY-SERVICE/DESKTOP-GDQ5MDP:gateway-service:8080 - registration status: 204
2024-10-22T00:37:11.237+07:00  INFO 24496 --- [http-nio-9999-exec-6] [discovery-service,,]c.n.e.registry.AbstractInstanceRegistry  : Registered instance GATEWAY-SERVICE/DESKTOP-GDQ5MDP:gateway-service:8080 with status UP (replication=true)
2024-10-22T00:37:30.377+07:00  INFO 4352 --- [File Watcher] [gateway-service,,]rtingClassPathChangeChangedEventListener : Restarting due to 1 class path change (0 additions, 0 deletions, 1 modification)
2024-10-22T00:37:30.378+07:00  INFO 4352 --- [Thread-31] [gateway-service,,]o.s.c.n.e.s.EurekaServiceRegistry        : Unregistering application GATEWAY-SERVICE with eureka with status DOWN
2024-10-22T00:37:30.378+07:00  INFO 4352 --- [Thread-31] [gateway-service,,]com.netflix.discovery.DiscoveryClient    : Saw local status change event StatusChangeEvent [timestamp=1729532250378, current=DOWN, previous=UP]
2024-10-22T00:37:30.378+07:00  INFO 4352 --- [DiscoveryClient-InstanceInfoReplicator-%d] [gateway-service,,]com.netflix.discovery.DiscoveryClient    : DiscoveryClient_GATEWAY-SERVICE/DESKTOP-GDQ5MDP:gateway-service:8080: registering service...
2024-10-22T00:37:30.382+07:00  INFO 4352 --- [Thread-31] [gateway-service,,]com.netflix.discovery.DiscoveryClient    : Shutting down DiscoveryClient ...
2024-10-22T00:37:30.392+07:00  INFO 24496 --- [http-nio-9999-exec-2] [discovery-service,,]c.n.e.registry.AbstractInstanceRegistry  : Registered instance GATEWAY-SERVICE/DESKTOP-GDQ5MDP:gateway-service:8080 with status DOWN (replication=false)
2024-10-22T00:37:30.393+07:00  INFO 4352 --- [DiscoveryClient-InstanceInfoReplicator-%d] [gateway-service,,]com.netflix.discovery.DiscoveryClient    : DiscoveryClient_GATEWAY-SERVICE/DESKTOP-GDQ5MDP:gateway-service:8080 - registration status: 204
2024-10-22T00:37:30.393+07:00  INFO 4352 --- [Thread-31] [gateway-service,,]com.netflix.discovery.DiscoveryClient    : Unregistering ...
2024-10-22T00:37:30.394+07:00  INFO 24496 --- [http-nio-9999-exec-3] [discovery-service,,]c.n.e.registry.AbstractInstanceRegistry  : Cancelled instance GATEWAY-SERVICE/DESKTOP-GDQ5MDP:gateway-service:8080 (replication=false)
2024-10-22T00:37:30.395+07:00  INFO 4352 --- [Thread-31] [gateway-service,,]com.netflix.discovery.DiscoveryClient    : DiscoveryClient_GATEWAY-SERVICE/DESKTOP-GDQ5MDP:gateway-service:8080 - deregister  status: 200
2024-10-22T00:37:30.395+07:00  INFO 4352 --- [Thread-31] [gateway-service,,]com.netflix.discovery.DiscoveryClient    : Completed shut down of DiscoveryClient
2024-10-22T00:37:30.463+07:00  INFO 4352 --- [restartedMain] [gateway-service,,]o.e.g.GatewayserviceApplication          : Starting GatewayserviceApplication using Java 21.0.4 with PID 4352 (C:\Users\Admin\OneDrive\Desktop\SpringCloud0\gatewayservice\target\classes started by Admin in C:\Users\Admin\OneDrive\Desktop\SpringCloud0)
2024-10-22T00:37:30.464+07:00  INFO 4352 --- [restartedMain] [gateway-service,,]o.e.g.GatewayserviceApplication          : No active profile set, falling back to 1 default profile: "default"
2024-10-22T00:37:30.464+07:00  INFO 4352 --- [restartedMain] [gateway-service,,]o.s.c.c.c.ConfigServerConfigDataLoader   : Fetching config from server at : http://localhost:8888
2024-10-22T00:37:30.464+07:00  INFO 4352 --- [restartedMain] [gateway-service,,]o.s.c.c.c.ConfigServerConfigDataLoader   : Located environment: name=gateway-service, profiles=[default], label=null, version=null, state=null
2024-10-22T00:37:30.555+07:00  INFO 4352 --- [restartedMain] [gateway-service,,]o.s.cloud.context.scope.GenericScope     : BeanFactory id=5bd0a126-396c-3366-9805-7ea6decca7fb
2024-10-22T00:37:30.558+07:00  WARN 4352 --- [restartedMain] [gateway-service,,]trationDelegate$BeanPostProcessorChecker : Bean 'org.springframework.cloud.client.loadbalancer.LoadBalancerAutoConfiguration$DeferringLoadBalancerInterceptorConfig' of type [org.springframework.cloud.client.loadbalancer.LoadBalancerAutoConfiguration$DeferringLoadBalancerInterceptorConfig] is not eligible for getting processed by all BeanPostProcessors (for example: not eligible for auto-proxying). The currently created BeanPostProcessor [lbRestClientPostProcessor] is declared through a non-static factory method on that class; consider declaring it as static instead.
2024-10-22T00:37:30.559+07:00  WARN 4352 --- [restartedMain] [gateway-service,,]trationDelegate$BeanPostProcessorChecker : Bean 'deferringLoadBalancerInterceptor' of type [org.springframework.cloud.client.loadbalancer.DeferringLoadBalancerInterceptor] is not eligible for getting processed by all BeanPostProcessors (for example: not eligible for auto-proxying). Is this bean getting eagerly injected into a currently created BeanPostProcessor [lbRestClientPostProcessor]? Check the corresponding BeanPostProcessor declaration and its dependencies.
2024-10-22T00:37:30.577+07:00  INFO 4352 --- [restartedMain] [gateway-service,,]o.s.b.w.embedded.tomcat.TomcatWebServer  : Tomcat initialized with port 8080 (http)
2024-10-22T00:37:30.577+07:00  INFO 4352 --- [restartedMain] [gateway-service,,]o.apache.catalina.core.StandardService   : Starting service [Tomcat]
2024-10-22T00:37:30.577+07:00  INFO 4352 --- [restartedMain] [gateway-service,,]o.apache.catalina.core.StandardEngine    : Starting Servlet engine: [Apache Tomcat/10.1.30]
2024-10-22T00:37:30.588+07:00  INFO 4352 --- [restartedMain] [gateway-service,,]o.a.c.c.C.[Tomcat].[localhost].[/]       : Initializing Spring embedded WebApplicationContext
2024-10-22T00:37:30.588+07:00  INFO 4352 --- [restartedMain] [gateway-service,,]w.s.c.ServletWebServerApplicationContext : Root WebApplicationContext: initialization completed in 124 ms
2024-10-22T00:37:30.642+07:00  WARN 4352 --- [restartedMain] [gateway-service,,]o.s.b.d.a.OptionalLiveReloadServer       : Unable to start LiveReload server
2024-10-22T00:37:30.657+07:00  INFO 4352 --- [restartedMain] [gateway-service,,]DiscoveryClientOptionalArgsConfiguration : Eureka HTTP Client uses RestTemplate.
2024-10-22T00:37:30.665+07:00  WARN 4352 --- [restartedMain] [gateway-service,,]iguration$LoadBalancerCaffeineWarnLogger : Spring Cloud LoadBalancer is currently working with the default cache. While this cache implementation is useful for development and tests, it's recommended to use Caffeine cache in production.You can switch to using Caffeine cache, by adding it and org.springframework.cache.caffeine.CaffeineCacheManager to the classpath.
2024-10-22T00:37:30.673+07:00  INFO 4352 --- [restartedMain] [gateway-service,,]o.s.c.n.eureka.InstanceInfoFactory       : Setting initial instance status as: STARTING
2024-10-22T00:37:30.674+07:00  INFO 4352 --- [restartedMain] [gateway-service,,]com.netflix.discovery.DiscoveryClient    : Initializing Eureka in region us-east-1
2024-10-22T00:37:30.674+07:00  INFO 4352 --- [restartedMain] [gateway-service,,]c.n.d.s.r.aws.ConfigClusterResolver      : Resolving eureka endpoints via configuration
2024-10-22T00:37:30.674+07:00  INFO 4352 --- [restartedMain] [gateway-service,,]com.netflix.discovery.DiscoveryClient    : Disable delta property : false
2024-10-22T00:37:30.674+07:00  INFO 4352 --- [restartedMain] [gateway-service,,]com.netflix.discovery.DiscoveryClient    : Single vip registry refresh property : null
2024-10-22T00:37:30.674+07:00  INFO 4352 --- [restartedMain] [gateway-service,,]com.netflix.discovery.DiscoveryClient    : Force full registry fetch : false
2024-10-22T00:37:30.674+07:00  INFO 4352 --- [restartedMain] [gateway-service,,]com.netflix.discovery.DiscoveryClient    : Application is null : false
2024-10-22T00:37:30.674+07:00  INFO 4352 --- [restartedMain] [gateway-service,,]com.netflix.discovery.DiscoveryClient    : Registered Applications size is zero : true
2024-10-22T00:37:30.674+07:00  INFO 4352 --- [restartedMain] [gateway-service,,]com.netflix.discovery.DiscoveryClient    : Application version is -1: true
2024-10-22T00:37:30.674+07:00  INFO 4352 --- [restartedMain] [gateway-service,,]com.netflix.discovery.DiscoveryClient    : Getting all instance registry info from the eureka server
2024-10-22T00:37:30.685+07:00  INFO 4352 --- [restartedMain] [gateway-service,,]com.netflix.discovery.DiscoveryClient    : The response status is 200
2024-10-22T00:37:30.685+07:00  INFO 4352 --- [restartedMain] [gateway-service,,]com.netflix.discovery.DiscoveryClient    : Starting heartbeat executor: renew interval is: 30
2024-10-22T00:37:30.685+07:00  INFO 4352 --- [restartedMain] [gateway-service,,]c.n.discovery.InstanceInfoReplicator     : InstanceInfoReplicator onDemand update allowed rate per min is 4
2024-10-22T00:37:30.685+07:00  INFO 4352 --- [restartedMain] [gateway-service,,]com.netflix.discovery.DiscoveryClient    : Discovery Client initialized at timestamp 1729532250685 with initial instances count: 2
2024-10-22T00:37:30.685+07:00  INFO 4352 --- [restartedMain] [gateway-service,,]o.s.c.n.e.s.EurekaServiceRegistry        : Registering application GATEWAY-SERVICE with eureka with status UP
2024-10-22T00:37:30.685+07:00  INFO 4352 --- [restartedMain] [gateway-service,,]com.netflix.discovery.DiscoveryClient    : Saw local status change event StatusChangeEvent [timestamp=1729532250685, current=UP, previous=STARTING]
2024-10-22T00:37:30.686+07:00  INFO 4352 --- [DiscoveryClient-InstanceInfoReplicator-%d] [gateway-service,,]com.netflix.discovery.DiscoveryClient    : DiscoveryClient_GATEWAY-SERVICE/DESKTOP-GDQ5MDP:gateway-service:8080: registering service...
2024-10-22T00:37:30.687+07:00  INFO 4352 --- [restartedMain] [gateway-service,,]o.s.b.w.embedded.tomcat.TomcatWebServer  : Tomcat started on port 8080 (http) with context path '/'
2024-10-22T00:37:30.687+07:00  INFO 4352 --- [restartedMain] [gateway-service,,].s.c.n.e.s.EurekaAutoServiceRegistration : Updating port to 8080
2024-10-22T00:37:30.690+07:00  INFO 24496 --- [http-nio-9999-exec-10] [discovery-service,,]c.n.e.registry.AbstractInstanceRegistry  : Registered instance GATEWAY-SERVICE/DESKTOP-GDQ5MDP:gateway-service:8080 with status UP (replication=false)
2024-10-22T00:37:30.691+07:00  INFO 4352 --- [DiscoveryClient-InstanceInfoReplicator-%d] [gateway-service,,]com.netflix.discovery.DiscoveryClient    : DiscoveryClient_GATEWAY-SERVICE/DESKTOP-GDQ5MDP:gateway-service:8080 - registration status: 204
2024-10-22T00:37:30.692+07:00  INFO 4352 --- [restartedMain] [gateway-service,,]o.e.g.GatewayserviceApplication          : Started GatewayserviceApplication in 0.264 seconds (process running for 327.288)
2024-10-22T00:37:30.693+07:00  INFO 4352 --- [restartedMain] [gateway-service,,].ConditionEvaluationDeltaLoggingListener : Condition evaluation unchanged
2024-10-22T00:37:31.216+07:00  INFO 24496 --- [http-nio-9999-exec-9] [discovery-service,,]c.n.e.registry.AbstractInstanceRegistry  : Registered instance GATEWAY-SERVICE/DESKTOP-GDQ5MDP:gateway-service:8080 with status UP (replication=true)
2024-10-22T00:37:31.217+07:00  INFO 24496 --- [http-nio-9999-exec-9] [discovery-service,,]c.n.e.registry.AbstractInstanceRegistry  : Cancelled instance GATEWAY-SERVICE/DESKTOP-GDQ5MDP:gateway-service:8080 (replication=true)
2024-10-22T00:38:00.704+07:00  WARN 24496 --- [http-nio-9999-exec-4] [discovery-service,,]c.n.e.registry.AbstractInstanceRegistry  : DS: Registry: lease doesn't exist, registering resource: GATEWAY-SERVICE - DESKTOP-GDQ5MDP:gateway-service:8080
2024-10-22T00:38:00.704+07:00  WARN 24496 --- [http-nio-9999-exec-4] [discovery-service,,]c.n.eureka.resources.InstanceResource    : Not Found (Renew): GATEWAY-SERVICE - DESKTOP-GDQ5MDP:gateway-service:8080
2024-10-22T00:38:00.705+07:00  INFO 4352 --- [DiscoveryClient-HeartbeatExecutor-%d] [gateway-service,,]com.netflix.discovery.DiscoveryClient    : DiscoveryClient_GATEWAY-SERVICE/DESKTOP-GDQ5MDP:gateway-service:8080 - Re-registering apps/GATEWAY-SERVICE
2024-10-22T00:38:00.705+07:00  INFO 4352 --- [DiscoveryClient-HeartbeatExecutor-%d] [gateway-service,,]com.netflix.discovery.DiscoveryClient    : DiscoveryClient_GATEWAY-SERVICE/DESKTOP-GDQ5MDP:gateway-service:8080: registering service...
2024-10-22T00:38:00.706+07:00  INFO 24496 --- [http-nio-9999-exec-10] [discovery-service,,]c.n.e.registry.AbstractInstanceRegistry  : Registered instance GATEWAY-SERVICE/DESKTOP-GDQ5MDP:gateway-service:8080 with status UP (replication=false)
2024-10-22T00:38:00.706+07:00  INFO 4352 --- [DiscoveryClient-HeartbeatExecutor-%d] [gateway-service,,]com.netflix.discovery.DiscoveryClient    : DiscoveryClient_GATEWAY-SERVICE/DESKTOP-GDQ5MDP:gateway-service:8080 - registration status: 204
2024-10-22T00:38:01.228+07:00  INFO 24496 --- [http-nio-9999-exec-9] [discovery-service,,]c.n.e.registry.AbstractInstanceRegistry  : Registered instance GATEWAY-SERVICE/DESKTOP-GDQ5MDP:gateway-service:8080 with status UP (replication=true)
2024-10-22T00:38:01.582+07:00  INFO 24496 --- [Eureka-EvictionTimer] [discovery-service,,]c.n.e.registry.AbstractInstanceRegistry  : Running the evict task with compensationTime 0ms
2024-10-22T00:39:01.591+07:00  INFO 24496 --- [Eureka-EvictionTimer] [discovery-service,,]c.n.e.registry.AbstractInstanceRegistry  : Running the evict task with compensationTime 9ms
2024-10-22T00:39:03.626+07:00  INFO 4352 --- [File Watcher] [gateway-service,,]rtingClassPathChangeChangedEventListener : Restarting due to 1 class path change (0 additions, 1 deletion, 0 modifications)
2024-10-22T00:39:03.627+07:00  INFO 4352 --- [Thread-37] [gateway-service,,]o.s.c.n.e.s.EurekaServiceRegistry        : Unregistering application GATEWAY-SERVICE with eureka with status DOWN
2024-10-22T00:39:03.627+07:00  INFO 4352 --- [Thread-37] [gateway-service,,]com.netflix.discovery.DiscoveryClient    : Saw local status change event StatusChangeEvent [timestamp=1729532343627, current=DOWN, previous=UP]
2024-10-22T00:39:03.627+07:00  INFO 4352 --- [DiscoveryClient-InstanceInfoReplicator-%d] [gateway-service,,]com.netflix.discovery.DiscoveryClient    : DiscoveryClient_GATEWAY-SERVICE/DESKTOP-GDQ5MDP:gateway-service:8080: registering service...
2024-10-22T00:39:03.631+07:00  INFO 4352 --- [Thread-37] [gateway-service,,]com.netflix.discovery.DiscoveryClient    : Shutting down DiscoveryClient ...
2024-10-22T00:39:03.642+07:00  INFO 24496 --- [http-nio-9999-exec-1] [discovery-service,,]c.n.e.registry.AbstractInstanceRegistry  : Registered instance GATEWAY-SERVICE/DESKTOP-GDQ5MDP:gateway-service:8080 with status DOWN (replication=false)
2024-10-22T00:39:03.643+07:00  INFO 4352 --- [DiscoveryClient-InstanceInfoReplicator-%d] [gateway-service,,]com.netflix.discovery.DiscoveryClient    : DiscoveryClient_GATEWAY-SERVICE/DESKTOP-GDQ5MDP:gateway-service:8080 - registration status: 204
2024-10-22T00:39:03.643+07:00  INFO 4352 --- [Thread-37] [gateway-service,,]com.netflix.discovery.DiscoveryClient    : Unregistering ...
2024-10-22T00:39:03.644+07:00  INFO 24496 --- [http-nio-9999-exec-5] [discovery-service,,]c.n.e.registry.AbstractInstanceRegistry  : Cancelled instance GATEWAY-SERVICE/DESKTOP-GDQ5MDP:gateway-service:8080 (replication=false)
2024-10-22T00:39:03.645+07:00  INFO 4352 --- [Thread-37] [gateway-service,,]com.netflix.discovery.DiscoveryClient    : DiscoveryClient_GATEWAY-SERVICE/DESKTOP-GDQ5MDP:gateway-service:8080 - deregister  status: 200
2024-10-22T00:39:03.645+07:00  INFO 4352 --- [Thread-37] [gateway-service,,]com.netflix.discovery.DiscoveryClient    : Completed shut down of DiscoveryClient
2024-10-22T00:39:03.712+07:00  INFO 4352 --- [restartedMain] [gateway-service,,]o.e.g.GatewayserviceApplication          : Starting GatewayserviceApplication using Java 21.0.4 with PID 4352 (C:\Users\Admin\OneDrive\Desktop\SpringCloud0\gatewayservice\target\classes started by Admin in C:\Users\Admin\OneDrive\Desktop\SpringCloud0)
2024-10-22T00:39:03.712+07:00  INFO 4352 --- [restartedMain] [gateway-service,,]o.e.g.GatewayserviceApplication          : No active profile set, falling back to 1 default profile: "default"
2024-10-22T00:39:03.713+07:00  INFO 4352 --- [restartedMain] [gateway-service,,]o.s.c.c.c.ConfigServerConfigDataLoader   : Fetching config from server at : http://localhost:8888
2024-10-22T00:39:03.713+07:00  INFO 4352 --- [restartedMain] [gateway-service,,]o.s.c.c.c.ConfigServerConfigDataLoader   : Located environment: name=gateway-service, profiles=[default], label=null, version=null, state=null
2024-10-22T00:39:03.799+07:00  INFO 4352 --- [restartedMain] [gateway-service,,]o.s.cloud.context.scope.GenericScope     : BeanFactory id=5bd0a126-396c-3366-9805-7ea6decca7fb
2024-10-22T00:39:03.805+07:00  WARN 4352 --- [restartedMain] [gateway-service,,]trationDelegate$BeanPostProcessorChecker : Bean 'org.springframework.cloud.client.loadbalancer.LoadBalancerAutoConfiguration$DeferringLoadBalancerInterceptorConfig' of type [org.springframework.cloud.client.loadbalancer.LoadBalancerAutoConfiguration$DeferringLoadBalancerInterceptorConfig] is not eligible for getting processed by all BeanPostProcessors (for example: not eligible for auto-proxying). The currently created BeanPostProcessor [lbRestClientPostProcessor] is declared through a non-static factory method on that class; consider declaring it as static instead.
2024-10-22T00:39:03.805+07:00  WARN 4352 --- [restartedMain] [gateway-service,,]trationDelegate$BeanPostProcessorChecker : Bean 'deferringLoadBalancerInterceptor' of type [org.springframework.cloud.client.loadbalancer.DeferringLoadBalancerInterceptor] is not eligible for getting processed by all BeanPostProcessors (for example: not eligible for auto-proxying). Is this bean getting eagerly injected into a currently created BeanPostProcessor [lbRestClientPostProcessor]? Check the corresponding BeanPostProcessor declaration and its dependencies.
2024-10-22T00:39:03.821+07:00  INFO 4352 --- [restartedMain] [gateway-service,,]o.s.b.w.embedded.tomcat.TomcatWebServer  : Tomcat initialized with port 8080 (http)
2024-10-22T00:39:03.822+07:00  INFO 4352 --- [restartedMain] [gateway-service,,]o.apache.catalina.core.StandardService   : Starting service [Tomcat]
2024-10-22T00:39:03.822+07:00  INFO 4352 --- [restartedMain] [gateway-service,,]o.apache.catalina.core.StandardEngine    : Starting Servlet engine: [Apache Tomcat/10.1.30]
2024-10-22T00:39:03.832+07:00  INFO 4352 --- [restartedMain] [gateway-service,,]o.a.c.c.C.[Tomcat].[localhost].[/]       : Initializing Spring embedded WebApplicationContext
2024-10-22T00:39:03.833+07:00  INFO 4352 --- [restartedMain] [gateway-service,,]w.s.c.ServletWebServerApplicationContext : Root WebApplicationContext: initialization completed in 120 ms
2024-10-22T00:39:03.878+07:00  WARN 4352 --- [restartedMain] [gateway-service,,]o.s.b.d.a.OptionalLiveReloadServer       : Unable to start LiveReload server
2024-10-22T00:39:03.893+07:00  INFO 4352 --- [restartedMain] [gateway-service,,]DiscoveryClientOptionalArgsConfiguration : Eureka HTTP Client uses RestTemplate.
2024-10-22T00:39:03.903+07:00  WARN 4352 --- [restartedMain] [gateway-service,,]iguration$LoadBalancerCaffeineWarnLogger : Spring Cloud LoadBalancer is currently working with the default cache. While this cache implementation is useful for development and tests, it's recommended to use Caffeine cache in production.You can switch to using Caffeine cache, by adding it and org.springframework.cache.caffeine.CaffeineCacheManager to the classpath.
2024-10-22T00:39:03.909+07:00  INFO 4352 --- [restartedMain] [gateway-service,,]o.s.c.n.eureka.InstanceInfoFactory       : Setting initial instance status as: STARTING
2024-10-22T00:39:03.910+07:00  INFO 4352 --- [restartedMain] [gateway-service,,]com.netflix.discovery.DiscoveryClient    : Initializing Eureka in region us-east-1
2024-10-22T00:39:03.910+07:00  INFO 4352 --- [restartedMain] [gateway-service,,]c.n.d.s.r.aws.ConfigClusterResolver      : Resolving eureka endpoints via configuration
2024-10-22T00:39:03.910+07:00  INFO 4352 --- [restartedMain] [gateway-service,,]com.netflix.discovery.DiscoveryClient    : Disable delta property : false
2024-10-22T00:39:03.910+07:00  INFO 4352 --- [restartedMain] [gateway-service,,]com.netflix.discovery.DiscoveryClient    : Single vip registry refresh property : null
2024-10-22T00:39:03.910+07:00  INFO 4352 --- [restartedMain] [gateway-service,,]com.netflix.discovery.DiscoveryClient    : Force full registry fetch : false
2024-10-22T00:39:03.910+07:00  INFO 4352 --- [restartedMain] [gateway-service,,]com.netflix.discovery.DiscoveryClient    : Application is null : false
2024-10-22T00:39:03.910+07:00  INFO 4352 --- [restartedMain] [gateway-service,,]com.netflix.discovery.DiscoveryClient    : Registered Applications size is zero : true
2024-10-22T00:39:03.910+07:00  INFO 4352 --- [restartedMain] [gateway-service,,]com.netflix.discovery.DiscoveryClient    : Application version is -1: true
2024-10-22T00:39:03.910+07:00  INFO 4352 --- [restartedMain] [gateway-service,,]com.netflix.discovery.DiscoveryClient    : Getting all instance registry info from the eureka server
2024-10-22T00:39:03.918+07:00  INFO 4352 --- [restartedMain] [gateway-service,,]com.netflix.discovery.DiscoveryClient    : The response status is 200
2024-10-22T00:39:03.918+07:00  INFO 4352 --- [restartedMain] [gateway-service,,]com.netflix.discovery.DiscoveryClient    : Starting heartbeat executor: renew interval is: 30
2024-10-22T00:39:03.918+07:00  INFO 4352 --- [restartedMain] [gateway-service,,]c.n.discovery.InstanceInfoReplicator     : InstanceInfoReplicator onDemand update allowed rate per min is 4
2024-10-22T00:39:03.918+07:00  INFO 4352 --- [restartedMain] [gateway-service,,]com.netflix.discovery.DiscoveryClient    : Discovery Client initialized at timestamp 1729532343918 with initial instances count: 3
2024-10-22T00:39:03.918+07:00  INFO 4352 --- [restartedMain] [gateway-service,,]o.s.c.n.e.s.EurekaServiceRegistry        : Registering application GATEWAY-SERVICE with eureka with status UP
2024-10-22T00:39:03.918+07:00  INFO 4352 --- [restartedMain] [gateway-service,,]com.netflix.discovery.DiscoveryClient    : Saw local status change event StatusChangeEvent [timestamp=1729532343918, current=UP, previous=STARTING]
2024-10-22T00:39:03.918+07:00  INFO 4352 --- [DiscoveryClient-InstanceInfoReplicator-%d] [gateway-service,,]com.netflix.discovery.DiscoveryClient    : DiscoveryClient_GATEWAY-SERVICE/DESKTOP-GDQ5MDP:gateway-service:8080: registering service...
2024-10-22T00:39:03.920+07:00  INFO 4352 --- [restartedMain] [gateway-service,,]o.s.b.w.embedded.tomcat.TomcatWebServer  : Tomcat started on port 8080 (http) with context path '/'
2024-10-22T00:39:03.920+07:00  INFO 4352 --- [restartedMain] [gateway-service,,].s.c.n.e.s.EurekaAutoServiceRegistration : Updating port to 8080
2024-10-22T00:39:03.922+07:00  INFO 24496 --- [http-nio-9999-exec-6] [discovery-service,,]c.n.e.registry.AbstractInstanceRegistry  : Registered instance GATEWAY-SERVICE/DESKTOP-GDQ5MDP:gateway-service:8080 with status UP (replication=false)
2024-10-22T00:39:03.922+07:00  INFO 4352 --- [DiscoveryClient-InstanceInfoReplicator-%d] [gateway-service,,]com.netflix.discovery.DiscoveryClient    : DiscoveryClient_GATEWAY-SERVICE/DESKTOP-GDQ5MDP:gateway-service:8080 - registration status: 204
2024-10-22T00:39:03.924+07:00  INFO 4352 --- [restartedMain] [gateway-service,,]o.e.g.GatewayserviceApplication          : Started GatewayserviceApplication in 0.248 seconds (process running for 420.52)
2024-10-22T00:39:03.925+07:00  INFO 4352 --- [restartedMain] [gateway-service,,].ConditionEvaluationDeltaLoggingListener : Condition evaluation unchanged
2024-10-22T00:39:04.450+07:00  INFO 24496 --- [http-nio-9999-exec-7] [discovery-service,,]c.n.e.registry.AbstractInstanceRegistry  : Registered instance GATEWAY-SERVICE/DESKTOP-GDQ5MDP:gateway-service:8080 with status UP (replication=true)
2024-10-22T00:39:04.450+07:00  INFO 24496 --- [http-nio-9999-exec-7] [discovery-service,,]c.n.e.registry.AbstractInstanceRegistry  : Cancelled instance GATEWAY-SERVICE/DESKTOP-GDQ5MDP:gateway-service:8080 (replication=true)
2024-10-22T00:39:33.945+07:00  WARN 24496 --- [http-nio-9999-exec-3] [discovery-service,,]c.n.e.registry.AbstractInstanceRegistry  : DS: Registry: lease doesn't exist, registering resource: GATEWAY-SERVICE - DESKTOP-GDQ5MDP:gateway-service:8080
2024-10-22T00:39:33.945+07:00  WARN 24496 --- [http-nio-9999-exec-3] [discovery-service,,]c.n.eureka.resources.InstanceResource    : Not Found (Renew): GATEWAY-SERVICE - DESKTOP-GDQ5MDP:gateway-service:8080
2024-10-22T00:39:33.946+07:00  INFO 4352 --- [DiscoveryClient-HeartbeatExecutor-%d] [gateway-service,,]com.netflix.discovery.DiscoveryClient    : DiscoveryClient_GATEWAY-SERVICE/DESKTOP-GDQ5MDP:gateway-service:8080 - Re-registering apps/GATEWAY-SERVICE
2024-10-22T00:39:33.946+07:00  INFO 4352 --- [DiscoveryClient-HeartbeatExecutor-%d] [gateway-service,,]com.netflix.discovery.DiscoveryClient    : DiscoveryClient_GATEWAY-SERVICE/DESKTOP-GDQ5MDP:gateway-service:8080: registering service...
2024-10-22T00:39:33.947+07:00  INFO 24496 --- [http-nio-9999-exec-6] [discovery-service,,]c.n.e.registry.AbstractInstanceRegistry  : Registered instance GATEWAY-SERVICE/DESKTOP-GDQ5MDP:gateway-service:8080 with status UP (replication=false)
2024-10-22T00:39:33.947+07:00  INFO 4352 --- [DiscoveryClient-HeartbeatExecutor-%d] [gateway-service,,]com.netflix.discovery.DiscoveryClient    : DiscoveryClient_GATEWAY-SERVICE/DESKTOP-GDQ5MDP:gateway-service:8080 - registration status: 204
2024-10-22T00:39:34.473+07:00  INFO 24496 --- [http-nio-9999-exec-7] [discovery-service,,]c.n.e.registry.AbstractInstanceRegistry  : Registered instance GATEWAY-SERVICE/DESKTOP-GDQ5MDP:gateway-service:8080 with status UP (replication=true)
2024-10-22T00:40:01.602+07:00  INFO 24496 --- [Eureka-EvictionTimer] [discovery-service,,]c.n.e.registry.AbstractInstanceRegistry  : Running the evict task with compensationTime 10ms
2024-10-22T00:40:43.743+07:00  INFO 18396 --- [AsyncResolver-bootstrap-executor-0] [account-service,,]c.n.d.s.r.aws.ConfigClusterResolver      : Resolving eureka endpoints via configuration
2024-10-22T00:41:01.212+07:00  INFO 24496 --- [ReplicaAwareInstanceRegistry - RenewalThresholdUpdater] [discovery-service,,]c.n.e.r.PeerAwareInstanceRegistryImpl    : Current renewal threshold is : 6
2024-10-22T00:41:01.606+07:00  INFO 24496 --- [Eureka-EvictionTimer] [discovery-service,,]c.n.e.registry.AbstractInstanceRegistry  : Running the evict task with compensationTime 4ms
2024-10-22T00:41:48.819+07:00  INFO 23316 --- [AsyncResolver-bootstrap-executor-0] [account-service,,]c.n.d.s.r.aws.ConfigClusterResolver      : Resolving eureka endpoints via configuration
2024-10-22T00:42:01.617+07:00  INFO 24496 --- [Eureka-EvictionTimer] [discovery-service,,]c.n.e.registry.AbstractInstanceRegistry  : Running the evict task with compensationTime 10ms
2024-10-22T00:42:01.655+07:00  INFO 4352 --- [SpringApplicationShutdownHook] [gateway-service,,]o.s.c.n.e.s.EurekaServiceRegistry        : Unregistering application GATEWAY-SERVICE with eureka with status DOWN
2024-10-22T00:42:01.655+07:00  INFO 4352 --- [SpringApplicationShutdownHook] [gateway-service,,]com.netflix.discovery.DiscoveryClient    : Saw local status change event StatusChangeEvent [timestamp=1729532521655, current=DOWN, previous=UP]
2024-10-22T00:42:01.655+07:00  INFO 4352 --- [DiscoveryClient-InstanceInfoReplicator-%d] [gateway-service,,]com.netflix.discovery.DiscoveryClient    : DiscoveryClient_GATEWAY-SERVICE/DESKTOP-GDQ5MDP:gateway-service:8080: registering service...
2024-10-22T00:42:01.659+07:00  INFO 4352 --- [SpringApplicationShutdownHook] [gateway-service,,]com.netflix.discovery.DiscoveryClient    : Shutting down DiscoveryClient ...
2024-10-22T00:42:01.664+07:00  INFO 24496 --- [http-nio-9999-exec-9] [discovery-service,,]c.n.e.registry.AbstractInstanceRegistry  : Registered instance GATEWAY-SERVICE/DESKTOP-GDQ5MDP:gateway-service:8080 with status DOWN (replication=false)
2024-10-22T00:42:01.665+07:00  INFO 4352 --- [DiscoveryClient-InstanceInfoReplicator-%d] [gateway-service,,]com.netflix.discovery.DiscoveryClient    : DiscoveryClient_GATEWAY-SERVICE/DESKTOP-GDQ5MDP:gateway-service:8080 - registration status: 204
2024-10-22T00:42:01.665+07:00  INFO 4352 --- [SpringApplicationShutdownHook] [gateway-service,,]com.netflix.discovery.DiscoveryClient    : Unregistering ...
2024-10-22T00:42:01.665+07:00  INFO 24496 --- [http-nio-9999-exec-1] [discovery-service,,]c.n.e.registry.AbstractInstanceRegistry  : Cancelled instance GATEWAY-SERVICE/DESKTOP-GDQ5MDP:gateway-service:8080 (replication=false)
2024-10-22T00:42:01.666+07:00  INFO 4352 --- [SpringApplicationShutdownHook] [gateway-service,,]com.netflix.discovery.DiscoveryClient    : DiscoveryClient_GATEWAY-SERVICE/DESKTOP-GDQ5MDP:gateway-service:8080 - deregister  status: 200
2024-10-22T00:42:01.666+07:00  INFO 4352 --- [SpringApplicationShutdownHook] [gateway-service,,]com.netflix.discovery.DiscoveryClient    : Completed shut down of DiscoveryClient
2024-10-22T00:42:02.191+07:00  INFO 24496 --- [http-nio-9999-exec-8] [discovery-service,,]c.n.e.registry.AbstractInstanceRegistry  : Registered instance GATEWAY-SERVICE/DESKTOP-GDQ5MDP:gateway-service:8080 with status DOWN (replication=true)
2024-10-22T00:42:02.191+07:00  INFO 24496 --- [http-nio-9999-exec-8] [discovery-service,,]c.n.e.registry.AbstractInstanceRegistry  : Cancelled instance GATEWAY-SERVICE/DESKTOP-GDQ5MDP:gateway-service:8080 (replication=true)
2024-10-22T00:42:04.051+07:00  INFO 24064 --- [restartedMain] [gateway-service,,]o.e.g.GatewayserviceApplication          : Starting GatewayserviceApplication using Java 21.0.4 with PID 24064 (C:\Users\Admin\OneDrive\Desktop\SpringCloud0\gatewayservice\target\classes started by Admin in C:\Users\Admin\OneDrive\Desktop\SpringCloud0)
2024-10-22T00:42:04.052+07:00  INFO 24064 --- [restartedMain] [gateway-service,,]o.e.g.GatewayserviceApplication          : No active profile set, falling back to 1 default profile: "default"
2024-10-22T00:42:04.073+07:00  INFO 24064 --- [restartedMain] [gateway-service,,]o.s.c.c.c.ConfigServerConfigDataLoader   : Fetching config from server at : http://localhost:8888
2024-10-22T00:42:04.074+07:00  INFO 24064 --- [restartedMain] [gateway-service,,]o.s.c.c.c.ConfigServerConfigDataLoader   : Located environment: name=gateway-service, profiles=[default], label=null, version=null, state=null
2024-10-22T00:42:04.075+07:00  INFO 24064 --- [restartedMain] [gateway-service,,].e.DevToolsPropertyDefaultsPostProcessor : Devtools property defaults active! Set 'spring.devtools.add-properties' to 'false' to disable
2024-10-22T00:42:04.075+07:00  INFO 24064 --- [restartedMain] [gateway-service,,].e.DevToolsPropertyDefaultsPostProcessor : For additional web related logging consider setting the 'logging.level.web' property to 'DEBUG'
2024-10-22T00:42:04.490+07:00  INFO 24064 --- [restartedMain] [gateway-service,,]o.s.cloud.context.scope.GenericScope     : BeanFactory id=e8221dc2-1b42-3c36-b2ad-153e91cb06d4
2024-10-22T00:42:04.524+07:00  WARN 24064 --- [restartedMain] [gateway-service,,]trationDelegate$BeanPostProcessorChecker : Bean 'org.springframework.cloud.client.loadbalancer.LoadBalancerAutoConfiguration$DeferringLoadBalancerInterceptorConfig' of type [org.springframework.cloud.client.loadbalancer.LoadBalancerAutoConfiguration$DeferringLoadBalancerInterceptorConfig] is not eligible for getting processed by all BeanPostProcessors (for example: not eligible for auto-proxying). The currently created BeanPostProcessor [lbRestClientPostProcessor] is declared through a non-static factory method on that class; consider declaring it as static instead.
2024-10-22T00:42:04.525+07:00  WARN 24064 --- [restartedMain] [gateway-service,,]trationDelegate$BeanPostProcessorChecker : Bean 'deferringLoadBalancerInterceptor' of type [org.springframework.cloud.client.loadbalancer.DeferringLoadBalancerInterceptor] is not eligible for getting processed by all BeanPostProcessors (for example: not eligible for auto-proxying). Is this bean getting eagerly injected into a currently created BeanPostProcessor [lbRestClientPostProcessor]? Check the corresponding BeanPostProcessor declaration and its dependencies.
2024-10-22T00:42:04.527+07:00  WARN 24064 --- [restartedMain] [gateway-service,,]trationDelegate$BeanPostProcessorChecker : Bean 'org.springframework.cloud.client.loadbalancer.reactive.LoadBalancerBeanPostProcessorAutoConfiguration' of type [org.springframework.cloud.client.loadbalancer.reactive.LoadBalancerBeanPostProcessorAutoConfiguration] is not eligible for getting processed by all BeanPostProcessors (for example: not eligible for auto-proxying). The currently created BeanPostProcessor [loadBalancerWebClientBuilderBeanPostProcessor] is declared through a non-static factory method on that class; consider declaring it as static instead.
2024-10-22T00:42:04.527+07:00  WARN 24064 --- [restartedMain] [gateway-service,,]trationDelegate$BeanPostProcessorChecker : Bean 'org.springframework.cloud.client.loadbalancer.reactive.LoadBalancerBeanPostProcessorAutoConfiguration$ReactorDeferringLoadBalancerFilterConfig' of type [org.springframework.cloud.client.loadbalancer.reactive.LoadBalancerBeanPostProcessorAutoConfiguration$ReactorDeferringLoadBalancerFilterConfig] is not eligible for getting processed by all BeanPostProcessors (for example: not eligible for auto-proxying). Is this bean getting eagerly injected into a currently created BeanPostProcessor [loadBalancerWebClientBuilderBeanPostProcessor]? Check the corresponding BeanPostProcessor declaration and its dependencies.
2024-10-22T00:42:04.528+07:00  WARN 24064 --- [restartedMain] [gateway-service,,]trationDelegate$BeanPostProcessorChecker : Bean 'reactorDeferringLoadBalancerExchangeFilterFunction' of type [org.springframework.cloud.client.loadbalancer.reactive.DeferringLoadBalancerExchangeFilterFunction] is not eligible for getting processed by all BeanPostProcessors (for example: not eligible for auto-proxying). Is this bean getting eagerly injected into a currently created BeanPostProcessor [loadBalancerWebClientBuilderBeanPostProcessor]? Check the corresponding BeanPostProcessor declaration and its dependencies.
2024-10-22T00:42:04.942+07:00  INFO 24064 --- [restartedMain] [gateway-service,,]o.s.c.g.r.RouteDefinitionRouteLocator    : Loaded RoutePredicateFactory [After]
2024-10-22T00:42:04.942+07:00  INFO 24064 --- [restartedMain] [gateway-service,,]o.s.c.g.r.RouteDefinitionRouteLocator    : Loaded RoutePredicateFactory [Before]
2024-10-22T00:42:04.942+07:00  INFO 24064 --- [restartedMain] [gateway-service,,]o.s.c.g.r.RouteDefinitionRouteLocator    : Loaded RoutePredicateFactory [Between]
2024-10-22T00:42:04.942+07:00  INFO 24064 --- [restartedMain] [gateway-service,,]o.s.c.g.r.RouteDefinitionRouteLocator    : Loaded RoutePredicateFactory [Cookie]
2024-10-22T00:42:04.942+07:00  INFO 24064 --- [restartedMain] [gateway-service,,]o.s.c.g.r.RouteDefinitionRouteLocator    : Loaded RoutePredicateFactory [Header]
2024-10-22T00:42:04.942+07:00  INFO 24064 --- [restartedMain] [gateway-service,,]o.s.c.g.r.RouteDefinitionRouteLocator    : Loaded RoutePredicateFactory [Host]
2024-10-22T00:42:04.942+07:00  INFO 24064 --- [restartedMain] [gateway-service,,]o.s.c.g.r.RouteDefinitionRouteLocator    : Loaded RoutePredicateFactory [Method]
2024-10-22T00:42:04.942+07:00  INFO 24064 --- [restartedMain] [gateway-service,,]o.s.c.g.r.RouteDefinitionRouteLocator    : Loaded RoutePredicateFactory [Path]
2024-10-22T00:42:04.942+07:00  INFO 24064 --- [restartedMain] [gateway-service,,]o.s.c.g.r.RouteDefinitionRouteLocator    : Loaded RoutePredicateFactory [Query]
2024-10-22T00:42:04.942+07:00  INFO 24064 --- [restartedMain] [gateway-service,,]o.s.c.g.r.RouteDefinitionRouteLocator    : Loaded RoutePredicateFactory [ReadBody]
2024-10-22T00:42:04.942+07:00  INFO 24064 --- [restartedMain] [gateway-service,,]o.s.c.g.r.RouteDefinitionRouteLocator    : Loaded RoutePredicateFactory [RemoteAddr]
2024-10-22T00:42:04.942+07:00  INFO 24064 --- [restartedMain] [gateway-service,,]o.s.c.g.r.RouteDefinitionRouteLocator    : Loaded RoutePredicateFactory [XForwardedRemoteAddr]
2024-10-22T00:42:04.942+07:00  INFO 24064 --- [restartedMain] [gateway-service,,]o.s.c.g.r.RouteDefinitionRouteLocator    : Loaded RoutePredicateFactory [Weight]
2024-10-22T00:42:04.943+07:00  INFO 24064 --- [restartedMain] [gateway-service,,]o.s.c.g.r.RouteDefinitionRouteLocator    : Loaded RoutePredicateFactory [CloudFoundryRouteService]
2024-10-22T00:42:05.067+07:00  WARN 24064 --- [restartedMain] [gateway-service,,]o.s.b.d.a.OptionalLiveReloadServer       : Unable to start LiveReload server
2024-10-22T00:42:05.084+07:00  INFO 24064 --- [restartedMain] [gateway-service,,]DiscoveryClientOptionalArgsConfiguration : Eureka HTTP Client uses RestTemplate.
2024-10-22T00:42:05.103+07:00  WARN 24064 --- [restartedMain] [gateway-service,,]iguration$LoadBalancerCaffeineWarnLogger : Spring Cloud LoadBalancer is currently working with the default cache. While this cache implementation is useful for development and tests, it's recommended to use Caffeine cache in production.You can switch to using Caffeine cache, by adding it and org.springframework.cache.caffeine.CaffeineCacheManager to the classpath.
2024-10-22T00:42:05.135+07:00  INFO 24064 --- [restartedMain] [gateway-service,,]o.s.c.n.eureka.InstanceInfoFactory       : Setting initial instance status as: STARTING
2024-10-22T00:42:05.147+07:00  INFO 24064 --- [restartedMain] [gateway-service,,]com.netflix.discovery.DiscoveryClient    : Initializing Eureka in region us-east-1
2024-10-22T00:42:05.150+07:00  INFO 24064 --- [restartedMain] [gateway-service,,]c.n.d.s.r.aws.ConfigClusterResolver      : Resolving eureka endpoints via configuration
2024-10-22T00:42:05.155+07:00  INFO 24064 --- [restartedMain] [gateway-service,,]com.netflix.discovery.DiscoveryClient    : Disable delta property : false
2024-10-22T00:42:05.155+07:00  INFO 24064 --- [restartedMain] [gateway-service,,]com.netflix.discovery.DiscoveryClient    : Single vip registry refresh property : null
2024-10-22T00:42:05.155+07:00  INFO 24064 --- [restartedMain] [gateway-service,,]com.netflix.discovery.DiscoveryClient    : Force full registry fetch : false
2024-10-22T00:42:05.155+07:00  INFO 24064 --- [restartedMain] [gateway-service,,]com.netflix.discovery.DiscoveryClient    : Application is null : false
2024-10-22T00:42:05.155+07:00  INFO 24064 --- [restartedMain] [gateway-service,,]com.netflix.discovery.DiscoveryClient    : Registered Applications size is zero : true
2024-10-22T00:42:05.155+07:00  INFO 24064 --- [restartedMain] [gateway-service,,]com.netflix.discovery.DiscoveryClient    : Application version is -1: true
2024-10-22T00:42:05.156+07:00  INFO 24064 --- [restartedMain] [gateway-service,,]com.netflix.discovery.DiscoveryClient    : Getting all instance registry info from the eureka server
2024-10-22T00:42:05.309+07:00  INFO 24064 --- [restartedMain] [gateway-service,,]com.netflix.discovery.DiscoveryClient    : The response status is 200
2024-10-22T00:42:05.310+07:00  INFO 24064 --- [restartedMain] [gateway-service,,]com.netflix.discovery.DiscoveryClient    : Starting heartbeat executor: renew interval is: 30
2024-10-22T00:42:05.311+07:00  INFO 24064 --- [restartedMain] [gateway-service,,]c.n.discovery.InstanceInfoReplicator     : InstanceInfoReplicator onDemand update allowed rate per min is 4
2024-10-22T00:42:05.312+07:00  INFO 24064 --- [restartedMain] [gateway-service,,]com.netflix.discovery.DiscoveryClient    : Discovery Client initialized at timestamp 1729532525312 with initial instances count: 3
2024-10-22T00:42:05.313+07:00  INFO 24064 --- [restartedMain] [gateway-service,,]o.s.c.n.e.s.EurekaServiceRegistry        : Registering application GATEWAY-SERVICE with eureka with status UP
2024-10-22T00:42:05.313+07:00  INFO 24064 --- [restartedMain] [gateway-service,,]com.netflix.discovery.DiscoveryClient    : Saw local status change event StatusChangeEvent [timestamp=1729532525313, current=UP, previous=STARTING]
2024-10-22T00:42:05.314+07:00  INFO 24064 --- [DiscoveryClient-InstanceInfoReplicator-%d] [gateway-service,,]com.netflix.discovery.DiscoveryClient    : DiscoveryClient_GATEWAY-SERVICE/DESKTOP-GDQ5MDP:gateway-service:8080: registering service...
2024-10-22T00:42:05.335+07:00  INFO 24496 --- [http-nio-9999-exec-6] [discovery-service,,]c.n.e.registry.AbstractInstanceRegistry  : Registered instance GATEWAY-SERVICE/DESKTOP-GDQ5MDP:gateway-service:8080 with status UP (replication=false)
2024-10-22T00:42:05.336+07:00  INFO 24064 --- [DiscoveryClient-InstanceInfoReplicator-%d] [gateway-service,,]com.netflix.discovery.DiscoveryClient    : DiscoveryClient_GATEWAY-SERVICE/DESKTOP-GDQ5MDP:gateway-service:8080 - registration status: 204
2024-10-22T00:42:05.340+07:00 ERROR 24064 --- [restartedMain] [gateway-service,,]o.s.c.gateway.route.CachingRouteLocator  : Refresh routes error !!!

java.lang.IllegalArgumentException: Unable to find GatewayFilterFactory with name Logging
	at org.springframework.cloud.gateway.route.RouteDefinitionRouteLocator.loadGatewayFilters(RouteDefinitionRouteLocator.java:145) ~[spring-cloud-gateway-server-4.1.5.jar:4.1.5]
	at org.springframework.cloud.gateway.route.RouteDefinitionRouteLocator.getFilters(RouteDefinitionRouteLocator.java:192) ~[spring-cloud-gateway-server-4.1.5.jar:4.1.5]
	at org.springframework.cloud.gateway.route.RouteDefinitionRouteLocator.convertToRoute(RouteDefinitionRouteLocator.java:132) ~[spring-cloud-gateway-server-4.1.5.jar:4.1.5]
	at reactor.core.publisher.FluxMap$MapSubscriber.onNext(FluxMap.java:106) ~[reactor-core-3.6.10.jar:3.6.10]
	at reactor.core.publisher.FluxFlatMap$FlatMapMain.tryEmitScalar(FluxFlatMap.java:492) ~[reactor-core-3.6.10.jar:3.6.10]
	at reactor.core.publisher.FluxFlatMap$FlatMapMain.onNext(FluxFlatMap.java:424) ~[reactor-core-3.6.10.jar:3.6.10]
	at reactor.core.publisher.FluxMergeSequential$MergeSequentialMain.drain(FluxMergeSequential.java:439) ~[reactor-core-3.6.10.jar:3.6.10]
	at reactor.core.publisher.FluxMergeSequential$MergeSequentialMain.innerComplete(FluxMergeSequential.java:335) ~[reactor-core-3.6.10.jar:3.6.10]
	at reactor.core.publisher.FluxMergeSequential$MergeSequentialInner.onSubscribe(FluxMergeSequential.java:559) ~[reactor-core-3.6.10.jar:3.6.10]
	at reactor.core.publisher.FluxIterable.subscribe(FluxIterable.java:201) ~[reactor-core-3.6.10.jar:3.6.10]
	at reactor.core.publisher.FluxIterable.subscribe(FluxIterable.java:83) ~[reactor-core-3.6.10.jar:3.6.10]
	at reactor.core.publisher.Flux.subscribe(Flux.java:8848) ~[reactor-core-3.6.10.jar:3.6.10]
	at reactor.core.publisher.FluxMergeSequential$MergeSequentialMain.onNext(FluxMergeSequential.java:237) ~[reactor-core-3.6.10.jar:3.6.10]
	at reactor.core.publisher.FluxIterable$IterableSubscription.slowPath(FluxIterable.java:335) ~[reactor-core-3.6.10.jar:3.6.10]
	at reactor.core.publisher.FluxIterable$IterableSubscription.request(FluxIterable.java:294) ~[reactor-core-3.6.10.jar:3.6.10]
	at reactor.core.publisher.FluxMergeSequential$MergeSequentialMain.onSubscribe(FluxMergeSequential.java:198) ~[reactor-core-3.6.10.jar:3.6.10]
	at reactor.core.publisher.FluxIterable.subscribe(FluxIterable.java:201) ~[reactor-core-3.6.10.jar:3.6.10]
	at reactor.core.publisher.FluxIterable.subscribe(FluxIterable.java:83) ~[reactor-core-3.6.10.jar:3.6.10]
	at reactor.core.publisher.Flux.subscribe(Flux.java:8848) ~[reactor-core-3.6.10.jar:3.6.10]
	at reactor.core.publisher.FluxMergeSequential$MergeSequentialMain.onNext(FluxMergeSequential.java:237) ~[reactor-core-3.6.10.jar:3.6.10]
	at reactor.core.publisher.FluxIterable$IterableSubscription.slowPath(FluxIterable.java:335) ~[reactor-core-3.6.10.jar:3.6.10]
	at reactor.core.publisher.FluxIterable$IterableSubscription.request(FluxIterable.java:294) ~[reactor-core-3.6.10.jar:3.6.10]
	at reactor.core.publisher.FluxMergeSequential$MergeSequentialMain.onSubscribe(FluxMergeSequential.java:198) ~[reactor-core-3.6.10.jar:3.6.10]
	at reactor.core.publisher.FluxIterable.subscribe(FluxIterable.java:201) ~[reactor-core-3.6.10.jar:3.6.10]
	at reactor.core.publisher.FluxIterable.subscribe(FluxIterable.java:83) ~[reactor-core-3.6.10.jar:3.6.10]
	at reactor.core.publisher.Mono.subscribe(Mono.java:4576) ~[reactor-core-3.6.10.jar:3.6.10]
	at reactor.core.publisher.Mono.subscribeWith(Mono.java:4642) ~[reactor-core-3.6.10.jar:3.6.10]
	at reactor.core.publisher.Mono.subscribe(Mono.java:4542) ~[reactor-core-3.6.10.jar:3.6.10]
	at reactor.core.publisher.Mono.subscribe(Mono.java:4478) ~[reactor-core-3.6.10.jar:3.6.10]
	at reactor.core.publisher.Mono.subscribe(Mono.java:4450) ~[reactor-core-3.6.10.jar:3.6.10]
	at org.springframework.cloud.gateway.route.CachingRouteLocator.onApplicationEvent(CachingRouteLocator.java:98) ~[spring-cloud-gateway-server-4.1.5.jar:4.1.5]
	at org.springframework.cloud.gateway.route.CachingRouteLocator.onApplicationEvent(CachingRouteLocator.java:42) ~[spring-cloud-gateway-server-4.1.5.jar:4.1.5]
	at org.springframework.context.event.SimpleApplicationEventMulticaster.doInvokeListener(SimpleApplicationEventMulticaster.java:185) ~[spring-context-6.1.13.jar:6.1.13]
	at org.springframework.context.event.SimpleApplicationEventMulticaster.invokeListener(SimpleApplicationEventMulticaster.java:178) ~[spring-context-6.1.13.jar:6.1.13]
	at org.springframework.context.event.SimpleApplicationEventMulticaster.multicastEvent(SimpleApplicationEventMulticaster.java:156) ~[spring-context-6.1.13.jar:6.1.13]
	at org.springframework.context.support.AbstractApplicationContext.publishEvent(AbstractApplicationContext.java:452) ~[spring-context-6.1.13.jar:6.1.13]
	at org.springframework.context.support.AbstractApplicationContext.publishEvent(AbstractApplicationContext.java:385) ~[spring-context-6.1.13.jar:6.1.13]
	at org.springframework.cloud.gateway.route.RouteRefreshListener.reset(RouteRefreshListener.java:73) ~[spring-cloud-gateway-server-4.1.5.jar:4.1.5]
	at org.springframework.cloud.gateway.route.RouteRefreshListener.onApplicationEvent(RouteRefreshListener.java:54) ~[spring-cloud-gateway-server-4.1.5.jar:4.1.5]
	at org.springframework.context.event.SimpleApplicationEventMulticaster.doInvokeListener(SimpleApplicationEventMulticaster.java:185) ~[spring-context-6.1.13.jar:6.1.13]
	at org.springframework.context.event.SimpleApplicationEventMulticaster.invokeListener(SimpleApplicationEventMulticaster.java:178) ~[spring-context-6.1.13.jar:6.1.13]
	at org.springframework.context.event.SimpleApplicationEventMulticaster.multicastEvent(SimpleApplicationEventMulticaster.java:156) ~[spring-context-6.1.13.jar:6.1.13]
	at org.springframework.context.support.AbstractApplicationContext.publishEvent(AbstractApplicationContext.java:452) ~[spring-context-6.1.13.jar:6.1.13]
	at org.springframework.context.support.AbstractApplicationContext.publishEvent(AbstractApplicationContext.java:385) ~[spring-context-6.1.13.jar:6.1.13]
	at org.springframework.cloud.netflix.eureka.serviceregistry.EurekaAutoServiceRegistration.start(EurekaAutoServiceRegistration.java:91) ~[spring-cloud-netflix-eureka-client-4.1.3.jar:4.1.3]
	at org.springframework.context.support.DefaultLifecycleProcessor.doStart(DefaultLifecycleProcessor.java:285) ~[spring-context-6.1.13.jar:6.1.13]
	at org.springframework.context.support.DefaultLifecycleProcessor$LifecycleGroup.start(DefaultLifecycleProcessor.java:472) ~[spring-context-6.1.13.jar:6.1.13]
	at java.base/java.lang.Iterable.forEach(Iterable.java:75) ~[na:na]
	at org.springframework.context.support.DefaultLifecycleProcessor.startBeans(DefaultLifecycleProcessor.java:257) ~[spring-context-6.1.13.jar:6.1.13]
	at org.springframework.context.support.DefaultLifecycleProcessor.onRefresh(DefaultLifecycleProcessor.java:202) ~[spring-context-6.1.13.jar:6.1.13]
	at org.springframework.context.support.AbstractApplicationContext.finishRefresh(AbstractApplicationContext.java:990) ~[spring-context-6.1.13.jar:6.1.13]
	at org.springframework.context.support.AbstractApplicationContext.refresh(AbstractApplicationContext.java:628) ~[spring-context-6.1.13.jar:6.1.13]
	at org.springframework.boot.web.reactive.context.ReactiveWebServerApplicationContext.refresh(ReactiveWebServerApplicationContext.java:66) ~[spring-boot-3.3.4.jar:3.3.4]
	at org.springframework.boot.SpringApplication.refresh(SpringApplication.java:754) ~[spring-boot-3.3.4.jar:3.3.4]
	at org.springframework.boot.SpringApplication.refreshContext(SpringApplication.java:456) ~[spring-boot-3.3.4.jar:3.3.4]
	at org.springframework.boot.SpringApplication.run(SpringApplication.java:335) ~[spring-boot-3.3.4.jar:3.3.4]
	at org.springframework.boot.SpringApplication.run(SpringApplication.java:1363) ~[spring-boot-3.3.4.jar:3.3.4]
	at org.springframework.boot.SpringApplication.run(SpringApplication.java:1352) ~[spring-boot-3.3.4.jar:3.3.4]
	at org.example.gatewayservice.GatewayserviceApplication.main(GatewayserviceApplication.java:12) ~[classes/:na]
	at java.base/jdk.internal.reflect.DirectMethodHandleAccessor.invoke(DirectMethodHandleAccessor.java:103) ~[na:na]
	at java.base/java.lang.reflect.Method.invoke(Method.java:580) ~[na:na]
	at org.springframework.boot.devtools.restart.RestartLauncher.run(RestartLauncher.java:50) ~[spring-boot-devtools-3.3.4.jar:3.3.4]

2024-10-22T00:42:05.347+07:00  WARN 24064 --- [restartedMain] [gateway-service,,]onfigReactiveWebServerApplicationContext : Exception encountered during context initialization - cancelling refresh attempt: org.springframework.context.ApplicationContextException: Failed to start bean 'eurekaAutoServiceRegistration'
2024-10-22T00:42:05.349+07:00  INFO 24064 --- [restartedMain] [gateway-service,,]com.netflix.discovery.DiscoveryClient    : Shutting down DiscoveryClient ...
2024-10-22T00:42:05.859+07:00  INFO 24496 --- [http-nio-9999-exec-7] [discovery-service,,]c.n.e.registry.AbstractInstanceRegistry  : Registered instance GATEWAY-SERVICE/DESKTOP-GDQ5MDP:gateway-service:8080 with status UP (replication=true)
2024-10-22T00:42:08.357+07:00  INFO 24064 --- [restartedMain] [gateway-service,,]com.netflix.discovery.DiscoveryClient    : Unregistering ...
2024-10-22T00:42:08.373+07:00  INFO 24496 --- [http-nio-9999-exec-10] [discovery-service,,]c.n.e.registry.AbstractInstanceRegistry  : Cancelled instance GATEWAY-SERVICE/DESKTOP-GDQ5MDP:gateway-service:8080 (replication=false)
2024-10-22T00:42:08.373+07:00  INFO 24064 --- [restartedMain] [gateway-service,,]com.netflix.discovery.DiscoveryClient    : DiscoveryClient_GATEWAY-SERVICE/DESKTOP-GDQ5MDP:gateway-service:8080 - deregister  status: 200
2024-10-22T00:42:08.374+07:00  INFO 24064 --- [restartedMain] [gateway-service,,]com.netflix.discovery.DiscoveryClient    : Completed shut down of DiscoveryClient
2024-10-22T00:42:08.378+07:00  INFO 24064 --- [restartedMain] [gateway-service,,].s.b.a.l.ConditionEvaluationReportLogger : 

Error starting ApplicationContext. To display the condition evaluation report re-run your application with 'debug' enabled.
2024-10-22T00:42:08.388+07:00 ERROR 24064 --- [restartedMain] [gateway-service,,]o.s.boot.SpringApplication               : Application run failed

org.springframework.context.ApplicationContextException: Failed to start bean 'eurekaAutoServiceRegistration'
	at org.springframework.context.support.DefaultLifecycleProcessor.doStart(DefaultLifecycleProcessor.java:288) ~[spring-context-6.1.13.jar:6.1.13]
	at org.springframework.context.support.DefaultLifecycleProcessor$LifecycleGroup.start(DefaultLifecycleProcessor.java:472) ~[spring-context-6.1.13.jar:6.1.13]
	at java.base/java.lang.Iterable.forEach(Iterable.java:75) ~[na:na]
	at org.springframework.context.support.DefaultLifecycleProcessor.startBeans(DefaultLifecycleProcessor.java:257) ~[spring-context-6.1.13.jar:6.1.13]
	at org.springframework.context.support.DefaultLifecycleProcessor.onRefresh(DefaultLifecycleProcessor.java:202) ~[spring-context-6.1.13.jar:6.1.13]
	at org.springframework.context.support.AbstractApplicationContext.finishRefresh(AbstractApplicationContext.java:990) ~[spring-context-6.1.13.jar:6.1.13]
	at org.springframework.context.support.AbstractApplicationContext.refresh(AbstractApplicationContext.java:628) ~[spring-context-6.1.13.jar:6.1.13]
	at org.springframework.boot.web.reactive.context.ReactiveWebServerApplicationContext.refresh(ReactiveWebServerApplicationContext.java:66) ~[spring-boot-3.3.4.jar:3.3.4]
	at org.springframework.boot.SpringApplication.refresh(SpringApplication.java:754) ~[spring-boot-3.3.4.jar:3.3.4]
	at org.springframework.boot.SpringApplication.refreshContext(SpringApplication.java:456) ~[spring-boot-3.3.4.jar:3.3.4]
	at org.springframework.boot.SpringApplication.run(SpringApplication.java:335) ~[spring-boot-3.3.4.jar:3.3.4]
	at org.springframework.boot.SpringApplication.run(SpringApplication.java:1363) ~[spring-boot-3.3.4.jar:3.3.4]
	at org.springframework.boot.SpringApplication.run(SpringApplication.java:1352) ~[spring-boot-3.3.4.jar:3.3.4]
	at org.example.gatewayservice.GatewayserviceApplication.main(GatewayserviceApplication.java:12) ~[classes/:na]
	at java.base/jdk.internal.reflect.DirectMethodHandleAccessor.invoke(DirectMethodHandleAccessor.java:103) ~[na:na]
	at java.base/java.lang.reflect.Method.invoke(Method.java:580) ~[na:na]
	at org.springframework.boot.devtools.restart.RestartLauncher.run(RestartLauncher.java:50) ~[spring-boot-devtools-3.3.4.jar:3.3.4]
Caused by: java.lang.IllegalArgumentException: Unable to find GatewayFilterFactory with name Logging
	at org.springframework.cloud.gateway.route.RouteDefinitionRouteLocator.loadGatewayFilters(RouteDefinitionRouteLocator.java:145) ~[spring-cloud-gateway-server-4.1.5.jar:4.1.5]
	at org.springframework.cloud.gateway.route.RouteDefinitionRouteLocator.getFilters(RouteDefinitionRouteLocator.java:192) ~[spring-cloud-gateway-server-4.1.5.jar:4.1.5]
	at org.springframework.cloud.gateway.route.RouteDefinitionRouteLocator.convertToRoute(RouteDefinitionRouteLocator.java:132) ~[spring-cloud-gateway-server-4.1.5.jar:4.1.5]
	at reactor.core.publisher.FluxMap$MapSubscriber.onNext(FluxMap.java:106) ~[reactor-core-3.6.10.jar:3.6.10]
	at reactor.core.publisher.FluxFlatMap$FlatMapMain.tryEmitScalar(FluxFlatMap.java:492) ~[reactor-core-3.6.10.jar:3.6.10]
	at reactor.core.publisher.FluxFlatMap$FlatMapMain.onNext(FluxFlatMap.java:424) ~[reactor-core-3.6.10.jar:3.6.10]
	at reactor.core.publisher.FluxMergeSequential$MergeSequentialMain.drain(FluxMergeSequential.java:439) ~[reactor-core-3.6.10.jar:3.6.10]
	at reactor.core.publisher.FluxMergeSequential$MergeSequentialMain.innerComplete(FluxMergeSequential.java:335) ~[reactor-core-3.6.10.jar:3.6.10]
	at reactor.core.publisher.FluxMergeSequential$MergeSequentialInner.onSubscribe(FluxMergeSequential.java:559) ~[reactor-core-3.6.10.jar:3.6.10]
	at reactor.core.publisher.FluxIterable.subscribe(FluxIterable.java:201) ~[reactor-core-3.6.10.jar:3.6.10]
	at reactor.core.publisher.FluxIterable.subscribe(FluxIterable.java:83) ~[reactor-core-3.6.10.jar:3.6.10]
	at reactor.core.publisher.Flux.subscribe(Flux.java:8848) ~[reactor-core-3.6.10.jar:3.6.10]
	at reactor.core.publisher.FluxMergeSequential$MergeSequentialMain.onNext(FluxMergeSequential.java:237) ~[reactor-core-3.6.10.jar:3.6.10]
	at reactor.core.publisher.FluxIterable$IterableSubscription.slowPath(FluxIterable.java:335) ~[reactor-core-3.6.10.jar:3.6.10]
	at reactor.core.publisher.FluxIterable$IterableSubscription.request(FluxIterable.java:294) ~[reactor-core-3.6.10.jar:3.6.10]
	at reactor.core.publisher.FluxMergeSequential$MergeSequentialMain.onSubscribe(FluxMergeSequential.java:198) ~[reactor-core-3.6.10.jar:3.6.10]
	at reactor.core.publisher.FluxIterable.subscribe(FluxIterable.java:201) ~[reactor-core-3.6.10.jar:3.6.10]
	at reactor.core.publisher.FluxIterable.subscribe(FluxIterable.java:83) ~[reactor-core-3.6.10.jar:3.6.10]
	at reactor.core.publisher.Flux.subscribe(Flux.java:8848) ~[reactor-core-3.6.10.jar:3.6.10]
	at reactor.core.publisher.FluxMergeSequential$MergeSequentialMain.onNext(FluxMergeSequential.java:237) ~[reactor-core-3.6.10.jar:3.6.10]
	at reactor.core.publisher.FluxIterable$IterableSubscription.slowPath(FluxIterable.java:335) ~[reactor-core-3.6.10.jar:3.6.10]
	at reactor.core.publisher.FluxIterable$IterableSubscription.request(FluxIterable.java:294) ~[reactor-core-3.6.10.jar:3.6.10]
	at reactor.core.publisher.FluxMergeSequential$MergeSequentialMain.onSubscribe(FluxMergeSequential.java:198) ~[reactor-core-3.6.10.jar:3.6.10]
	at reactor.core.publisher.FluxIterable.subscribe(FluxIterable.java:201) ~[reactor-core-3.6.10.jar:3.6.10]
	at reactor.core.publisher.FluxIterable.subscribe(FluxIterable.java:83) ~[reactor-core-3.6.10.jar:3.6.10]
	at reactor.core.publisher.InternalFluxOperator.subscribe(InternalFluxOperator.java:68) ~[reactor-core-3.6.10.jar:3.6.10]
	at reactor.core.publisher.FluxDefer.subscribe(FluxDefer.java:54) ~[reactor-core-3.6.10.jar:3.6.10]
	at reactor.core.publisher.Flux.subscribe(Flux.java:8848) ~[reactor-core-3.6.10.jar:3.6.10]
	at reactor.core.publisher.Flux.blockLast(Flux.java:2816) ~[reactor-core-3.6.10.jar:3.6.10]
	at org.springframework.cloud.gateway.filter.WeightCalculatorWebFilter.lambda$onApplicationEvent$3(WeightCalculatorWebFilter.java:156) ~[spring-cloud-gateway-server-4.1.5.jar:4.1.5]
	at org.springframework.beans.factory.support.DefaultListableBeanFactory$DependencyObjectProvider.ifAvailable(DefaultListableBeanFactory.java:2126) ~[spring-beans-6.1.13.jar:6.1.13]
	at org.springframework.cloud.gateway.filter.WeightCalculatorWebFilter.onApplicationEvent(WeightCalculatorWebFilter.java:156) ~[spring-cloud-gateway-server-4.1.5.jar:4.1.5]
	at org.springframework.context.event.SimpleApplicationEventMulticaster.doInvokeListener(SimpleApplicationEventMulticaster.java:185) ~[spring-context-6.1.13.jar:6.1.13]
	at org.springframework.context.event.SimpleApplicationEventMulticaster.invokeListener(SimpleApplicationEventMulticaster.java:178) ~[spring-context-6.1.13.jar:6.1.13]
	at org.springframework.context.event.SimpleApplicationEventMulticaster.multicastEvent(SimpleApplicationEventMulticaster.java:156) ~[spring-context-6.1.13.jar:6.1.13]
	at org.springframework.context.support.AbstractApplicationContext.publishEvent(AbstractApplicationContext.java:452) ~[spring-context-6.1.13.jar:6.1.13]
	at org.springframework.context.support.AbstractApplicationContext.publishEvent(AbstractApplicationContext.java:385) ~[spring-context-6.1.13.jar:6.1.13]
	at org.springframework.cloud.gateway.route.RouteRefreshListener.reset(RouteRefreshListener.java:73) ~[spring-cloud-gateway-server-4.1.5.jar:4.1.5]
	at org.springframework.cloud.gateway.route.RouteRefreshListener.onApplicationEvent(RouteRefreshListener.java:54) ~[spring-cloud-gateway-server-4.1.5.jar:4.1.5]
	at org.springframework.context.event.SimpleApplicationEventMulticaster.doInvokeListener(SimpleApplicationEventMulticaster.java:185) ~[spring-context-6.1.13.jar:6.1.13]
	at org.springframework.context.event.SimpleApplicationEventMulticaster.invokeListener(SimpleApplicationEventMulticaster.java:178) ~[spring-context-6.1.13.jar:6.1.13]
	at org.springframework.context.event.SimpleApplicationEventMulticaster.multicastEvent(SimpleApplicationEventMulticaster.java:156) ~[spring-context-6.1.13.jar:6.1.13]
	at org.springframework.context.support.AbstractApplicationContext.publishEvent(AbstractApplicationContext.java:452) ~[spring-context-6.1.13.jar:6.1.13]
	at org.springframework.context.support.AbstractApplicationContext.publishEvent(AbstractApplicationContext.java:385) ~[spring-context-6.1.13.jar:6.1.13]
	at org.springframework.cloud.netflix.eureka.serviceregistry.EurekaAutoServiceRegistration.start(EurekaAutoServiceRegistration.java:91) ~[spring-cloud-netflix-eureka-client-4.1.3.jar:4.1.3]
	at org.springframework.context.support.DefaultLifecycleProcessor.doStart(DefaultLifecycleProcessor.java:285) ~[spring-context-6.1.13.jar:6.1.13]
	... 16 common frames omitted
	Suppressed: java.lang.Exception: #block terminated with an error
		at reactor.core.publisher.BlockingSingleSubscriber.blockingGet(BlockingSingleSubscriber.java:104) ~[reactor-core-3.6.10.jar:3.6.10]
		at reactor.core.publisher.Flux.blockLast(Flux.java:2817) ~[reactor-core-3.6.10.jar:3.6.10]
		... 33 common frames omitted

2024-10-22T00:42:08.899+07:00  WARN 24496 --- [http-nio-9999-exec-1] [discovery-service,,]c.n.e.registry.AbstractInstanceRegistry  : DS: Registry: cancel failed because Lease is not registered for: GATEWAY-SERVICE/DESKTOP-GDQ5MDP:gateway-service:8080
2024-10-22T00:42:08.899+07:00  INFO 24496 --- [http-nio-9999-exec-1] [discovery-service,,]c.n.eureka.resources.InstanceResource    : Not Found (Cancel): GATEWAY-SERVICE - DESKTOP-GDQ5MDP:gateway-service:8080
2024-10-22T00:42:08.900+07:00  WARN 24496 --- [TaskBatchingWorker-target_localhost-18] [discovery-service,,]c.n.eureka.cluster.ReplicationTask       : The replication of task GATEWAY-SERVICE/DESKTOP-GDQ5MDP:gateway-service:8080:Cancel@localhost failed with response code 404
2024-10-22T00:42:08.900+07:00  WARN 24496 --- [TaskBatchingWorker-target_localhost-18] [discovery-service,,]c.netflix.eureka.cluster.PeerEurekaNode  : GATEWAY-SERVICE/DESKTOP-GDQ5MDP:gateway-service:8080:Cancel@localhost: missing entry.
2024-10-22T00:42:47.226+07:00  INFO 26724 --- [restartedMain] [gateway-service,,]o.e.g.GatewayserviceApplication          : Starting GatewayserviceApplication using Java 21.0.4 with PID 26724 (C:\Users\Admin\OneDrive\Desktop\SpringCloud0\gatewayservice\target\classes started by Admin in C:\Users\Admin\OneDrive\Desktop\SpringCloud0)
2024-10-22T00:42:47.227+07:00  INFO 26724 --- [restartedMain] [gateway-service,,]o.e.g.GatewayserviceApplication          : No active profile set, falling back to 1 default profile: "default"
2024-10-22T00:42:47.254+07:00  INFO 26724 --- [restartedMain] [gateway-service,,]o.s.c.c.c.ConfigServerConfigDataLoader   : Fetching config from server at : http://localhost:8888
2024-10-22T00:42:47.254+07:00  INFO 26724 --- [restartedMain] [gateway-service,,]o.s.c.c.c.ConfigServerConfigDataLoader   : Located environment: name=gateway-service, profiles=[default], label=null, version=null, state=null
2024-10-22T00:42:47.256+07:00  INFO 26724 --- [restartedMain] [gateway-service,,].e.DevToolsPropertyDefaultsPostProcessor : Devtools property defaults active! Set 'spring.devtools.add-properties' to 'false' to disable
2024-10-22T00:42:47.256+07:00  INFO 26724 --- [restartedMain] [gateway-service,,].e.DevToolsPropertyDefaultsPostProcessor : For additional web related logging consider setting the 'logging.level.web' property to 'DEBUG'
2024-10-22T00:42:47.701+07:00  INFO 26724 --- [restartedMain] [gateway-service,,]o.s.cloud.context.scope.GenericScope     : BeanFactory id=e8221dc2-1b42-3c36-b2ad-153e91cb06d4
2024-10-22T00:42:47.738+07:00  WARN 26724 --- [restartedMain] [gateway-service,,]trationDelegate$BeanPostProcessorChecker : Bean 'org.springframework.cloud.client.loadbalancer.LoadBalancerAutoConfiguration$DeferringLoadBalancerInterceptorConfig' of type [org.springframework.cloud.client.loadbalancer.LoadBalancerAutoConfiguration$DeferringLoadBalancerInterceptorConfig] is not eligible for getting processed by all BeanPostProcessors (for example: not eligible for auto-proxying). The currently created BeanPostProcessor [lbRestClientPostProcessor] is declared through a non-static factory method on that class; consider declaring it as static instead.
2024-10-22T00:42:47.739+07:00  WARN 26724 --- [restartedMain] [gateway-service,,]trationDelegate$BeanPostProcessorChecker : Bean 'deferringLoadBalancerInterceptor' of type [org.springframework.cloud.client.loadbalancer.DeferringLoadBalancerInterceptor] is not eligible for getting processed by all BeanPostProcessors (for example: not eligible for auto-proxying). Is this bean getting eagerly injected into a currently created BeanPostProcessor [lbRestClientPostProcessor]? Check the corresponding BeanPostProcessor declaration and its dependencies.
2024-10-22T00:42:47.740+07:00  WARN 26724 --- [restartedMain] [gateway-service,,]trationDelegate$BeanPostProcessorChecker : Bean 'org.springframework.cloud.client.loadbalancer.reactive.LoadBalancerBeanPostProcessorAutoConfiguration' of type [org.springframework.cloud.client.loadbalancer.reactive.LoadBalancerBeanPostProcessorAutoConfiguration] is not eligible for getting processed by all BeanPostProcessors (for example: not eligible for auto-proxying). The currently created BeanPostProcessor [loadBalancerWebClientBuilderBeanPostProcessor] is declared through a non-static factory method on that class; consider declaring it as static instead.
2024-10-22T00:42:47.741+07:00  WARN 26724 --- [restartedMain] [gateway-service,,]trationDelegate$BeanPostProcessorChecker : Bean 'org.springframework.cloud.client.loadbalancer.reactive.LoadBalancerBeanPostProcessorAutoConfiguration$ReactorDeferringLoadBalancerFilterConfig' of type [org.springframework.cloud.client.loadbalancer.reactive.LoadBalancerBeanPostProcessorAutoConfiguration$ReactorDeferringLoadBalancerFilterConfig] is not eligible for getting processed by all BeanPostProcessors (for example: not eligible for auto-proxying). Is this bean getting eagerly injected into a currently created BeanPostProcessor [loadBalancerWebClientBuilderBeanPostProcessor]? Check the corresponding BeanPostProcessor declaration and its dependencies.
2024-10-22T00:42:47.741+07:00  WARN 26724 --- [restartedMain] [gateway-service,,]trationDelegate$BeanPostProcessorChecker : Bean 'reactorDeferringLoadBalancerExchangeFilterFunction' of type [org.springframework.cloud.client.loadbalancer.reactive.DeferringLoadBalancerExchangeFilterFunction] is not eligible for getting processed by all BeanPostProcessors (for example: not eligible for auto-proxying). Is this bean getting eagerly injected into a currently created BeanPostProcessor [loadBalancerWebClientBuilderBeanPostProcessor]? Check the corresponding BeanPostProcessor declaration and its dependencies.
2024-10-22T00:42:48.167+07:00  INFO 26724 --- [restartedMain] [gateway-service,,]o.s.c.g.r.RouteDefinitionRouteLocator    : Loaded RoutePredicateFactory [After]
2024-10-22T00:42:48.167+07:00  INFO 26724 --- [restartedMain] [gateway-service,,]o.s.c.g.r.RouteDefinitionRouteLocator    : Loaded RoutePredicateFactory [Before]
2024-10-22T00:42:48.167+07:00  INFO 26724 --- [restartedMain] [gateway-service,,]o.s.c.g.r.RouteDefinitionRouteLocator    : Loaded RoutePredicateFactory [Between]
2024-10-22T00:42:48.167+07:00  INFO 26724 --- [restartedMain] [gateway-service,,]o.s.c.g.r.RouteDefinitionRouteLocator    : Loaded RoutePredicateFactory [Cookie]
2024-10-22T00:42:48.167+07:00  INFO 26724 --- [restartedMain] [gateway-service,,]o.s.c.g.r.RouteDefinitionRouteLocator    : Loaded RoutePredicateFactory [Header]
2024-10-22T00:42:48.167+07:00  INFO 26724 --- [restartedMain] [gateway-service,,]o.s.c.g.r.RouteDefinitionRouteLocator    : Loaded RoutePredicateFactory [Host]
2024-10-22T00:42:48.167+07:00  INFO 26724 --- [restartedMain] [gateway-service,,]o.s.c.g.r.RouteDefinitionRouteLocator    : Loaded RoutePredicateFactory [Method]
2024-10-22T00:42:48.167+07:00  INFO 26724 --- [restartedMain] [gateway-service,,]o.s.c.g.r.RouteDefinitionRouteLocator    : Loaded RoutePredicateFactory [Path]
2024-10-22T00:42:48.168+07:00  INFO 26724 --- [restartedMain] [gateway-service,,]o.s.c.g.r.RouteDefinitionRouteLocator    : Loaded RoutePredicateFactory [Query]
2024-10-22T00:42:48.168+07:00  INFO 26724 --- [restartedMain] [gateway-service,,]o.s.c.g.r.RouteDefinitionRouteLocator    : Loaded RoutePredicateFactory [ReadBody]
2024-10-22T00:42:48.168+07:00  INFO 26724 --- [restartedMain] [gateway-service,,]o.s.c.g.r.RouteDefinitionRouteLocator    : Loaded RoutePredicateFactory [RemoteAddr]
2024-10-22T00:42:48.168+07:00  INFO 26724 --- [restartedMain] [gateway-service,,]o.s.c.g.r.RouteDefinitionRouteLocator    : Loaded RoutePredicateFactory [XForwardedRemoteAddr]
2024-10-22T00:42:48.168+07:00  INFO 26724 --- [restartedMain] [gateway-service,,]o.s.c.g.r.RouteDefinitionRouteLocator    : Loaded RoutePredicateFactory [Weight]
2024-10-22T00:42:48.168+07:00  INFO 26724 --- [restartedMain] [gateway-service,,]o.s.c.g.r.RouteDefinitionRouteLocator    : Loaded RoutePredicateFactory [CloudFoundryRouteService]
2024-10-22T00:42:48.294+07:00  WARN 26724 --- [restartedMain] [gateway-service,,]o.s.b.d.a.OptionalLiveReloadServer       : Unable to start LiveReload server
2024-10-22T00:42:48.311+07:00  INFO 26724 --- [restartedMain] [gateway-service,,]DiscoveryClientOptionalArgsConfiguration : Eureka HTTP Client uses RestTemplate.
2024-10-22T00:42:48.333+07:00  WARN 26724 --- [restartedMain] [gateway-service,,]iguration$LoadBalancerCaffeineWarnLogger : Spring Cloud LoadBalancer is currently working with the default cache. While this cache implementation is useful for development and tests, it's recommended to use Caffeine cache in production.You can switch to using Caffeine cache, by adding it and org.springframework.cache.caffeine.CaffeineCacheManager to the classpath.
2024-10-22T00:42:48.370+07:00  INFO 26724 --- [restartedMain] [gateway-service,,]o.s.c.n.eureka.InstanceInfoFactory       : Setting initial instance status as: STARTING
2024-10-22T00:42:48.381+07:00  INFO 26724 --- [restartedMain] [gateway-service,,]com.netflix.discovery.DiscoveryClient    : Initializing Eureka in region us-east-1
2024-10-22T00:42:48.384+07:00  INFO 26724 --- [restartedMain] [gateway-service,,]c.n.d.s.r.aws.ConfigClusterResolver      : Resolving eureka endpoints via configuration
2024-10-22T00:42:48.390+07:00  INFO 26724 --- [restartedMain] [gateway-service,,]com.netflix.discovery.DiscoveryClient    : Disable delta property : false
2024-10-22T00:42:48.390+07:00  INFO 26724 --- [restartedMain] [gateway-service,,]com.netflix.discovery.DiscoveryClient    : Single vip registry refresh property : null
2024-10-22T00:42:48.390+07:00  INFO 26724 --- [restartedMain] [gateway-service,,]com.netflix.discovery.DiscoveryClient    : Force full registry fetch : false
2024-10-22T00:42:48.390+07:00  INFO 26724 --- [restartedMain] [gateway-service,,]com.netflix.discovery.DiscoveryClient    : Application is null : false
2024-10-22T00:42:48.390+07:00  INFO 26724 --- [restartedMain] [gateway-service,,]com.netflix.discovery.DiscoveryClient    : Registered Applications size is zero : true
2024-10-22T00:42:48.390+07:00  INFO 26724 --- [restartedMain] [gateway-service,,]com.netflix.discovery.DiscoveryClient    : Application version is -1: true
2024-10-22T00:42:48.390+07:00  INFO 26724 --- [restartedMain] [gateway-service,,]com.netflix.discovery.DiscoveryClient    : Getting all instance registry info from the eureka server
2024-10-22T00:42:48.543+07:00  INFO 26724 --- [restartedMain] [gateway-service,,]com.netflix.discovery.DiscoveryClient    : The response status is 200
2024-10-22T00:42:48.544+07:00  INFO 26724 --- [restartedMain] [gateway-service,,]com.netflix.discovery.DiscoveryClient    : Starting heartbeat executor: renew interval is: 30
2024-10-22T00:42:48.545+07:00  INFO 26724 --- [restartedMain] [gateway-service,,]c.n.discovery.InstanceInfoReplicator     : InstanceInfoReplicator onDemand update allowed rate per min is 4
2024-10-22T00:42:48.545+07:00  INFO 26724 --- [restartedMain] [gateway-service,,]com.netflix.discovery.DiscoveryClient    : Discovery Client initialized at timestamp 1729532568545 with initial instances count: 2
2024-10-22T00:42:48.547+07:00  INFO 26724 --- [restartedMain] [gateway-service,,]o.s.c.n.e.s.EurekaServiceRegistry        : Registering application GATEWAY-SERVICE with eureka with status UP
2024-10-22T00:42:48.547+07:00  INFO 26724 --- [restartedMain] [gateway-service,,]com.netflix.discovery.DiscoveryClient    : Saw local status change event StatusChangeEvent [timestamp=1729532568547, current=UP, previous=STARTING]
2024-10-22T00:42:48.548+07:00  INFO 26724 --- [DiscoveryClient-InstanceInfoReplicator-%d] [gateway-service,,]com.netflix.discovery.DiscoveryClient    : DiscoveryClient_GATEWAY-SERVICE/DESKTOP-GDQ5MDP:gateway-service:8080: registering service...
2024-10-22T00:42:48.570+07:00  INFO 24496 --- [http-nio-9999-exec-5] [discovery-service,,]c.n.e.registry.AbstractInstanceRegistry  : Registered instance GATEWAY-SERVICE/DESKTOP-GDQ5MDP:gateway-service:8080 with status UP (replication=false)
2024-10-22T00:42:48.570+07:00  INFO 26724 --- [DiscoveryClient-InstanceInfoReplicator-%d] [gateway-service,,]com.netflix.discovery.DiscoveryClient    : DiscoveryClient_GATEWAY-SERVICE/DESKTOP-GDQ5MDP:gateway-service:8080 - registration status: 204
2024-10-22T00:42:48.647+07:00  INFO 26724 --- [restartedMain] [gateway-service,,]o.s.b.web.embedded.netty.NettyWebServer  : Netty started on port 8080 (http)
2024-10-22T00:42:48.648+07:00  INFO 26724 --- [restartedMain] [gateway-service,,].s.c.n.e.s.EurekaAutoServiceRegistration : Updating port to 8080
2024-10-22T00:42:48.659+07:00  INFO 26724 --- [restartedMain] [gateway-service,,]o.e.g.GatewayserviceApplication          : Started GatewayserviceApplication in 1.964 seconds (process running for 2.361)
2024-10-22T00:42:49.077+07:00  INFO 24496 --- [http-nio-9999-exec-2] [discovery-service,,]c.n.e.registry.AbstractInstanceRegistry  : Registered instance GATEWAY-SERVICE/DESKTOP-GDQ5MDP:gateway-service:8080 with status UP (replication=true)
2024-10-22T00:43:01.625+07:00  INFO 24496 --- [Eureka-EvictionTimer] [discovery-service,,]c.n.e.registry.AbstractInstanceRegistry  : Running the evict task with compensationTime 8ms
2024-10-22T00:43:01.677+07:00  INFO 26724 --- [SpringApplicationShutdownHook] [gateway-service,,]o.s.c.n.e.s.EurekaServiceRegistry        : Unregistering application GATEWAY-SERVICE with eureka with status DOWN
2024-10-22T00:43:01.677+07:00  INFO 26724 --- [SpringApplicationShutdownHook] [gateway-service,,]com.netflix.discovery.DiscoveryClient    : Saw local status change event StatusChangeEvent [timestamp=1729532581677, current=DOWN, previous=UP]
2024-10-22T00:43:01.677+07:00  INFO 26724 --- [DiscoveryClient-InstanceInfoReplicator-%d] [gateway-service,,]com.netflix.discovery.DiscoveryClient    : DiscoveryClient_GATEWAY-SERVICE/DESKTOP-GDQ5MDP:gateway-service:8080: registering service...
2024-10-22T00:43:01.688+07:00  INFO 24496 --- [http-nio-9999-exec-7] [discovery-service,,]c.n.e.registry.AbstractInstanceRegistry  : Registered instance GATEWAY-SERVICE/DESKTOP-GDQ5MDP:gateway-service:8080 with status DOWN (replication=false)
2024-10-22T00:43:01.688+07:00  INFO 26724 --- [SpringApplicationShutdownHook] [gateway-service,,]com.netflix.discovery.DiscoveryClient    : Shutting down DiscoveryClient ...
2024-10-22T00:43:01.689+07:00  INFO 26724 --- [DiscoveryClient-InstanceInfoReplicator-%d] [gateway-service,,]com.netflix.discovery.DiscoveryClient    : DiscoveryClient_GATEWAY-SERVICE/DESKTOP-GDQ5MDP:gateway-service:8080 - registration status: 204
2024-10-22T00:43:01.690+07:00  INFO 26724 --- [SpringApplicationShutdownHook] [gateway-service,,]com.netflix.discovery.DiscoveryClient    : Unregistering ...
2024-10-22T00:43:01.692+07:00  INFO 24496 --- [http-nio-9999-exec-10] [discovery-service,,]c.n.e.registry.AbstractInstanceRegistry  : Cancelled instance GATEWAY-SERVICE/DESKTOP-GDQ5MDP:gateway-service:8080 (replication=false)
2024-10-22T00:43:01.693+07:00  INFO 26724 --- [SpringApplicationShutdownHook] [gateway-service,,]com.netflix.discovery.DiscoveryClient    : DiscoveryClient_GATEWAY-SERVICE/DESKTOP-GDQ5MDP:gateway-service:8080 - deregister  status: 200
2024-10-22T00:43:01.693+07:00  INFO 26724 --- [SpringApplicationShutdownHook] [gateway-service,,]com.netflix.discovery.DiscoveryClient    : Completed shut down of DiscoveryClient
2024-10-22T00:43:02.198+07:00  INFO 24496 --- [http-nio-9999-exec-1] [discovery-service,,]c.n.e.registry.AbstractInstanceRegistry  : Registered instance GATEWAY-SERVICE/DESKTOP-GDQ5MDP:gateway-service:8080 with status DOWN (replication=true)
2024-10-22T00:43:02.198+07:00  INFO 24496 --- [http-nio-9999-exec-1] [discovery-service,,]c.n.e.registry.AbstractInstanceRegistry  : Cancelled instance GATEWAY-SERVICE/DESKTOP-GDQ5MDP:gateway-service:8080 (replication=true)
2024-10-22T00:43:03.132+07:00  INFO 24496 --- [SpringApplicationShutdownHook] [discovery-service,,]o.s.c.n.e.s.EurekaServiceRegistry        : Unregistering application DISCOVERY-SERVICE with eureka with status DOWN
2024-10-22T00:43:03.139+07:00  INFO 24496 --- [SpringApplicationShutdownHook] [discovery-service,,]o.s.c.n.e.server.EurekaServerBootstrap   : Shutting down Eureka Server..
2024-10-22T00:43:03.139+07:00  INFO 24496 --- [SpringApplicationShutdownHook] [discovery-service,,]c.n.eureka.DefaultEurekaServerContext    : Shutting down ...
2024-10-22T00:43:03.141+07:00  INFO 24496 --- [SpringApplicationShutdownHook] [discovery-service,,]c.n.eureka.DefaultEurekaServerContext    : Shut down
2024-10-22T00:43:03.141+07:00  INFO 24496 --- [SpringApplicationShutdownHook] [discovery-service,,]o.s.c.n.e.server.EurekaServerBootstrap   : Eureka Service is now shutdown...
2024-10-22T00:43:03.142+07:00  INFO 24496 --- [SpringApplicationShutdownHook] [discovery-service,,]c.n.eureka.DefaultEurekaServerContext    : Shutting down ...
2024-10-22T00:43:03.142+07:00  INFO 24496 --- [SpringApplicationShutdownHook] [discovery-service,,]c.n.eureka.DefaultEurekaServerContext    : Shut down
2024-10-22T00:43:03.145+07:00  INFO 24496 --- [SpringApplicationShutdownHook] [discovery-service,,]com.netflix.discovery.DiscoveryClient    : Shutting down DiscoveryClient ...
2024-10-22T00:43:03.145+07:00  INFO 24496 --- [SpringApplicationShutdownHook] [discovery-service,,]com.netflix.discovery.DiscoveryClient    : Completed shut down of DiscoveryClient
2024-10-22T00:43:06.157+07:00  INFO 18396 --- [SpringApplicationShutdownHook] [account-service,,]o.s.c.n.e.s.EurekaServiceRegistry        : Unregistering application ACCOUNT-SERVICE with eureka with status DOWN
2024-10-22T00:43:06.158+07:00  INFO 18396 --- [SpringApplicationShutdownHook] [account-service,,]com.netflix.discovery.DiscoveryClient    : Saw local status change event StatusChangeEvent [timestamp=1729532586158, current=DOWN, previous=UP]
2024-10-22T00:43:06.158+07:00  INFO 18396 --- [DiscoveryClient-InstanceInfoReplicator-0] [account-service,,]com.netflix.discovery.DiscoveryClient    : DiscoveryClient_ACCOUNT-SERVICE/DESKTOP-GDQ5MDP:account-service:9080: registering service...
2024-10-22T00:43:06.169+07:00  INFO 18396 --- [SpringApplicationShutdownHook] [account-service,,]j.LocalContainerEntityManagerFactoryBean : Closing JPA EntityManagerFactory for persistence unit 'default'
2024-10-22T00:43:06.172+07:00  INFO 18396 --- [SpringApplicationShutdownHook] [account-service,,]com.zaxxer.hikari.HikariDataSource       : HikariPool-1 - Shutdown initiated...
2024-10-22T00:43:06.175+07:00  INFO 18396 --- [SpringApplicationShutdownHook] [account-service,,]com.zaxxer.hikari.HikariDataSource       : HikariPool-1 - Shutdown completed.
2024-10-22T00:43:06.175+07:00  INFO 18396 --- [SpringApplicationShutdownHook] [account-service,,]com.netflix.discovery.DiscoveryClient    : Shutting down DiscoveryClient ...
2024-10-22T00:43:06.179+07:00  INFO 18396 --- [DiscoveryClient-InstanceInfoReplicator-0] [account-service,,]c.n.d.s.t.d.RedirectingEurekaHttpClient  : Request execution error. endpoint=DefaultEndpoint{ serviceUrl='http://localhost:9999/eureka/} exception=I/O error on POST request for "http://localhost:9999/eureka/apps/ACCOUNT-SERVICE": Connect to http://localhost:9999 [localhost/127.0.0.1, localhost/0:0:0:0:0:0:0:1] failed: Connection refused: getsockopt stacktrace=org.springframework.web.client.ResourceAccessException: I/O error on POST request for "http://localhost:9999/eureka/apps/ACCOUNT-SERVICE": Connect to http://localhost:9999 [localhost/127.0.0.1, localhost/0:0:0:0:0:0:0:1] failed: Connection refused: getsockopt
	at org.springframework.web.client.RestTemplate.createResourceAccessException(RestTemplate.java:915)
	at org.springframework.web.client.RestTemplate.doExecute(RestTemplate.java:895)
	at org.springframework.web.client.RestTemplate.execute(RestTemplate.java:790)
	at org.springframework.web.client.RestTemplate.exchange(RestTemplate.java:672)
	at org.springframework.cloud.netflix.eureka.http.RestTemplateEurekaHttpClient.register(RestTemplateEurekaHttpClient.java:77)
	at com.netflix.discovery.shared.transport.decorator.EurekaHttpClientDecorator$1.execute(EurekaHttpClientDecorator.java:59)
	at com.netflix.discovery.shared.transport.decorator.RedirectingEurekaHttpClient.execute(RedirectingEurekaHttpClient.java:91)
	at com.netflix.discovery.shared.transport.decorator.EurekaHttpClientDecorator.register(EurekaHttpClientDecorator.java:56)
	at com.netflix.discovery.shared.transport.decorator.EurekaHttpClientDecorator$1.execute(EurekaHttpClientDecorator.java:59)
	at com.netflix.discovery.shared.transport.decorator.RetryableEurekaHttpClient.execute(RetryableEurekaHttpClient.java:120)
	at com.netflix.discovery.shared.transport.decorator.EurekaHttpClientDecorator.register(EurekaHttpClientDecorator.java:56)
	at com.netflix.discovery.shared.transport.decorator.EurekaHttpClientDecorator$1.execute(EurekaHttpClientDecorator.java:59)
	at com.netflix.discovery.shared.transport.decorator.SessionedEurekaHttpClient.execute(SessionedEurekaHttpClient.java:77)
	at com.netflix.discovery.shared.transport.decorator.EurekaHttpClientDecorator.register(EurekaHttpClientDecorator.java:56)
	at com.netflix.discovery.DiscoveryClient.register(DiscoveryClient.java:820)
	at com.netflix.discovery.InstanceInfoReplicator.run(InstanceInfoReplicator.java:121)
	at com.netflix.discovery.InstanceInfoReplicator$1.run(InstanceInfoReplicator.java:101)
	at java.base/java.util.concurrent.Executors$RunnableAdapter.call(Executors.java:572)
	at java.base/java.util.concurrent.FutureTask.run(FutureTask.java:317)
	at java.base/java.util.concurrent.ScheduledThreadPoolExecutor$ScheduledFutureTask.run(ScheduledThreadPoolExecutor.java:304)
	at java.base/java.util.concurrent.ThreadPoolExecutor.runWorker(ThreadPoolExecutor.java:1144)
	at java.base/java.util.concurrent.ThreadPoolExecutor$Worker.run(ThreadPoolExecutor.java:642)
	at java.base/java.lang.Thread.run(Thread.java:1583)
Caused by: org.apache.hc.client5.http.HttpHostConnectException: Connect to http://localhost:9999 [localhost/127.0.0.1, localhost/0:0:0:0:0:0:0:1] failed: Connection refused: getsockopt
	at java.base/sun.nio.ch.Net.pollConnect(Native Method)
	at java.base/sun.nio.ch.Net.pollConnectNow(Net.java:682)
	at java.base/sun.nio.ch.NioSocketImpl.timedFinishConnect(NioSocketImpl.java:542)
	at java.base/sun.nio.ch.NioSocketImpl.connect(NioSocketImpl.java:592)
	at java.base/java.net.SocksSocketImpl.connect(SocksSocketImpl.java:327)
	at java.base/java.net.Socket.connect(Socket.java:751)
	at org.apache.hc.client5.http.socket.PlainConnectionSocketFactory.lambda$connectSocket$0(PlainConnectionSocketFactory.java:91)
	at java.base/java.security.AccessController.doPrivileged(AccessController.java:571)
	at org.apache.hc.client5.http.socket.PlainConnectionSocketFactory.connectSocket(PlainConnectionSocketFactory.java:90)
	at org.apache.hc.client5.http.socket.ConnectionSocketFactory.connectSocket(ConnectionSocketFactory.java:123)
	at org.apache.hc.client5.http.impl.io.DefaultHttpClientConnectionOperator.connect(DefaultHttpClientConnectionOperator.java:189)
	at org.apache.hc.client5.http.impl.io.PoolingHttpClientConnectionManager.connect(PoolingHttpClientConnectionManager.java:450)
	at org.apache.hc.client5.http.impl.classic.InternalExecRuntime.connectEndpoint(InternalExecRuntime.java:162)
	at org.apache.hc.client5.http.impl.classic.InternalExecRuntime.connectEndpoint(InternalExecRuntime.java:172)
	at org.apache.hc.client5.http.impl.classic.ConnectExec.execute(ConnectExec.java:142)
	at org.apache.hc.client5.http.impl.classic.ExecChainElement.execute(ExecChainElement.java:51)
	at org.apache.hc.client5.http.impl.classic.ProtocolExec.execute(ProtocolExec.java:192)
	at org.apache.hc.client5.http.impl.classic.ExecChainElement.execute(ExecChainElement.java:51)
	at org.apache.hc.client5.http.impl.classic.HttpRequestRetryExec.execute(HttpRequestRetryExec.java:113)
	at org.apache.hc.client5.http.impl.classic.ExecChainElement.execute(ExecChainElement.java:51)
	at org.apache.hc.client5.http.impl.classic.ContentCompressionExec.execute(ContentCompressionExec.java:152)
	at org.apache.hc.client5.http.impl.classic.ExecChainElement.execute(ExecChainElement.java:51)
	at org.apache.hc.client5.http.impl.classic.RedirectExec.execute(RedirectExec.java:116)
	at org.apache.hc.client5.http.impl.classic.ExecChainElement.execute(ExecChainElement.java:51)
	at org.apache.hc.client5.http.impl.classic.InternalHttpClient.doExecute(InternalHttpClient.java:170)
	at org.apache.hc.client5.http.impl.classic.CloseableHttpClient.execute(CloseableHttpClient.java:87)
	at org.apache.hc.client5.http.impl.classic.CloseableHttpClient.execute(CloseableHttpClient.java:55)
	at org.apache.hc.client5.http.classic.HttpClient.executeOpen(HttpClient.java:183)
	at org.springframework.http.client.HttpComponentsClientHttpRequest.executeInternal(HttpComponentsClientHttpRequest.java:99)
	at org.springframework.http.client.AbstractStreamingClientHttpRequest.executeInternal(AbstractStreamingClientHttpRequest.java:70)
	at org.springframework.http.client.AbstractClientHttpRequest.execute(AbstractClientHttpRequest.java:66)
	at org.springframework.http.client.InterceptingClientHttpRequest$InterceptingRequestExecution.execute(InterceptingClientHttpRequest.java:112)
	at org.springframework.cloud.netflix.eureka.http.RestTemplateTransportClientFactory.lambda$restTemplate$3(RestTemplateTransportClientFactory.java:170)
	at org.springframework.http.client.InterceptingClientHttpRequest$InterceptingRequestExecution.execute(InterceptingClientHttpRequest.java:88)
	at org.springframework.http.client.InterceptingClientHttpRequest.executeInternal(InterceptingClientHttpRequest.java:72)
	at org.springframework.http.client.AbstractBufferingClientHttpRequest.executeInternal(AbstractBufferingClientHttpRequest.java:48)
	at org.springframework.http.client.AbstractClientHttpRequest.execute(AbstractClientHttpRequest.java:66)
	at org.springframework.web.client.RestTemplate.doExecute(RestTemplate.java:889)
	... 21 more

2024-10-22T00:43:06.179+07:00  WARN 18396 --- [DiscoveryClient-InstanceInfoReplicator-0] [account-service,,]c.n.d.s.t.d.RetryableEurekaHttpClient    : Request execution failed with message: I/O error on POST request for "http://localhost:9999/eureka/apps/ACCOUNT-SERVICE": Connect to http://localhost:9999 [localhost/127.0.0.1, localhost/0:0:0:0:0:0:0:1] failed: Connection refused: getsockopt
2024-10-22T00:43:06.241+07:00  INFO 18396 --- [DiscoveryClient-InstanceInfoReplicator-0] [account-service,,]c.n.d.s.t.d.RedirectingEurekaHttpClient  : Request execution error. endpoint=DefaultEndpoint{ serviceUrl='http://localhost:9999/eureka/}, exception=I/O error on POST request for "http://localhost:9999/eureka/apps/ACCOUNT-SERVICE": Connect to http://localhost:9999 [localhost/127.0.0.1, localhost/0:0:0:0:0:0:0:1] failed: Connection refused: getsockopt stacktrace=org.springframework.web.client.ResourceAccessException: I/O error on POST request for "http://localhost:9999/eureka/apps/ACCOUNT-SERVICE": Connect to http://localhost:9999 [localhost/127.0.0.1, localhost/0:0:0:0:0:0:0:1] failed: Connection refused: getsockopt
	at org.springframework.web.client.RestTemplate.createResourceAccessException(RestTemplate.java:915)
	at org.springframework.web.client.RestTemplate.doExecute(RestTemplate.java:895)
	at org.springframework.web.client.RestTemplate.execute(RestTemplate.java:790)
	at org.springframework.web.client.RestTemplate.exchange(RestTemplate.java:672)
	at org.springframework.cloud.netflix.eureka.http.RestTemplateEurekaHttpClient.register(RestTemplateEurekaHttpClient.java:77)
	at com.netflix.discovery.shared.transport.decorator.EurekaHttpClientDecorator$1.execute(EurekaHttpClientDecorator.java:59)
	at com.netflix.discovery.shared.transport.decorator.RedirectingEurekaHttpClient.executeOnNewServer(RedirectingEurekaHttpClient.java:121)
	at com.netflix.discovery.shared.transport.decorator.RedirectingEurekaHttpClient.execute(RedirectingEurekaHttpClient.java:80)
	at com.netflix.discovery.shared.transport.decorator.EurekaHttpClientDecorator.register(EurekaHttpClientDecorator.java:56)
	at com.netflix.discovery.shared.transport.decorator.EurekaHttpClientDecorator$1.execute(EurekaHttpClientDecorator.java:59)
	at com.netflix.discovery.shared.transport.decorator.RetryableEurekaHttpClient.execute(RetryableEurekaHttpClient.java:120)
	at com.netflix.discovery.shared.transport.decorator.EurekaHttpClientDecorator.register(EurekaHttpClientDecorator.java:56)
	at com.netflix.discovery.shared.transport.decorator.EurekaHttpClientDecorator$1.execute(EurekaHttpClientDecorator.java:59)
	at com.netflix.discovery.shared.transport.decorator.SessionedEurekaHttpClient.execute(SessionedEurekaHttpClient.java:77)
	at com.netflix.discovery.shared.transport.decorator.EurekaHttpClientDecorator.register(EurekaHttpClientDecorator.java:56)
	at com.netflix.discovery.DiscoveryClient.register(DiscoveryClient.java:820)
	at com.netflix.discovery.InstanceInfoReplicator.run(InstanceInfoReplicator.java:121)
	at com.netflix.discovery.InstanceInfoReplicator$1.run(InstanceInfoReplicator.java:101)
	at java.base/java.util.concurrent.Executors$RunnableAdapter.call(Executors.java:572)
	at java.base/java.util.concurrent.FutureTask.run(FutureTask.java:317)
	at java.base/java.util.concurrent.ScheduledThreadPoolExecutor$ScheduledFutureTask.run(ScheduledThreadPoolExecutor.java:304)
	at java.base/java.util.concurrent.ThreadPoolExecutor.runWorker(ThreadPoolExecutor.java:1144)
	at java.base/java.util.concurrent.ThreadPoolExecutor$Worker.run(ThreadPoolExecutor.java:642)
	at java.base/java.lang.Thread.run(Thread.java:1583)
Caused by: org.apache.hc.client5.http.HttpHostConnectException: Connect to http://localhost:9999 [localhost/127.0.0.1, localhost/0:0:0:0:0:0:0:1] failed: Connection refused: getsockopt
	at java.base/sun.nio.ch.Net.pollConnect(Native Method)
	at java.base/sun.nio.ch.Net.pollConnectNow(Net.java:682)
	at java.base/sun.nio.ch.NioSocketImpl.timedFinishConnect(NioSocketImpl.java:542)
	at java.base/sun.nio.ch.NioSocketImpl.connect(NioSocketImpl.java:592)
	at java.base/java.net.SocksSocketImpl.connect(SocksSocketImpl.java:327)
	at java.base/java.net.Socket.connect(Socket.java:751)
	at org.apache.hc.client5.http.socket.PlainConnectionSocketFactory.lambda$connectSocket$0(PlainConnectionSocketFactory.java:91)
	at java.base/java.security.AccessController.doPrivileged(AccessController.java:571)
	at org.apache.hc.client5.http.socket.PlainConnectionSocketFactory.connectSocket(PlainConnectionSocketFactory.java:90)
	at org.apache.hc.client5.http.socket.ConnectionSocketFactory.connectSocket(ConnectionSocketFactory.java:123)
	at org.apache.hc.client5.http.impl.io.DefaultHttpClientConnectionOperator.connect(DefaultHttpClientConnectionOperator.java:189)
	at org.apache.hc.client5.http.impl.io.PoolingHttpClientConnectionManager.connect(PoolingHttpClientConnectionManager.java:450)
	at org.apache.hc.client5.http.impl.classic.InternalExecRuntime.connectEndpoint(InternalExecRuntime.java:162)
	at org.apache.hc.client5.http.impl.classic.InternalExecRuntime.connectEndpoint(InternalExecRuntime.java:172)
	at org.apache.hc.client5.http.impl.classic.ConnectExec.execute(ConnectExec.java:142)
	at org.apache.hc.client5.http.impl.classic.ExecChainElement.execute(ExecChainElement.java:51)
	at org.apache.hc.client5.http.impl.classic.ProtocolExec.execute(ProtocolExec.java:192)
	at org.apache.hc.client5.http.impl.classic.ExecChainElement.execute(ExecChainElement.java:51)
	at org.apache.hc.client5.http.impl.classic.HttpRequestRetryExec.execute(HttpRequestRetryExec.java:113)
	at org.apache.hc.client5.http.impl.classic.ExecChainElement.execute(ExecChainElement.java:51)
	at org.apache.hc.client5.http.impl.classic.ContentCompressionExec.execute(ContentCompressionExec.java:152)
	at org.apache.hc.client5.http.impl.classic.ExecChainElement.execute(ExecChainElement.java:51)
	at org.apache.hc.client5.http.impl.classic.RedirectExec.execute(RedirectExec.java:116)
	at org.apache.hc.client5.http.impl.classic.ExecChainElement.execute(ExecChainElement.java:51)
	at org.apache.hc.client5.http.impl.classic.InternalHttpClient.doExecute(InternalHttpClient.java:170)
	at org.apache.hc.client5.http.impl.classic.CloseableHttpClient.execute(CloseableHttpClient.java:87)
	at org.apache.hc.client5.http.impl.classic.CloseableHttpClient.execute(CloseableHttpClient.java:55)
	at org.apache.hc.client5.http.classic.HttpClient.executeOpen(HttpClient.java:183)
	at org.springframework.http.client.HttpComponentsClientHttpRequest.executeInternal(HttpComponentsClientHttpRequest.java:99)
	at org.springframework.http.client.AbstractStreamingClientHttpRequest.executeInternal(AbstractStreamingClientHttpRequest.java:70)
	at org.springframework.http.client.AbstractClientHttpRequest.execute(AbstractClientHttpRequest.java:66)
	at org.springframework.http.client.InterceptingClientHttpRequest$InterceptingRequestExecution.execute(InterceptingClientHttpRequest.java:112)
	at org.springframework.cloud.netflix.eureka.http.RestTemplateTransportClientFactory.lambda$restTemplate$3(RestTemplateTransportClientFactory.java:170)
	at org.springframework.http.client.InterceptingClientHttpRequest$InterceptingRequestExecution.execute(InterceptingClientHttpRequest.java:88)
	at org.springframework.http.client.InterceptingClientHttpRequest.executeInternal(InterceptingClientHttpRequest.java:72)
	at org.springframework.http.client.AbstractBufferingClientHttpRequest.executeInternal(AbstractBufferingClientHttpRequest.java:48)
	at org.springframework.http.client.AbstractClientHttpRequest.execute(AbstractClientHttpRequest.java:66)
	at org.springframework.web.client.RestTemplate.doExecute(RestTemplate.java:889)
	... 22 more

2024-10-22T00:43:06.241+07:00  WARN 18396 --- [DiscoveryClient-InstanceInfoReplicator-0] [account-service,,]c.n.d.s.t.d.RetryableEurekaHttpClient    : Request execution failed with message: I/O error on POST request for "http://localhost:9999/eureka/apps/ACCOUNT-SERVICE": Connect to http://localhost:9999 [localhost/127.0.0.1, localhost/0:0:0:0:0:0:0:1] failed: Connection refused: getsockopt
2024-10-22T00:43:06.241+07:00  WARN 18396 --- [DiscoveryClient-InstanceInfoReplicator-0] [account-service,,]com.netflix.discovery.DiscoveryClient    : DiscoveryClient_ACCOUNT-SERVICE/DESKTOP-GDQ5MDP:account-service:9080 - registration failed Cannot execute request on any known server

com.netflix.discovery.shared.transport.TransportException: Cannot execute request on any known server
	at com.netflix.discovery.shared.transport.decorator.RetryableEurekaHttpClient.execute(RetryableEurekaHttpClient.java:112) ~[eureka-client-2.0.2.jar:2.0.2]
	at com.netflix.discovery.shared.transport.decorator.EurekaHttpClientDecorator.register(EurekaHttpClientDecorator.java:56) ~[eureka-client-2.0.2.jar:2.0.2]
	at com.netflix.discovery.shared.transport.decorator.EurekaHttpClientDecorator$1.execute(EurekaHttpClientDecorator.java:59) ~[eureka-client-2.0.2.jar:2.0.2]
	at com.netflix.discovery.shared.transport.decorator.SessionedEurekaHttpClient.execute(SessionedEurekaHttpClient.java:77) ~[eureka-client-2.0.2.jar:2.0.2]
	at com.netflix.discovery.shared.transport.decorator.EurekaHttpClientDecorator.register(EurekaHttpClientDecorator.java:56) ~[eureka-client-2.0.2.jar:2.0.2]
	at com.netflix.discovery.DiscoveryClient.register(DiscoveryClient.java:820) ~[eureka-client-2.0.2.jar:2.0.2]
	at com.netflix.discovery.InstanceInfoReplicator.run(InstanceInfoReplicator.java:121) ~[eureka-client-2.0.2.jar:2.0.2]
	at com.netflix.discovery.InstanceInfoReplicator$1.run(InstanceInfoReplicator.java:101) ~[eureka-client-2.0.2.jar:2.0.2]
	at java.base/java.util.concurrent.Executors$RunnableAdapter.call(Executors.java:572) ~[na:na]
	at java.base/java.util.concurrent.FutureTask.run(FutureTask.java:317) ~[na:na]
	at java.base/java.util.concurrent.ScheduledThreadPoolExecutor$ScheduledFutureTask.run(ScheduledThreadPoolExecutor.java:304) ~[na:na]
	at java.base/java.util.concurrent.ThreadPoolExecutor.runWorker(ThreadPoolExecutor.java:1144) ~[na:na]
	at java.base/java.util.concurrent.ThreadPoolExecutor$Worker.run(ThreadPoolExecutor.java:642) ~[na:na]
	at java.base/java.lang.Thread.run(Thread.java:1583) ~[na:na]

2024-10-22T00:43:06.242+07:00  WARN 18396 --- [DiscoveryClient-InstanceInfoReplicator-0] [account-service,,]c.n.discovery.InstanceInfoReplicator     : There was a problem with the instance info replicator

com.netflix.discovery.shared.transport.TransportException: Cannot execute request on any known server
	at com.netflix.discovery.shared.transport.decorator.RetryableEurekaHttpClient.execute(RetryableEurekaHttpClient.java:112) ~[eureka-client-2.0.2.jar:2.0.2]
	at com.netflix.discovery.shared.transport.decorator.EurekaHttpClientDecorator.register(EurekaHttpClientDecorator.java:56) ~[eureka-client-2.0.2.jar:2.0.2]
	at com.netflix.discovery.shared.transport.decorator.EurekaHttpClientDecorator$1.execute(EurekaHttpClientDecorator.java:59) ~[eureka-client-2.0.2.jar:2.0.2]
	at com.netflix.discovery.shared.transport.decorator.SessionedEurekaHttpClient.execute(SessionedEurekaHttpClient.java:77) ~[eureka-client-2.0.2.jar:2.0.2]
	at com.netflix.discovery.shared.transport.decorator.EurekaHttpClientDecorator.register(EurekaHttpClientDecorator.java:56) ~[eureka-client-2.0.2.jar:2.0.2]
	at com.netflix.discovery.DiscoveryClient.register(DiscoveryClient.java:820) ~[eureka-client-2.0.2.jar:2.0.2]
	at com.netflix.discovery.InstanceInfoReplicator.run(InstanceInfoReplicator.java:121) ~[eureka-client-2.0.2.jar:2.0.2]
	at com.netflix.discovery.InstanceInfoReplicator$1.run(InstanceInfoReplicator.java:101) ~[eureka-client-2.0.2.jar:2.0.2]
	at java.base/java.util.concurrent.Executors$RunnableAdapter.call(Executors.java:572) ~[na:na]
	at java.base/java.util.concurrent.FutureTask.run(FutureTask.java:317) ~[na:na]
	at java.base/java.util.concurrent.ScheduledThreadPoolExecutor$ScheduledFutureTask.run(ScheduledThreadPoolExecutor.java:304) ~[na:na]
	at java.base/java.util.concurrent.ThreadPoolExecutor.runWorker(ThreadPoolExecutor.java:1144) ~[na:na]
	at java.base/java.util.concurrent.ThreadPoolExecutor$Worker.run(ThreadPoolExecutor.java:642) ~[na:na]
	at java.base/java.lang.Thread.run(Thread.java:1583) ~[na:na]

2024-10-22T00:43:06.244+07:00  INFO 18396 --- [SpringApplicationShutdownHook] [account-service,,]com.netflix.discovery.DiscoveryClient    : Unregistering ...
2024-10-22T00:43:06.272+07:00  INFO 18396 --- [SpringApplicationShutdownHook] [account-service,,]c.n.d.s.t.d.RedirectingEurekaHttpClient  : Request execution error. endpoint=DefaultEndpoint{ serviceUrl='http://localhost:9999/eureka/}, exception=I/O error on DELETE request for "http://localhost:9999/eureka/apps/ACCOUNT-SERVICE/DESKTOP-GDQ5MDP:account-service:9080": Connect to http://localhost:9999 [localhost/127.0.0.1, localhost/0:0:0:0:0:0:0:1] failed: Connection refused: getsockopt stacktrace=org.springframework.web.client.ResourceAccessException: I/O error on DELETE request for "http://localhost:9999/eureka/apps/ACCOUNT-SERVICE/DESKTOP-GDQ5MDP:account-service:9080": Connect to http://localhost:9999 [localhost/127.0.0.1, localhost/0:0:0:0:0:0:0:1] failed: Connection refused: getsockopt
	at org.springframework.web.client.RestTemplate.createResourceAccessException(RestTemplate.java:915)
	at org.springframework.web.client.RestTemplate.doExecute(RestTemplate.java:895)
	at org.springframework.web.client.RestTemplate.execute(RestTemplate.java:790)
	at org.springframework.web.client.RestTemplate.exchange(RestTemplate.java:672)
	at org.springframework.cloud.netflix.eureka.http.RestTemplateEurekaHttpClient.cancel(RestTemplateEurekaHttpClient.java:87)
	at com.netflix.discovery.shared.transport.decorator.EurekaHttpClientDecorator$2.execute(EurekaHttpClientDecorator.java:74)
	at com.netflix.discovery.shared.transport.decorator.RedirectingEurekaHttpClient.executeOnNewServer(RedirectingEurekaHttpClient.java:121)
	at com.netflix.discovery.shared.transport.decorator.RedirectingEurekaHttpClient.execute(RedirectingEurekaHttpClient.java:80)
	at com.netflix.discovery.shared.transport.decorator.EurekaHttpClientDecorator.cancel(EurekaHttpClientDecorator.java:71)
	at com.netflix.discovery.shared.transport.decorator.EurekaHttpClientDecorator$2.execute(EurekaHttpClientDecorator.java:74)
	at com.netflix.discovery.shared.transport.decorator.RetryableEurekaHttpClient.execute(RetryableEurekaHttpClient.java:120)
	at com.netflix.discovery.shared.transport.decorator.EurekaHttpClientDecorator.cancel(EurekaHttpClientDecorator.java:71)
	at com.netflix.discovery.shared.transport.decorator.EurekaHttpClientDecorator$2.execute(EurekaHttpClientDecorator.java:74)
	at com.netflix.discovery.shared.transport.decorator.SessionedEurekaHttpClient.execute(SessionedEurekaHttpClient.java:77)
	at com.netflix.discovery.shared.transport.decorator.EurekaHttpClientDecorator.cancel(EurekaHttpClientDecorator.java:71)
	at com.netflix.discovery.DiscoveryClient.unregister(DiscoveryClient.java:916)
	at com.netflix.discovery.DiscoveryClient.shutdown(DiscoveryClient.java:892)
	at java.base/jdk.internal.reflect.DirectMethodHandleAccessor.invoke(DirectMethodHandleAccessor.java:103)
	at java.base/java.lang.reflect.Method.invoke(Method.java:580)
	at org.springframework.beans.factory.annotation.InitDestroyAnnotationBeanPostProcessor$LifecycleMethod.invoke(InitDestroyAnnotationBeanPostProcessor.java:457)
	at org.springframework.beans.factory.annotation.InitDestroyAnnotationBeanPostProcessor$LifecycleMetadata.invokeDestroyMethods(InitDestroyAnnotationBeanPostProcessor.java:415)
	at org.springframework.beans.factory.annotation.InitDestroyAnnotationBeanPostProcessor.postProcessBeforeDestruction(InitDestroyAnnotationBeanPostProcessor.java:239)
	at org.springframework.beans.factory.support.DisposableBeanAdapter.destroy(DisposableBeanAdapter.java:202)
	at org.springframework.beans.factory.support.DisposableBeanAdapter.run(DisposableBeanAdapter.java:195)
	at org.springframework.cloud.context.scope.GenericScope$BeanLifecycleWrapper.destroy(GenericScope.java:389)
	at org.springframework.cloud.context.scope.GenericScope.destroy(GenericScope.java:136)
	at org.springframework.beans.factory.support.DisposableBeanAdapter.destroy(DisposableBeanAdapter.java:211)
	at org.springframework.beans.factory.support.DefaultSingletonBeanRegistry.destroyBean(DefaultSingletonBeanRegistry.java:587)
	at org.springframework.beans.factory.support.DefaultSingletonBeanRegistry.destroySingleton(DefaultSingletonBeanRegistry.java:559)
	at org.springframework.beans.factory.support.DefaultListableBeanFactory.destroySingleton(DefaultListableBeanFactory.java:1202)
	at org.springframework.beans.factory.support.DefaultSingletonBeanRegistry.destroySingletons(DefaultSingletonBeanRegistry.java:520)
	at org.springframework.beans.factory.support.DefaultListableBeanFactory.destroySingletons(DefaultListableBeanFactory.java:1195)
	at org.springframework.context.support.AbstractApplicationContext.destroyBeans(AbstractApplicationContext.java:1186)
	at org.springframework.context.support.AbstractApplicationContext.doClose(AbstractApplicationContext.java:1147)
	at org.springframework.boot.web.servlet.context.ServletWebServerApplicationContext.doClose(ServletWebServerApplicationContext.java:174)
	at org.springframework.context.support.AbstractApplicationContext.close(AbstractApplicationContext.java:1093)
	at org.springframework.boot.SpringApplicationShutdownHook.closeAndWait(SpringApplicationShutdownHook.java:145)
	at java.base/java.lang.Iterable.forEach(Iterable.java:75)
	at org.springframework.boot.SpringApplicationShutdownHook.run(SpringApplicationShutdownHook.java:114)
	at java.base/java.lang.Thread.run(Thread.java:1583)
Caused by: org.apache.hc.client5.http.HttpHostConnectException: Connect to http://localhost:9999 [localhost/127.0.0.1, localhost/0:0:0:0:0:0:0:1] failed: Connection refused: getsockopt
	at java.base/sun.nio.ch.Net.pollConnect(Native Method)
	at java.base/sun.nio.ch.Net.pollConnectNow(Net.java:682)
	at java.base/sun.nio.ch.NioSocketImpl.timedFinishConnect(NioSocketImpl.java:542)
	at java.base/sun.nio.ch.NioSocketImpl.connect(NioSocketImpl.java:592)
	at java.base/java.net.SocksSocketImpl.connect(SocksSocketImpl.java:327)
	at java.base/java.net.Socket.connect(Socket.java:751)
	at org.apache.hc.client5.http.socket.PlainConnectionSocketFactory.lambda$connectSocket$0(PlainConnectionSocketFactory.java:91)
	at java.base/java.security.AccessController.doPrivileged(AccessController.java:571)
	at org.apache.hc.client5.http.socket.PlainConnectionSocketFactory.connectSocket(PlainConnectionSocketFactory.java:90)
	at org.apache.hc.client5.http.socket.ConnectionSocketFactory.connectSocket(ConnectionSocketFactory.java:123)
	at org.apache.hc.client5.http.impl.io.DefaultHttpClientConnectionOperator.connect(DefaultHttpClientConnectionOperator.java:189)
	at org.apache.hc.client5.http.impl.io.PoolingHttpClientConnectionManager.connect(PoolingHttpClientConnectionManager.java:450)
	at org.apache.hc.client5.http.impl.classic.InternalExecRuntime.connectEndpoint(InternalExecRuntime.java:162)
	at org.apache.hc.client5.http.impl.classic.InternalExecRuntime.connectEndpoint(InternalExecRuntime.java:172)
	at org.apache.hc.client5.http.impl.classic.ConnectExec.execute(ConnectExec.java:142)
	at org.apache.hc.client5.http.impl.classic.ExecChainElement.execute(ExecChainElement.java:51)
	at org.apache.hc.client5.http.impl.classic.ProtocolExec.execute(ProtocolExec.java:192)
	at org.apache.hc.client5.http.impl.classic.ExecChainElement.execute(ExecChainElement.java:51)
	at org.apache.hc.client5.http.impl.classic.HttpRequestRetryExec.execute(HttpRequestRetryExec.java:113)
	at org.apache.hc.client5.http.impl.classic.ExecChainElement.execute(ExecChainElement.java:51)
	at org.apache.hc.client5.http.impl.classic.ContentCompressionExec.execute(ContentCompressionExec.java:152)
	at org.apache.hc.client5.http.impl.classic.ExecChainElement.execute(ExecChainElement.java:51)
	at org.apache.hc.client5.http.impl.classic.RedirectExec.execute(RedirectExec.java:116)
	at org.apache.hc.client5.http.impl.classic.ExecChainElement.execute(ExecChainElement.java:51)
	at org.apache.hc.client5.http.impl.classic.InternalHttpClient.doExecute(InternalHttpClient.java:170)
	at org.apache.hc.client5.http.impl.classic.CloseableHttpClient.execute(CloseableHttpClient.java:87)
	at org.apache.hc.client5.http.impl.classic.CloseableHttpClient.execute(CloseableHttpClient.java:55)
	at org.apache.hc.client5.http.classic.HttpClient.executeOpen(HttpClient.java:183)
	at org.springframework.http.client.HttpComponentsClientHttpRequest.executeInternal(HttpComponentsClientHttpRequest.java:99)
	at org.springframework.http.client.AbstractStreamingClientHttpRequest.executeInternal(AbstractStreamingClientHttpRequest.java:70)
	at org.springframework.http.client.AbstractClientHttpRequest.execute(AbstractClientHttpRequest.java:66)
	at org.springframework.http.client.InterceptingClientHttpRequest$InterceptingRequestExecution.execute(InterceptingClientHttpRequest.java:112)
	at org.springframework.cloud.netflix.eureka.http.RestTemplateTransportClientFactory.lambda$restTemplate$3(RestTemplateTransportClientFactory.java:170)
	at org.springframework.http.client.InterceptingClientHttpRequest$InterceptingRequestExecution.execute(InterceptingClientHttpRequest.java:88)
	at org.springframework.http.client.InterceptingClientHttpRequest.executeInternal(InterceptingClientHttpRequest.java:72)
	at org.springframework.http.client.AbstractBufferingClientHttpRequest.executeInternal(AbstractBufferingClientHttpRequest.java:48)
	at org.springframework.http.client.AbstractClientHttpRequest.execute(AbstractClientHttpRequest.java:66)
	at org.springframework.web.client.RestTemplate.doExecute(RestTemplate.java:889)
	... 38 more

2024-10-22T00:43:06.272+07:00  WARN 18396 --- [SpringApplicationShutdownHook] [account-service,,]c.n.d.s.t.d.RetryableEurekaHttpClient    : Request execution failed with message: I/O error on DELETE request for "http://localhost:9999/eureka/apps/ACCOUNT-SERVICE/DESKTOP-GDQ5MDP:account-service:9080": Connect to http://localhost:9999 [localhost/127.0.0.1, localhost/0:0:0:0:0:0:0:1] failed: Connection refused: getsockopt
2024-10-22T00:43:06.272+07:00 ERROR 18396 --- [SpringApplicationShutdownHook] [account-service,,]com.netflix.discovery.DiscoveryClient    : DiscoveryClient_ACCOUNT-SERVICE/DESKTOP-GDQ5MDP:account-service:9080 - de-registration failedCannot execute request on any known server

com.netflix.discovery.shared.transport.TransportException: Cannot execute request on any known server
	at com.netflix.discovery.shared.transport.decorator.RetryableEurekaHttpClient.execute(RetryableEurekaHttpClient.java:112) ~[eureka-client-2.0.2.jar:2.0.2]
	at com.netflix.discovery.shared.transport.decorator.EurekaHttpClientDecorator.cancel(EurekaHttpClientDecorator.java:71) ~[eureka-client-2.0.2.jar:2.0.2]
	at com.netflix.discovery.shared.transport.decorator.EurekaHttpClientDecorator$2.execute(EurekaHttpClientDecorator.java:74) ~[eureka-client-2.0.2.jar:2.0.2]
	at com.netflix.discovery.shared.transport.decorator.SessionedEurekaHttpClient.execute(SessionedEurekaHttpClient.java:77) ~[eureka-client-2.0.2.jar:2.0.2]
	at com.netflix.discovery.shared.transport.decorator.EurekaHttpClientDecorator.cancel(EurekaHttpClientDecorator.java:71) ~[eureka-client-2.0.2.jar:2.0.2]
	at com.netflix.discovery.DiscoveryClient.unregister(DiscoveryClient.java:916) ~[eureka-client-2.0.2.jar:2.0.2]
	at com.netflix.discovery.DiscoveryClient.shutdown(DiscoveryClient.java:892) ~[eureka-client-2.0.2.jar:2.0.2]
	at java.base/jdk.internal.reflect.DirectMethodHandleAccessor.invoke(DirectMethodHandleAccessor.java:103) ~[na:na]
	at java.base/java.lang.reflect.Method.invoke(Method.java:580) ~[na:na]
	at org.springframework.beans.factory.annotation.InitDestroyAnnotationBeanPostProcessor$LifecycleMethod.invoke(InitDestroyAnnotationBeanPostProcessor.java:457) ~[spring-beans-6.1.10.jar:6.1.10]
	at org.springframework.beans.factory.annotation.InitDestroyAnnotationBeanPostProcessor$LifecycleMetadata.invokeDestroyMethods(InitDestroyAnnotationBeanPostProcessor.java:415) ~[spring-beans-6.1.10.jar:6.1.10]
	at org.springframework.beans.factory.annotation.InitDestroyAnnotationBeanPostProcessor.postProcessBeforeDestruction(InitDestroyAnnotationBeanPostProcessor.java:239) ~[spring-beans-6.1.10.jar:6.1.10]
	at org.springframework.beans.factory.support.DisposableBeanAdapter.destroy(DisposableBeanAdapter.java:202) ~[spring-beans-6.1.10.jar:6.1.10]
	at org.springframework.beans.factory.support.DisposableBeanAdapter.run(DisposableBeanAdapter.java:195) ~[spring-beans-6.1.10.jar:6.1.10]
	at org.springframework.cloud.context.scope.GenericScope$BeanLifecycleWrapper.destroy(GenericScope.java:389) ~[spring-cloud-context-4.1.3.jar:4.1.3]
	at org.springframework.cloud.context.scope.GenericScope.destroy(GenericScope.java:136) ~[spring-cloud-context-4.1.3.jar:4.1.3]
	at org.springframework.beans.factory.support.DisposableBeanAdapter.destroy(DisposableBeanAdapter.java:211) ~[spring-beans-6.1.10.jar:6.1.10]
	at org.springframework.beans.factory.support.DefaultSingletonBeanRegistry.destroyBean(DefaultSingletonBeanRegistry.java:587) ~[spring-beans-6.1.10.jar:6.1.10]
	at org.springframework.beans.factory.support.DefaultSingletonBeanRegistry.destroySingleton(DefaultSingletonBeanRegistry.java:559) ~[spring-beans-6.1.10.jar:6.1.10]
	at org.springframework.beans.factory.support.DefaultListableBeanFactory.destroySingleton(DefaultListableBeanFactory.java:1202) ~[spring-beans-6.1.10.jar:6.1.10]
	at org.springframework.beans.factory.support.DefaultSingletonBeanRegistry.destroySingletons(DefaultSingletonBeanRegistry.java:520) ~[spring-beans-6.1.10.jar:6.1.10]
	at org.springframework.beans.factory.support.DefaultListableBeanFactory.destroySingletons(DefaultListableBeanFactory.java:1195) ~[spring-beans-6.1.10.jar:6.1.10]
	at org.springframework.context.support.AbstractApplicationContext.destroyBeans(AbstractApplicationContext.java:1186) ~[spring-context-6.1.10.jar:6.1.10]
	at org.springframework.context.support.AbstractApplicationContext.doClose(AbstractApplicationContext.java:1147) ~[spring-context-6.1.10.jar:6.1.10]
	at org.springframework.boot.web.servlet.context.ServletWebServerApplicationContext.doClose(ServletWebServerApplicationContext.java:174) ~[spring-boot-3.3.1.jar:3.3.1]
	at org.springframework.context.support.AbstractApplicationContext.close(AbstractApplicationContext.java:1093) ~[spring-context-6.1.10.jar:6.1.10]
	at org.springframework.boot.SpringApplicationShutdownHook.closeAndWait(SpringApplicationShutdownHook.java:145) ~[spring-boot-3.3.1.jar:3.3.1]
	at java.base/java.lang.Iterable.forEach(Iterable.java:75) ~[na:na]
	at org.springframework.boot.SpringApplicationShutdownHook.run(SpringApplicationShutdownHook.java:114) ~[spring-boot-3.3.1.jar:3.3.1]
	at java.base/java.lang.Thread.run(Thread.java:1583) ~[na:na]

2024-10-22T00:43:06.275+07:00  INFO 18396 --- [SpringApplicationShutdownHook] [account-service,,]com.netflix.discovery.DiscoveryClient    : Completed shut down of DiscoveryClient
2024-10-22T00:43:10.918+07:00  INFO 23316 --- [SpringApplicationShutdownHook] [account-service,,]o.s.c.n.e.s.EurekaServiceRegistry        : Unregistering application ACCOUNT-SERVICE with eureka with status DOWN
2024-10-22T00:43:10.918+07:00  INFO 23316 --- [SpringApplicationShutdownHook] [account-service,,]com.netflix.discovery.DiscoveryClient    : Saw local status change event StatusChangeEvent [timestamp=1729532590918, current=DOWN, previous=UP]
2024-10-22T00:43:10.918+07:00  INFO 23316 --- [DiscoveryClient-InstanceInfoReplicator-0] [account-service,,]com.netflix.discovery.DiscoveryClient    : DiscoveryClient_ACCOUNT-SERVICE/DESKTOP-GDQ5MDP:account-service:9081: registering service...
2024-10-22T00:43:10.929+07:00  INFO 23316 --- [SpringApplicationShutdownHook] [account-service,,]j.LocalContainerEntityManagerFactoryBean : Closing JPA EntityManagerFactory for persistence unit 'default'
2024-10-22T00:43:10.931+07:00  INFO 23316 --- [SpringApplicationShutdownHook] [account-service,,]com.zaxxer.hikari.HikariDataSource       : HikariPool-1 - Shutdown initiated...
2024-10-22T00:43:10.935+07:00  INFO 23316 --- [SpringApplicationShutdownHook] [account-service,,]com.zaxxer.hikari.HikariDataSource       : HikariPool-1 - Shutdown completed.
2024-10-22T00:43:10.936+07:00  INFO 23316 --- [SpringApplicationShutdownHook] [account-service,,]com.netflix.discovery.DiscoveryClient    : Shutting down DiscoveryClient ...
2024-10-22T00:43:10.937+07:00  INFO 23316 --- [DiscoveryClient-InstanceInfoReplicator-0] [account-service,,]c.n.d.s.t.d.RedirectingEurekaHttpClient  : Request execution error. endpoint=DefaultEndpoint{ serviceUrl='http://localhost:9999/eureka/} exception=I/O error on POST request for "http://localhost:9999/eureka/apps/ACCOUNT-SERVICE": Connect to http://localhost:9999 [localhost/127.0.0.1, localhost/0:0:0:0:0:0:0:1] failed: Connection refused: getsockopt stacktrace=org.springframework.web.client.ResourceAccessException: I/O error on POST request for "http://localhost:9999/eureka/apps/ACCOUNT-SERVICE": Connect to http://localhost:9999 [localhost/127.0.0.1, localhost/0:0:0:0:0:0:0:1] failed: Connection refused: getsockopt
	at org.springframework.web.client.RestTemplate.createResourceAccessException(RestTemplate.java:915)
	at org.springframework.web.client.RestTemplate.doExecute(RestTemplate.java:895)
	at org.springframework.web.client.RestTemplate.execute(RestTemplate.java:790)
	at org.springframework.web.client.RestTemplate.exchange(RestTemplate.java:672)
	at org.springframework.cloud.netflix.eureka.http.RestTemplateEurekaHttpClient.register(RestTemplateEurekaHttpClient.java:77)
	at com.netflix.discovery.shared.transport.decorator.EurekaHttpClientDecorator$1.execute(EurekaHttpClientDecorator.java:59)
	at com.netflix.discovery.shared.transport.decorator.RedirectingEurekaHttpClient.execute(RedirectingEurekaHttpClient.java:91)
	at com.netflix.discovery.shared.transport.decorator.EurekaHttpClientDecorator.register(EurekaHttpClientDecorator.java:56)
	at com.netflix.discovery.shared.transport.decorator.EurekaHttpClientDecorator$1.execute(EurekaHttpClientDecorator.java:59)
	at com.netflix.discovery.shared.transport.decorator.RetryableEurekaHttpClient.execute(RetryableEurekaHttpClient.java:120)
	at com.netflix.discovery.shared.transport.decorator.EurekaHttpClientDecorator.register(EurekaHttpClientDecorator.java:56)
	at com.netflix.discovery.shared.transport.decorator.EurekaHttpClientDecorator$1.execute(EurekaHttpClientDecorator.java:59)
	at com.netflix.discovery.shared.transport.decorator.SessionedEurekaHttpClient.execute(SessionedEurekaHttpClient.java:77)
	at com.netflix.discovery.shared.transport.decorator.EurekaHttpClientDecorator.register(EurekaHttpClientDecorator.java:56)
	at com.netflix.discovery.DiscoveryClient.register(DiscoveryClient.java:820)
	at com.netflix.discovery.InstanceInfoReplicator.run(InstanceInfoReplicator.java:121)
	at com.netflix.discovery.InstanceInfoReplicator$1.run(InstanceInfoReplicator.java:101)
	at java.base/java.util.concurrent.Executors$RunnableAdapter.call(Executors.java:572)
	at java.base/java.util.concurrent.FutureTask.run(FutureTask.java:317)
	at java.base/java.util.concurrent.ScheduledThreadPoolExecutor$ScheduledFutureTask.run(ScheduledThreadPoolExecutor.java:304)
	at java.base/java.util.concurrent.ThreadPoolExecutor.runWorker(ThreadPoolExecutor.java:1144)
	at java.base/java.util.concurrent.ThreadPoolExecutor$Worker.run(ThreadPoolExecutor.java:642)
	at java.base/java.lang.Thread.run(Thread.java:1583)
Caused by: org.apache.hc.client5.http.HttpHostConnectException: Connect to http://localhost:9999 [localhost/127.0.0.1, localhost/0:0:0:0:0:0:0:1] failed: Connection refused: getsockopt
	at java.base/sun.nio.ch.Net.pollConnect(Native Method)
	at java.base/sun.nio.ch.Net.pollConnectNow(Net.java:682)
	at java.base/sun.nio.ch.NioSocketImpl.timedFinishConnect(NioSocketImpl.java:542)
	at java.base/sun.nio.ch.NioSocketImpl.connect(NioSocketImpl.java:592)
	at java.base/java.net.SocksSocketImpl.connect(SocksSocketImpl.java:327)
	at java.base/java.net.Socket.connect(Socket.java:751)
	at org.apache.hc.client5.http.socket.PlainConnectionSocketFactory.lambda$connectSocket$0(PlainConnectionSocketFactory.java:91)
	at java.base/java.security.AccessController.doPrivileged(AccessController.java:571)
	at org.apache.hc.client5.http.socket.PlainConnectionSocketFactory.connectSocket(PlainConnectionSocketFactory.java:90)
	at org.apache.hc.client5.http.socket.ConnectionSocketFactory.connectSocket(ConnectionSocketFactory.java:123)
	at org.apache.hc.client5.http.impl.io.DefaultHttpClientConnectionOperator.connect(DefaultHttpClientConnectionOperator.java:189)
	at org.apache.hc.client5.http.impl.io.PoolingHttpClientConnectionManager.connect(PoolingHttpClientConnectionManager.java:450)
	at org.apache.hc.client5.http.impl.classic.InternalExecRuntime.connectEndpoint(InternalExecRuntime.java:162)
	at org.apache.hc.client5.http.impl.classic.InternalExecRuntime.connectEndpoint(InternalExecRuntime.java:172)
	at org.apache.hc.client5.http.impl.classic.ConnectExec.execute(ConnectExec.java:142)
	at org.apache.hc.client5.http.impl.classic.ExecChainElement.execute(ExecChainElement.java:51)
	at org.apache.hc.client5.http.impl.classic.ProtocolExec.execute(ProtocolExec.java:192)
	at org.apache.hc.client5.http.impl.classic.ExecChainElement.execute(ExecChainElement.java:51)
	at org.apache.hc.client5.http.impl.classic.HttpRequestRetryExec.execute(HttpRequestRetryExec.java:113)
	at org.apache.hc.client5.http.impl.classic.ExecChainElement.execute(ExecChainElement.java:51)
	at org.apache.hc.client5.http.impl.classic.ContentCompressionExec.execute(ContentCompressionExec.java:152)
	at org.apache.hc.client5.http.impl.classic.ExecChainElement.execute(ExecChainElement.java:51)
	at org.apache.hc.client5.http.impl.classic.RedirectExec.execute(RedirectExec.java:116)
	at org.apache.hc.client5.http.impl.classic.ExecChainElement.execute(ExecChainElement.java:51)
	at org.apache.hc.client5.http.impl.classic.InternalHttpClient.doExecute(InternalHttpClient.java:170)
	at org.apache.hc.client5.http.impl.classic.CloseableHttpClient.execute(CloseableHttpClient.java:87)
	at org.apache.hc.client5.http.impl.classic.CloseableHttpClient.execute(CloseableHttpClient.java:55)
	at org.apache.hc.client5.http.classic.HttpClient.executeOpen(HttpClient.java:183)
	at org.springframework.http.client.HttpComponentsClientHttpRequest.executeInternal(HttpComponentsClientHttpRequest.java:99)
	at org.springframework.http.client.AbstractStreamingClientHttpRequest.executeInternal(AbstractStreamingClientHttpRequest.java:70)
	at org.springframework.http.client.AbstractClientHttpRequest.execute(AbstractClientHttpRequest.java:66)
	at org.springframework.http.client.InterceptingClientHttpRequest$InterceptingRequestExecution.execute(InterceptingClientHttpRequest.java:112)
	at org.springframework.cloud.netflix.eureka.http.RestTemplateTransportClientFactory.lambda$restTemplate$3(RestTemplateTransportClientFactory.java:170)
	at org.springframework.http.client.InterceptingClientHttpRequest$InterceptingRequestExecution.execute(InterceptingClientHttpRequest.java:88)
	at org.springframework.http.client.InterceptingClientHttpRequest.executeInternal(InterceptingClientHttpRequest.java:72)
	at org.springframework.http.client.AbstractBufferingClientHttpRequest.executeInternal(AbstractBufferingClientHttpRequest.java:48)
	at org.springframework.http.client.AbstractClientHttpRequest.execute(AbstractClientHttpRequest.java:66)
	at org.springframework.web.client.RestTemplate.doExecute(RestTemplate.java:889)
	... 21 more

2024-10-22T00:43:10.937+07:00  WARN 23316 --- [DiscoveryClient-InstanceInfoReplicator-0] [account-service,,]c.n.d.s.t.d.RetryableEurekaHttpClient    : Request execution failed with message: I/O error on POST request for "http://localhost:9999/eureka/apps/ACCOUNT-SERVICE": Connect to http://localhost:9999 [localhost/127.0.0.1, localhost/0:0:0:0:0:0:0:1] failed: Connection refused: getsockopt
2024-10-22T00:43:10.943+07:00  INFO 23316 --- [DiscoveryClient-InstanceInfoReplicator-0] [account-service,,]c.n.d.s.t.d.RedirectingEurekaHttpClient  : Request execution error. endpoint=DefaultEndpoint{ serviceUrl='http://localhost:9999/eureka/}, exception=I/O error on POST request for "http://localhost:9999/eureka/apps/ACCOUNT-SERVICE": Connect to http://localhost:9999 [localhost/127.0.0.1, localhost/0:0:0:0:0:0:0:1] failed: Connection refused: getsockopt stacktrace=org.springframework.web.client.ResourceAccessException: I/O error on POST request for "http://localhost:9999/eureka/apps/ACCOUNT-SERVICE": Connect to http://localhost:9999 [localhost/127.0.0.1, localhost/0:0:0:0:0:0:0:1] failed: Connection refused: getsockopt
	at org.springframework.web.client.RestTemplate.createResourceAccessException(RestTemplate.java:915)
	at org.springframework.web.client.RestTemplate.doExecute(RestTemplate.java:895)
	at org.springframework.web.client.RestTemplate.execute(RestTemplate.java:790)
	at org.springframework.web.client.RestTemplate.exchange(RestTemplate.java:672)
	at org.springframework.cloud.netflix.eureka.http.RestTemplateEurekaHttpClient.register(RestTemplateEurekaHttpClient.java:77)
	at com.netflix.discovery.shared.transport.decorator.EurekaHttpClientDecorator$1.execute(EurekaHttpClientDecorator.java:59)
	at com.netflix.discovery.shared.transport.decorator.RedirectingEurekaHttpClient.executeOnNewServer(RedirectingEurekaHttpClient.java:121)
	at com.netflix.discovery.shared.transport.decorator.RedirectingEurekaHttpClient.execute(RedirectingEurekaHttpClient.java:80)
	at com.netflix.discovery.shared.transport.decorator.EurekaHttpClientDecorator.register(EurekaHttpClientDecorator.java:56)
	at com.netflix.discovery.shared.transport.decorator.EurekaHttpClientDecorator$1.execute(EurekaHttpClientDecorator.java:59)
	at com.netflix.discovery.shared.transport.decorator.RetryableEurekaHttpClient.execute(RetryableEurekaHttpClient.java:120)
	at com.netflix.discovery.shared.transport.decorator.EurekaHttpClientDecorator.register(EurekaHttpClientDecorator.java:56)
	at com.netflix.discovery.shared.transport.decorator.EurekaHttpClientDecorator$1.execute(EurekaHttpClientDecorator.java:59)
	at com.netflix.discovery.shared.transport.decorator.SessionedEurekaHttpClient.execute(SessionedEurekaHttpClient.java:77)
	at com.netflix.discovery.shared.transport.decorator.EurekaHttpClientDecorator.register(EurekaHttpClientDecorator.java:56)
	at com.netflix.discovery.DiscoveryClient.register(DiscoveryClient.java:820)
	at com.netflix.discovery.InstanceInfoReplicator.run(InstanceInfoReplicator.java:121)
	at com.netflix.discovery.InstanceInfoReplicator$1.run(InstanceInfoReplicator.java:101)
	at java.base/java.util.concurrent.Executors$RunnableAdapter.call(Executors.java:572)
	at java.base/java.util.concurrent.FutureTask.run(FutureTask.java:317)
	at java.base/java.util.concurrent.ScheduledThreadPoolExecutor$ScheduledFutureTask.run(ScheduledThreadPoolExecutor.java:304)
	at java.base/java.util.concurrent.ThreadPoolExecutor.runWorker(ThreadPoolExecutor.java:1144)
	at java.base/java.util.concurrent.ThreadPoolExecutor$Worker.run(ThreadPoolExecutor.java:642)
	at java.base/java.lang.Thread.run(Thread.java:1583)
Caused by: org.apache.hc.client5.http.HttpHostConnectException: Connect to http://localhost:9999 [localhost/127.0.0.1, localhost/0:0:0:0:0:0:0:1] failed: Connection refused: getsockopt
	at java.base/sun.nio.ch.Net.pollConnect(Native Method)
	at java.base/sun.nio.ch.Net.pollConnectNow(Net.java:682)
	at java.base/sun.nio.ch.NioSocketImpl.timedFinishConnect(NioSocketImpl.java:542)
	at java.base/sun.nio.ch.NioSocketImpl.connect(NioSocketImpl.java:592)
	at java.base/java.net.SocksSocketImpl.connect(SocksSocketImpl.java:327)
	at java.base/java.net.Socket.connect(Socket.java:751)
	at org.apache.hc.client5.http.socket.PlainConnectionSocketFactory.lambda$connectSocket$0(PlainConnectionSocketFactory.java:91)
	at java.base/java.security.AccessController.doPrivileged(AccessController.java:571)
	at org.apache.hc.client5.http.socket.PlainConnectionSocketFactory.connectSocket(PlainConnectionSocketFactory.java:90)
	at org.apache.hc.client5.http.socket.ConnectionSocketFactory.connectSocket(ConnectionSocketFactory.java:123)
	at org.apache.hc.client5.http.impl.io.DefaultHttpClientConnectionOperator.connect(DefaultHttpClientConnectionOperator.java:189)
	at org.apache.hc.client5.http.impl.io.PoolingHttpClientConnectionManager.connect(PoolingHttpClientConnectionManager.java:450)
	at org.apache.hc.client5.http.impl.classic.InternalExecRuntime.connectEndpoint(InternalExecRuntime.java:162)
	at org.apache.hc.client5.http.impl.classic.InternalExecRuntime.connectEndpoint(InternalExecRuntime.java:172)
	at org.apache.hc.client5.http.impl.classic.ConnectExec.execute(ConnectExec.java:142)
	at org.apache.hc.client5.http.impl.classic.ExecChainElement.execute(ExecChainElement.java:51)
	at org.apache.hc.client5.http.impl.classic.ProtocolExec.execute(ProtocolExec.java:192)
	at org.apache.hc.client5.http.impl.classic.ExecChainElement.execute(ExecChainElement.java:51)
	at org.apache.hc.client5.http.impl.classic.HttpRequestRetryExec.execute(HttpRequestRetryExec.java:113)
	at org.apache.hc.client5.http.impl.classic.ExecChainElement.execute(ExecChainElement.java:51)
	at org.apache.hc.client5.http.impl.classic.ContentCompressionExec.execute(ContentCompressionExec.java:152)
	at org.apache.hc.client5.http.impl.classic.ExecChainElement.execute(ExecChainElement.java:51)
	at org.apache.hc.client5.http.impl.classic.RedirectExec.execute(RedirectExec.java:116)
	at org.apache.hc.client5.http.impl.classic.ExecChainElement.execute(ExecChainElement.java:51)
	at org.apache.hc.client5.http.impl.classic.InternalHttpClient.doExecute(InternalHttpClient.java:170)
	at org.apache.hc.client5.http.impl.classic.CloseableHttpClient.execute(CloseableHttpClient.java:87)
	at org.apache.hc.client5.http.impl.classic.CloseableHttpClient.execute(CloseableHttpClient.java:55)
	at org.apache.hc.client5.http.classic.HttpClient.executeOpen(HttpClient.java:183)
	at org.springframework.http.client.HttpComponentsClientHttpRequest.executeInternal(HttpComponentsClientHttpRequest.java:99)
	at org.springframework.http.client.AbstractStreamingClientHttpRequest.executeInternal(AbstractStreamingClientHttpRequest.java:70)
	at org.springframework.http.client.AbstractClientHttpRequest.execute(AbstractClientHttpRequest.java:66)
	at org.springframework.http.client.InterceptingClientHttpRequest$InterceptingRequestExecution.execute(InterceptingClientHttpRequest.java:112)
	at org.springframework.cloud.netflix.eureka.http.RestTemplateTransportClientFactory.lambda$restTemplate$3(RestTemplateTransportClientFactory.java:170)
	at org.springframework.http.client.InterceptingClientHttpRequest$InterceptingRequestExecution.execute(InterceptingClientHttpRequest.java:88)
	at org.springframework.http.client.InterceptingClientHttpRequest.executeInternal(InterceptingClientHttpRequest.java:72)
	at org.springframework.http.client.AbstractBufferingClientHttpRequest.executeInternal(AbstractBufferingClientHttpRequest.java:48)
	at org.springframework.http.client.AbstractClientHttpRequest.execute(AbstractClientHttpRequest.java:66)
	at org.springframework.web.client.RestTemplate.doExecute(RestTemplate.java:889)
	... 22 more

2024-10-22T00:43:10.943+07:00  WARN 23316 --- [DiscoveryClient-InstanceInfoReplicator-0] [account-service,,]c.n.d.s.t.d.RetryableEurekaHttpClient    : Request execution failed with message: I/O error on POST request for "http://localhost:9999/eureka/apps/ACCOUNT-SERVICE": Connect to http://localhost:9999 [localhost/127.0.0.1, localhost/0:0:0:0:0:0:0:1] failed: Connection refused: getsockopt
2024-10-22T00:43:10.943+07:00  WARN 23316 --- [DiscoveryClient-InstanceInfoReplicator-0] [account-service,,]com.netflix.discovery.DiscoveryClient    : DiscoveryClient_ACCOUNT-SERVICE/DESKTOP-GDQ5MDP:account-service:9081 - registration failed Cannot execute request on any known server

com.netflix.discovery.shared.transport.TransportException: Cannot execute request on any known server
	at com.netflix.discovery.shared.transport.decorator.RetryableEurekaHttpClient.execute(RetryableEurekaHttpClient.java:112) ~[eureka-client-2.0.2.jar:2.0.2]
	at com.netflix.discovery.shared.transport.decorator.EurekaHttpClientDecorator.register(EurekaHttpClientDecorator.java:56) ~[eureka-client-2.0.2.jar:2.0.2]
	at com.netflix.discovery.shared.transport.decorator.EurekaHttpClientDecorator$1.execute(EurekaHttpClientDecorator.java:59) ~[eureka-client-2.0.2.jar:2.0.2]
	at com.netflix.discovery.shared.transport.decorator.SessionedEurekaHttpClient.execute(SessionedEurekaHttpClient.java:77) ~[eureka-client-2.0.2.jar:2.0.2]
	at com.netflix.discovery.shared.transport.decorator.EurekaHttpClientDecorator.register(EurekaHttpClientDecorator.java:56) ~[eureka-client-2.0.2.jar:2.0.2]
	at com.netflix.discovery.DiscoveryClient.register(DiscoveryClient.java:820) ~[eureka-client-2.0.2.jar:2.0.2]
	at com.netflix.discovery.InstanceInfoReplicator.run(InstanceInfoReplicator.java:121) ~[eureka-client-2.0.2.jar:2.0.2]
	at com.netflix.discovery.InstanceInfoReplicator$1.run(InstanceInfoReplicator.java:101) ~[eureka-client-2.0.2.jar:2.0.2]
	at java.base/java.util.concurrent.Executors$RunnableAdapter.call(Executors.java:572) ~[na:na]
	at java.base/java.util.concurrent.FutureTask.run(FutureTask.java:317) ~[na:na]
	at java.base/java.util.concurrent.ScheduledThreadPoolExecutor$ScheduledFutureTask.run(ScheduledThreadPoolExecutor.java:304) ~[na:na]
	at java.base/java.util.concurrent.ThreadPoolExecutor.runWorker(ThreadPoolExecutor.java:1144) ~[na:na]
	at java.base/java.util.concurrent.ThreadPoolExecutor$Worker.run(ThreadPoolExecutor.java:642) ~[na:na]
	at java.base/java.lang.Thread.run(Thread.java:1583) ~[na:na]

2024-10-22T00:43:10.945+07:00  WARN 23316 --- [DiscoveryClient-InstanceInfoReplicator-0] [account-service,,]c.n.discovery.InstanceInfoReplicator     : There was a problem with the instance info replicator

com.netflix.discovery.shared.transport.TransportException: Cannot execute request on any known server
	at com.netflix.discovery.shared.transport.decorator.RetryableEurekaHttpClient.execute(RetryableEurekaHttpClient.java:112) ~[eureka-client-2.0.2.jar:2.0.2]
	at com.netflix.discovery.shared.transport.decorator.EurekaHttpClientDecorator.register(EurekaHttpClientDecorator.java:56) ~[eureka-client-2.0.2.jar:2.0.2]
	at com.netflix.discovery.shared.transport.decorator.EurekaHttpClientDecorator$1.execute(EurekaHttpClientDecorator.java:59) ~[eureka-client-2.0.2.jar:2.0.2]
	at com.netflix.discovery.shared.transport.decorator.SessionedEurekaHttpClient.execute(SessionedEurekaHttpClient.java:77) ~[eureka-client-2.0.2.jar:2.0.2]
	at com.netflix.discovery.shared.transport.decorator.EurekaHttpClientDecorator.register(EurekaHttpClientDecorator.java:56) ~[eureka-client-2.0.2.jar:2.0.2]
	at com.netflix.discovery.DiscoveryClient.register(DiscoveryClient.java:820) ~[eureka-client-2.0.2.jar:2.0.2]
	at com.netflix.discovery.InstanceInfoReplicator.run(InstanceInfoReplicator.java:121) ~[eureka-client-2.0.2.jar:2.0.2]
	at com.netflix.discovery.InstanceInfoReplicator$1.run(InstanceInfoReplicator.java:101) ~[eureka-client-2.0.2.jar:2.0.2]
	at java.base/java.util.concurrent.Executors$RunnableAdapter.call(Executors.java:572) ~[na:na]
	at java.base/java.util.concurrent.FutureTask.run(FutureTask.java:317) ~[na:na]
	at java.base/java.util.concurrent.ScheduledThreadPoolExecutor$ScheduledFutureTask.run(ScheduledThreadPoolExecutor.java:304) ~[na:na]
	at java.base/java.util.concurrent.ThreadPoolExecutor.runWorker(ThreadPoolExecutor.java:1144) ~[na:na]
	at java.base/java.util.concurrent.ThreadPoolExecutor$Worker.run(ThreadPoolExecutor.java:642) ~[na:na]
	at java.base/java.lang.Thread.run(Thread.java:1583) ~[na:na]

2024-10-22T00:43:10.946+07:00  INFO 23316 --- [SpringApplicationShutdownHook] [account-service,,]com.netflix.discovery.DiscoveryClient    : Unregistering ...
2024-10-22T00:43:10.951+07:00  INFO 23316 --- [SpringApplicationShutdownHook] [account-service,,]c.n.d.s.t.d.RedirectingEurekaHttpClient  : Request execution error. endpoint=DefaultEndpoint{ serviceUrl='http://localhost:9999/eureka/}, exception=I/O error on DELETE request for "http://localhost:9999/eureka/apps/ACCOUNT-SERVICE/DESKTOP-GDQ5MDP:account-service:9081": Connect to http://localhost:9999 [localhost/127.0.0.1, localhost/0:0:0:0:0:0:0:1] failed: Connection refused: getsockopt stacktrace=org.springframework.web.client.ResourceAccessException: I/O error on DELETE request for "http://localhost:9999/eureka/apps/ACCOUNT-SERVICE/DESKTOP-GDQ5MDP:account-service:9081": Connect to http://localhost:9999 [localhost/127.0.0.1, localhost/0:0:0:0:0:0:0:1] failed: Connection refused: getsockopt
	at org.springframework.web.client.RestTemplate.createResourceAccessException(RestTemplate.java:915)
	at org.springframework.web.client.RestTemplate.doExecute(RestTemplate.java:895)
	at org.springframework.web.client.RestTemplate.execute(RestTemplate.java:790)
	at org.springframework.web.client.RestTemplate.exchange(RestTemplate.java:672)
	at org.springframework.cloud.netflix.eureka.http.RestTemplateEurekaHttpClient.cancel(RestTemplateEurekaHttpClient.java:87)
	at com.netflix.discovery.shared.transport.decorator.EurekaHttpClientDecorator$2.execute(EurekaHttpClientDecorator.java:74)
	at com.netflix.discovery.shared.transport.decorator.RedirectingEurekaHttpClient.executeOnNewServer(RedirectingEurekaHttpClient.java:121)
	at com.netflix.discovery.shared.transport.decorator.RedirectingEurekaHttpClient.execute(RedirectingEurekaHttpClient.java:80)
	at com.netflix.discovery.shared.transport.decorator.EurekaHttpClientDecorator.cancel(EurekaHttpClientDecorator.java:71)
	at com.netflix.discovery.shared.transport.decorator.EurekaHttpClientDecorator$2.execute(EurekaHttpClientDecorator.java:74)
	at com.netflix.discovery.shared.transport.decorator.RetryableEurekaHttpClient.execute(RetryableEurekaHttpClient.java:120)
	at com.netflix.discovery.shared.transport.decorator.EurekaHttpClientDecorator.cancel(EurekaHttpClientDecorator.java:71)
	at com.netflix.discovery.shared.transport.decorator.EurekaHttpClientDecorator$2.execute(EurekaHttpClientDecorator.java:74)
	at com.netflix.discovery.shared.transport.decorator.SessionedEurekaHttpClient.execute(SessionedEurekaHttpClient.java:77)
	at com.netflix.discovery.shared.transport.decorator.EurekaHttpClientDecorator.cancel(EurekaHttpClientDecorator.java:71)
	at com.netflix.discovery.DiscoveryClient.unregister(DiscoveryClient.java:916)
	at com.netflix.discovery.DiscoveryClient.shutdown(DiscoveryClient.java:892)
	at java.base/jdk.internal.reflect.DirectMethodHandleAccessor.invoke(DirectMethodHandleAccessor.java:103)
	at java.base/java.lang.reflect.Method.invoke(Method.java:580)
	at org.springframework.beans.factory.annotation.InitDestroyAnnotationBeanPostProcessor$LifecycleMethod.invoke(InitDestroyAnnotationBeanPostProcessor.java:457)
	at org.springframework.beans.factory.annotation.InitDestroyAnnotationBeanPostProcessor$LifecycleMetadata.invokeDestroyMethods(InitDestroyAnnotationBeanPostProcessor.java:415)
	at org.springframework.beans.factory.annotation.InitDestroyAnnotationBeanPostProcessor.postProcessBeforeDestruction(InitDestroyAnnotationBeanPostProcessor.java:239)
	at org.springframework.beans.factory.support.DisposableBeanAdapter.destroy(DisposableBeanAdapter.java:202)
	at org.springframework.beans.factory.support.DisposableBeanAdapter.run(DisposableBeanAdapter.java:195)
	at org.springframework.cloud.context.scope.GenericScope$BeanLifecycleWrapper.destroy(GenericScope.java:389)
	at org.springframework.cloud.context.scope.GenericScope.destroy(GenericScope.java:136)
	at org.springframework.beans.factory.support.DisposableBeanAdapter.destroy(DisposableBeanAdapter.java:211)
	at org.springframework.beans.factory.support.DefaultSingletonBeanRegistry.destroyBean(DefaultSingletonBeanRegistry.java:587)
	at org.springframework.beans.factory.support.DefaultSingletonBeanRegistry.destroySingleton(DefaultSingletonBeanRegistry.java:559)
	at org.springframework.beans.factory.support.DefaultListableBeanFactory.destroySingleton(DefaultListableBeanFactory.java:1202)
	at org.springframework.beans.factory.support.DefaultSingletonBeanRegistry.destroySingletons(DefaultSingletonBeanRegistry.java:520)
	at org.springframework.beans.factory.support.DefaultListableBeanFactory.destroySingletons(DefaultListableBeanFactory.java:1195)
	at org.springframework.context.support.AbstractApplicationContext.destroyBeans(AbstractApplicationContext.java:1186)
	at org.springframework.context.support.AbstractApplicationContext.doClose(AbstractApplicationContext.java:1147)
	at org.springframework.boot.web.servlet.context.ServletWebServerApplicationContext.doClose(ServletWebServerApplicationContext.java:174)
	at org.springframework.context.support.AbstractApplicationContext.close(AbstractApplicationContext.java:1093)
	at org.springframework.boot.SpringApplicationShutdownHook.closeAndWait(SpringApplicationShutdownHook.java:145)
	at java.base/java.lang.Iterable.forEach(Iterable.java:75)
	at org.springframework.boot.SpringApplicationShutdownHook.run(SpringApplicationShutdownHook.java:114)
	at java.base/java.lang.Thread.run(Thread.java:1583)
Caused by: org.apache.hc.client5.http.HttpHostConnectException: Connect to http://localhost:9999 [localhost/127.0.0.1, localhost/0:0:0:0:0:0:0:1] failed: Connection refused: getsockopt
	at java.base/sun.nio.ch.Net.pollConnect(Native Method)
	at java.base/sun.nio.ch.Net.pollConnectNow(Net.java:682)
	at java.base/sun.nio.ch.NioSocketImpl.timedFinishConnect(NioSocketImpl.java:542)
	at java.base/sun.nio.ch.NioSocketImpl.connect(NioSocketImpl.java:592)
	at java.base/java.net.SocksSocketImpl.connect(SocksSocketImpl.java:327)
	at java.base/java.net.Socket.connect(Socket.java:751)
	at org.apache.hc.client5.http.socket.PlainConnectionSocketFactory.lambda$connectSocket$0(PlainConnectionSocketFactory.java:91)
	at java.base/java.security.AccessController.doPrivileged(AccessController.java:571)
	at org.apache.hc.client5.http.socket.PlainConnectionSocketFactory.connectSocket(PlainConnectionSocketFactory.java:90)
	at org.apache.hc.client5.http.socket.ConnectionSocketFactory.connectSocket(ConnectionSocketFactory.java:123)
	at org.apache.hc.client5.http.impl.io.DefaultHttpClientConnectionOperator.connect(DefaultHttpClientConnectionOperator.java:189)
	at org.apache.hc.client5.http.impl.io.PoolingHttpClientConnectionManager.connect(PoolingHttpClientConnectionManager.java:450)
	at org.apache.hc.client5.http.impl.classic.InternalExecRuntime.connectEndpoint(InternalExecRuntime.java:162)
	at org.apache.hc.client5.http.impl.classic.InternalExecRuntime.connectEndpoint(InternalExecRuntime.java:172)
	at org.apache.hc.client5.http.impl.classic.ConnectExec.execute(ConnectExec.java:142)
	at org.apache.hc.client5.http.impl.classic.ExecChainElement.execute(ExecChainElement.java:51)
	at org.apache.hc.client5.http.impl.classic.ProtocolExec.execute(ProtocolExec.java:192)
	at org.apache.hc.client5.http.impl.classic.ExecChainElement.execute(ExecChainElement.java:51)
	at org.apache.hc.client5.http.impl.classic.HttpRequestRetryExec.execute(HttpRequestRetryExec.java:113)
	at org.apache.hc.client5.http.impl.classic.ExecChainElement.execute(ExecChainElement.java:51)
	at org.apache.hc.client5.http.impl.classic.ContentCompressionExec.execute(ContentCompressionExec.java:152)
	at org.apache.hc.client5.http.impl.classic.ExecChainElement.execute(ExecChainElement.java:51)
	at org.apache.hc.client5.http.impl.classic.RedirectExec.execute(RedirectExec.java:116)
	at org.apache.hc.client5.http.impl.classic.ExecChainElement.execute(ExecChainElement.java:51)
	at org.apache.hc.client5.http.impl.classic.InternalHttpClient.doExecute(InternalHttpClient.java:170)
	at org.apache.hc.client5.http.impl.classic.CloseableHttpClient.execute(CloseableHttpClient.java:87)
	at org.apache.hc.client5.http.impl.classic.CloseableHttpClient.execute(CloseableHttpClient.java:55)
	at org.apache.hc.client5.http.classic.HttpClient.executeOpen(HttpClient.java:183)
	at org.springframework.http.client.HttpComponentsClientHttpRequest.executeInternal(HttpComponentsClientHttpRequest.java:99)
	at org.springframework.http.client.AbstractStreamingClientHttpRequest.executeInternal(AbstractStreamingClientHttpRequest.java:70)
	at org.springframework.http.client.AbstractClientHttpRequest.execute(AbstractClientHttpRequest.java:66)
	at org.springframework.http.client.InterceptingClientHttpRequest$InterceptingRequestExecution.execute(InterceptingClientHttpRequest.java:112)
	at org.springframework.cloud.netflix.eureka.http.RestTemplateTransportClientFactory.lambda$restTemplate$3(RestTemplateTransportClientFactory.java:170)
	at org.springframework.http.client.InterceptingClientHttpRequest$InterceptingRequestExecution.execute(InterceptingClientHttpRequest.java:88)
	at org.springframework.http.client.InterceptingClientHttpRequest.executeInternal(InterceptingClientHttpRequest.java:72)
	at org.springframework.http.client.AbstractBufferingClientHttpRequest.executeInternal(AbstractBufferingClientHttpRequest.java:48)
	at org.springframework.http.client.AbstractClientHttpRequest.execute(AbstractClientHttpRequest.java:66)
	at org.springframework.web.client.RestTemplate.doExecute(RestTemplate.java:889)
	... 38 more

2024-10-22T00:43:10.951+07:00  WARN 23316 --- [SpringApplicationShutdownHook] [account-service,,]c.n.d.s.t.d.RetryableEurekaHttpClient    : Request execution failed with message: I/O error on DELETE request for "http://localhost:9999/eureka/apps/ACCOUNT-SERVICE/DESKTOP-GDQ5MDP:account-service:9081": Connect to http://localhost:9999 [localhost/127.0.0.1, localhost/0:0:0:0:0:0:0:1] failed: Connection refused: getsockopt
2024-10-22T00:43:10.951+07:00 ERROR 23316 --- [SpringApplicationShutdownHook] [account-service,,]com.netflix.discovery.DiscoveryClient    : DiscoveryClient_ACCOUNT-SERVICE/DESKTOP-GDQ5MDP:account-service:9081 - de-registration failedCannot execute request on any known server

com.netflix.discovery.shared.transport.TransportException: Cannot execute request on any known server
	at com.netflix.discovery.shared.transport.decorator.RetryableEurekaHttpClient.execute(RetryableEurekaHttpClient.java:112) ~[eureka-client-2.0.2.jar:2.0.2]
	at com.netflix.discovery.shared.transport.decorator.EurekaHttpClientDecorator.cancel(EurekaHttpClientDecorator.java:71) ~[eureka-client-2.0.2.jar:2.0.2]
	at com.netflix.discovery.shared.transport.decorator.EurekaHttpClientDecorator$2.execute(EurekaHttpClientDecorator.java:74) ~[eureka-client-2.0.2.jar:2.0.2]
	at com.netflix.discovery.shared.transport.decorator.SessionedEurekaHttpClient.execute(SessionedEurekaHttpClient.java:77) ~[eureka-client-2.0.2.jar:2.0.2]
	at com.netflix.discovery.shared.transport.decorator.EurekaHttpClientDecorator.cancel(EurekaHttpClientDecorator.java:71) ~[eureka-client-2.0.2.jar:2.0.2]
	at com.netflix.discovery.DiscoveryClient.unregister(DiscoveryClient.java:916) ~[eureka-client-2.0.2.jar:2.0.2]
	at com.netflix.discovery.DiscoveryClient.shutdown(DiscoveryClient.java:892) ~[eureka-client-2.0.2.jar:2.0.2]
	at java.base/jdk.internal.reflect.DirectMethodHandleAccessor.invoke(DirectMethodHandleAccessor.java:103) ~[na:na]
	at java.base/java.lang.reflect.Method.invoke(Method.java:580) ~[na:na]
	at org.springframework.beans.factory.annotation.InitDestroyAnnotationBeanPostProcessor$LifecycleMethod.invoke(InitDestroyAnnotationBeanPostProcessor.java:457) ~[spring-beans-6.1.10.jar:6.1.10]
	at org.springframework.beans.factory.annotation.InitDestroyAnnotationBeanPostProcessor$LifecycleMetadata.invokeDestroyMethods(InitDestroyAnnotationBeanPostProcessor.java:415) ~[spring-beans-6.1.10.jar:6.1.10]
	at org.springframework.beans.factory.annotation.InitDestroyAnnotationBeanPostProcessor.postProcessBeforeDestruction(InitDestroyAnnotationBeanPostProcessor.java:239) ~[spring-beans-6.1.10.jar:6.1.10]
	at org.springframework.beans.factory.support.DisposableBeanAdapter.destroy(DisposableBeanAdapter.java:202) ~[spring-beans-6.1.10.jar:6.1.10]
	at org.springframework.beans.factory.support.DisposableBeanAdapter.run(DisposableBeanAdapter.java:195) ~[spring-beans-6.1.10.jar:6.1.10]
	at org.springframework.cloud.context.scope.GenericScope$BeanLifecycleWrapper.destroy(GenericScope.java:389) ~[spring-cloud-context-4.1.3.jar:4.1.3]
	at org.springframework.cloud.context.scope.GenericScope.destroy(GenericScope.java:136) ~[spring-cloud-context-4.1.3.jar:4.1.3]
	at org.springframework.beans.factory.support.DisposableBeanAdapter.destroy(DisposableBeanAdapter.java:211) ~[spring-beans-6.1.10.jar:6.1.10]
	at org.springframework.beans.factory.support.DefaultSingletonBeanRegistry.destroyBean(DefaultSingletonBeanRegistry.java:587) ~[spring-beans-6.1.10.jar:6.1.10]
	at org.springframework.beans.factory.support.DefaultSingletonBeanRegistry.destroySingleton(DefaultSingletonBeanRegistry.java:559) ~[spring-beans-6.1.10.jar:6.1.10]
	at org.springframework.beans.factory.support.DefaultListableBeanFactory.destroySingleton(DefaultListableBeanFactory.java:1202) ~[spring-beans-6.1.10.jar:6.1.10]
	at org.springframework.beans.factory.support.DefaultSingletonBeanRegistry.destroySingletons(DefaultSingletonBeanRegistry.java:520) ~[spring-beans-6.1.10.jar:6.1.10]
	at org.springframework.beans.factory.support.DefaultListableBeanFactory.destroySingletons(DefaultListableBeanFactory.java:1195) ~[spring-beans-6.1.10.jar:6.1.10]
	at org.springframework.context.support.AbstractApplicationContext.destroyBeans(AbstractApplicationContext.java:1186) ~[spring-context-6.1.10.jar:6.1.10]
	at org.springframework.context.support.AbstractApplicationContext.doClose(AbstractApplicationContext.java:1147) ~[spring-context-6.1.10.jar:6.1.10]
	at org.springframework.boot.web.servlet.context.ServletWebServerApplicationContext.doClose(ServletWebServerApplicationContext.java:174) ~[spring-boot-3.3.1.jar:3.3.1]
	at org.springframework.context.support.AbstractApplicationContext.close(AbstractApplicationContext.java:1093) ~[spring-context-6.1.10.jar:6.1.10]
	at org.springframework.boot.SpringApplicationShutdownHook.closeAndWait(SpringApplicationShutdownHook.java:145) ~[spring-boot-3.3.1.jar:3.3.1]
	at java.base/java.lang.Iterable.forEach(Iterable.java:75) ~[na:na]
	at org.springframework.boot.SpringApplicationShutdownHook.run(SpringApplicationShutdownHook.java:114) ~[spring-boot-3.3.1.jar:3.3.1]
	at java.base/java.lang.Thread.run(Thread.java:1583) ~[na:na]

2024-10-22T00:43:10.953+07:00  INFO 23316 --- [SpringApplicationShutdownHook] [account-service,,]com.netflix.discovery.DiscoveryClient    : Completed shut down of DiscoveryClient
